Filename,Timestamp,Datetime,Species,SpeciesConfidence
IMAG0063.JPG,2025:12:09 16:19:02,2025-12-09 16:19:02,bird,0.22635117
IMAG2112.JPG,2026:01:09 23:53:29,2026-01-09 23:53:29,gemsbok,0.0839598
IMAG0077.JPG,2025:12:09 22:44:20,2025-12-09 22:44:20,gemsbok,0.09561194
IMAG1369.JPG,2026:01:01 22:51:01,2026-01-01 22:51:01,gemsbok,0.6629602
IMAG1355.JPG,2026:01:01 19:23:01,2026-01-01 19:23:01,common_eland,0.09614338
IMAG1396.JPG,2026:01:02 07:30:54,2026-01-02 07:30:54,bird,0.1079021
IMAG0088.JPG,2025:12:10 02:58:54,2025-12-10 02:58:54,bird,0.282313
IMAG1619.JPG,2026:01:04 13:00:24,2026-01-04 13:00:24,bird,0.34094307
IMAG2310.JPG,2026:01:13 07:48:27,2026-01-13 07:48:27,bird,0.13341351
IMAG2462.JPG,2026:01:17 06:16:31,2026-01-17 06:16:31,bird,0.52245057
IMAG2304.JPG,2026:01:13 04:30:59,2026-01-13 04:30:59,bird,0.21926156
IMAG1779.JPG,2026:01:06 15:25:33,2026-01-06 15:25:33,common_ostrich,0.15647106
IMAG2258.JPG,2026:01:12 04:15:40,2026-01-12 04:15:40,secretarybird,0.59584093
IMAG1751.JPG,2026:01:06 09:24:26,2026-01-06 09:24:26,bird,0.67815626
IMAG1751.JPG,2026:01:06 09:24:26,2026-01-06 09:24:26,gemsbok,0.47348043
IMAG1751.JPG,2026:01:06 09:24:26,2026-01-06 09:24:26,giraffe,0.58613604
IMAG1751.JPG,2026:01:06 09:24:26,2026-01-06 09:24:26,giraffe,0.72080773
IMAG1989.JPG,2026:01:08 13:59:27,2026-01-08 13:59:27,canis_species,0.19745308
IMAG1962.JPG,2026:01:08 08:04:07,2026-01-08 08:04:07,bird,0.39590618
IMAG1962.JPG,2026:01:08 08:04:07,2026-01-08 08:04:07,spotted_hyaena,0.32665816
IMAG1792.JPG,2026:01:06 17:37:19,2026-01-06 17:37:19,gemsbok,0.13143513
IMAG1786.JPG,2026:01:06 16:36:44,2026-01-06 16:36:44,bird,0.3078723
IMAG1786.JPG,2026:01:06 16:36:44,2026-01-06 16:36:44,bird,0.25843745
IMAG1553.JPG,2026:01:03 20:37:36,2026-01-03 20:37:36,bird,0.4190459
IMAG1553.JPG,2026:01:03 20:37:36,2026-01-03 20:37:36,bird,0.6160675
IMAG1547.JPG,2026:01:03 19:19:56,2026-01-03 19:19:56,bird,0.36896533
IMAG2099.JPG,2026:01:09 18:04:25,2026-01-09 18:04:25,gemsbok,0.33923438
IMAG1590.JPG,2026:01:04 06:54:33,2026-01-04 06:54:33,gemsbok,0.19110452
IMAG1591.JPG,2026:01:04 07:17:11,2026-01-04 07:17:11,canis_species,0.6279206
IMAG2098.JPG,2026:01:09 17:53:06,2026-01-09 17:53:06,common_ostrich,0.33134237
IMAG1546.JPG,2026:01:03 19:02:41,2026-01-03 19:02:41,common_wildebeest,0.45283428
IMAG2073.JPG,2026:01:09 11:18:28,2026-01-09 11:18:28,common_wildebeest,0.2225807
IMAG0102.JPG,2025:12:10 08:21:46,2025-12-10 08:21:46,common_ostrich,0.14746654
IMAG1787.JPG,2026:01:06 16:46:50,2026-01-06 16:46:50,common_wildebeest,0.28863987
IMAG1793.JPG,2026:01:06 17:47:30,2026-01-06 17:47:30,mammal,0.23696044
IMAG1744.JPG,2026:01:06 08:10:02,2026-01-06 08:10:02,hystrix_species,0.17311533
IMAG1750.JPG,2026:01:06 09:14:26,2026-01-06 09:14:26,gemsbok,0.67244387
IMAG2259.JPG,2026:01:12 04:25:41,2026-01-12 04:25:41,secretarybird,0.40166733
IMAG2265.JPG,2026:01:12 07:29:12,2026-01-12 07:29:12,gemsbok,0.6554358
IMAG1817.JPG,2026:01:07 00:39:08,2026-01-07 00:39:08,bird,0.23303646
IMAG1803.JPG,2026:01:06 19:35:15,2026-01-06 19:35:15,bird,0.43164775
IMAG1630.JPG,2026:01:04 15:30:05,2026-01-04 15:30:05,bird,0.42356575
IMAG1630.JPG,2026:01:04 15:30:05,2026-01-04 15:30:05,secretarybird,0.218578
IMAG2463.JPG,2026:01:17 06:26:31,2026-01-17 06:26:31,bird,0.45814994
IMAG2311.JPG,2026:01:13 08:08:50,2026-01-13 08:08:50,bird,0.27776602
IMAG2311.JPG,2026:01:13 08:08:50,2026-01-13 08:08:50,bird,0.46505955
IMAG1618.JPG,2026:01:04 12:45:22,2026-01-04 12:45:22,bird,0.27367607
IMAG0089.JPG,2025:12:10 03:47:54,2025-12-10 03:47:54,common_wildebeest,0.4008105
IMAG1383.JPG,2026:01:02 02:17:14,2026-01-02 02:17:14,secretarybird,0.53767794
IMAG1432.JPG,2026:01:02 14:56:12,2026-01-02 14:56:12,bird,0.41120538
IMAG1432.JPG,2026:01:02 14:56:12,2026-01-02 14:56:12,bird,0.64068395
IMAG1340.JPG,2026:01:01 16:48:20,2026-01-01 16:48:20,bird,0.528268
IMAG1340.JPG,2026:01:01 16:48:20,2026-01-01 16:48:20,bird,0.6302309
IMAG1426.JPG,2026:01:02 13:29:38,2026-01-02 13:29:38,bird,0.17809996
IMAG2107.JPG,2026:01:09 21:19:37,2026-01-09 21:19:37,bird,0.36936018
IMAG0076.JPG,2025:12:09 21:50:02,2025-12-09 21:50:02,corvus_species,0.4565333
IMAG0062.JPG,2025:12:09 15:47:35,2025-12-09 15:47:35,bird,0.21635772
IMAG0062.JPG,2025:12:09 15:47:35,2025-12-09 15:47:35,bird,0.17895976
IMAG2113.JPG,2026:01:10 00:04:46,2026-01-10 00:04:46,common_eland,0.20068413
IMAG2111.JPG,2026:01:09 23:28:00,2026-01-09 23:28:00,gemsbok,0.612907
IMAG1418.JPG,2026:01:02 11:52:02,2026-01-02 11:52:02,african_wild_cat,0.16070564
IMAG0048.JPG,2025:12:09 11:42:56,2025-12-09 11:42:56,bird,0.20388304
IMAG1356.JPG,2026:01:01 19:33:14,2026-01-01 19:33:14,tortise,0.5020005
IMAG1356.JPG,2026:01:01 19:33:14,2026-01-01 19:33:14,canis_species,0.2293144
IMAG2139.JPG,2026:01:10 05:15:12,2026-01-10 05:15:12,corvus_species,0.4061472
IMAG1430.JPG,2026:01:02 14:29:15,2026-01-02 14:29:15,plains_zebra,0.6164808
IMAG1430.JPG,2026:01:02 14:29:15,2026-01-02 14:29:15,bird,0.34553224
IMAG1430.JPG,2026:01:02 14:29:15,2026-01-02 14:29:15,bird,0.46169463
IMAG1424.JPG,2026:01:02 13:09:03,2026-01-02 13:09:03,bird,0.3202587
IMAG1342.JPG,2026:01:01 17:09:55,2026-01-01 17:09:55,bird,0.37132856
IMAG1342.JPG,2026:01:01 17:09:55,2026-01-01 17:09:55,corvus_species,0.19138218
IMAG1395.JPG,2026:01:02 07:20:05,2026-01-02 07:20:05,bird,0.43051496
IMAG1395.JPG,2026:01:02 07:20:05,2026-01-02 07:20:05,butterfly,0.61590475
IMAG1395.JPG,2026:01:02 07:20:05,2026-01-02 07:20:05,bird,0.37270945
IMAG2461.JPG,2026:01:17 06:02:25,2026-01-17 06:02:25,corvus_species,0.26879874
IMAG1632.JPG,2026:01:04 15:52:39,2026-01-04 15:52:39,bird,0.16636978
IMAG1746.JPG,2026:01:06 08:30:08,2026-01-06 08:30:08,corvus_species,0.17070557
IMAG1961.JPG,2026:01:08 07:53:14,2026-01-08 07:53:14,bird,0.16489579
IMAG1949.JPG,2026:01:08 04:32:37,2026-01-08 04:32:37,corvus_species,0.28656605
IMAG1791.JPG,2026:01:06 17:27:16,2026-01-06 17:27:16,corvus_species,0.23191944
IMAG1791.JPG,2026:01:06 17:27:16,2026-01-06 17:27:16,secretarybird,0.19031881
IMAG1791.JPG,2026:01:06 17:27:16,2026-01-06 17:27:16,bird,0.5233958
IMAG2298.JPG,2026:01:12 20:59:37,2026-01-12 20:59:37,common_wildebeest,0.29094616
IMAG0100.JPG,2025:12:10 08:00:49,2025-12-10 08:00:49,bird,0.28525305
IMAG0100.JPG,2025:12:10 08:00:49,2025-12-10 08:00:49,bird,0.58372915
IMAG0100.JPG,2025:12:10 08:00:49,2025-12-10 08:00:49,secretarybird,0.14441413
IMAG2071.JPG,2026:01:09 10:49:48,2026-01-09 10:49:48,bird,0.28780445
IMAG1544.JPG,2026:01:03 18:40:53,2026-01-03 18:40:53,bird,0.19474919
IMAG2059.JPG,2026:01:09 06:37:35,2026-01-09 06:37:35,bird,0.34886873
IMAG1592.JPG,2026:01:04 07:27:12,2026-01-04 07:27:12,bird,0.29772407
IMAG2058.JPG,2026:01:09 06:27:35,2026-01-09 06:27:35,bird,0.59968185
IMAG1545.JPG,2026:01:03 18:52:39,2026-01-03 18:52:39,butterfly,0.36545002
IMAG0101.JPG,2025:12:10 08:11:00,2025-12-10 08:11:00,bird,0.3065936
IMAG1579.JPG,2026:01:04 03:05:29,2026-01-04 03:05:29,secretarybird,0.5871751
IMAG2299.JPG,2026:01:13 02:25:28,2026-01-13 02:25:28,bird,0.53841275
IMAG1790.JPG,2026:01:06 17:17:16,2026-01-06 17:17:16,plains_zebra,0.08553186
IMAG1790.JPG,2026:01:06 17:17:16,2026-01-06 17:17:16,bird,0.48832133
IMAG1790.JPG,2026:01:06 17:17:16,2026-01-06 17:17:16,bird,0.31822485
IMAG1790.JPG,2026:01:06 17:17:16,2026-01-06 17:17:16,gemsbok,0.22659005
IMAG1948.JPG,2026:01:08 04:20:24,2026-01-08 04:20:24,gemsbok,0.3919274
IMAG1784.JPG,2026:01:06 16:16:06,2026-01-06 16:16:06,corvus_species,0.3392398
IMAG1784.JPG,2026:01:06 16:16:06,2026-01-06 16:16:06,gemsbok,0.07472018
IMAG1784.JPG,2026:01:06 16:16:06,2026-01-06 16:16:06,gemsbok,0.12970385
IMAG1784.JPG,2026:01:06 16:16:06,2026-01-06 16:16:06,bird,0.1750204
IMAG1960.JPG,2026:01:08 07:38:47,2026-01-08 07:38:47,bird,0.28808978
IMAG1960.JPG,2026:01:08 07:38:47,2026-01-08 07:38:47,bird,0.21874383
IMAG1960.JPG,2026:01:08 07:38:47,2026-01-08 07:38:47,corvus_species,0.20461531
IMAG1960.JPG,2026:01:08 07:38:47,2026-01-08 07:38:47,corvus_species,0.26981696
IMAG1753.JPG,2026:01:06 09:48:44,2026-01-06 09:48:44,bird,0.45805907
IMAG1753.JPG,2026:01:06 09:48:44,2026-01-06 09:48:44,bird,0.41278625
IMAG2272.JPG,2026:01:12 09:16:11,2026-01-12 09:16:11,bird,0.6565592
IMAG1828.JPG,2026:01:07 03:21:42,2026-01-07 03:21:42,butterfly,0.28808147
IMAG1828.JPG,2026:01:07 03:21:42,2026-01-07 03:21:42,hartebeest,0.270229
IMAG1800.JPG,2026:01:06 19:03:19,2026-01-06 19:03:19,corvus_species,0.24743667
IMAG1814.JPG,2026:01:06 23:49:48,2026-01-06 23:49:48,bird,0.5331331
IMAG2448.JPG,2026:01:17 00:11:22,2026-01-17 00:11:22,common_wildebeest,0.6373932
IMAG1627.JPG,2026:01:04 14:48:55,2026-01-04 14:48:55,common_wildebeest,0.24489148
IMAG1633.JPG,2026:01:04 16:02:41,2026-01-04 16:02:41,common_wildebeest,0.22698483
IMAG2312.JPG,2026:01:13 08:19:48,2026-01-13 08:19:48,gemsbok,0.4218566
IMAG2306.JPG,2026:01:13 05:21:15,2026-01-13 05:21:15,butterfly,0.58000475
IMAG2460.JPG,2026:01:17 05:49:33,2026-01-17 05:49:33,butterfly,0.20811062
IMAG1394.JPG,2026:01:02 07:10:01,2026-01-02 07:10:01,butterfly,0.6892527
IMAG1343.JPG,2026:01:01 17:20:03,2026-01-01 17:20:03,bird,0.30688608
IMAG1357.JPG,2026:01:01 19:48:09,2026-01-01 19:48:09,bird,0.580374
IMAG0049.JPG,2025:12:09 12:13:47,2025-12-09 12:13:47,secretarybird,0.61521155
IMAG1431.JPG,2026:01:02 14:39:15,2026-01-02 14:39:15,canis_species,0.366227
IMAG1431.JPG,2026:01:02 14:39:15,2026-01-02 14:39:15,bird,0.18222411
IMAG1431.JPG,2026:01:02 14:39:15,2026-01-02 14:39:15,bird,0.34963286
IMAG1431.JPG,2026:01:02 14:39:15,2026-01-02 14:39:15,bird,0.63313
IMAG1431.JPG,2026:01:02 14:39:15,2026-01-02 14:39:15,bird,0.38984105
IMAG2138.JPG,2026:01:10 05:04:58,2026-01-10 05:04:58,gemsbok,0.2022562
IMAG2138.JPG,2026:01:10 05:04:58,2026-01-10 05:04:58,common_wildebeest,0.6137672
IMAG1419.JPG,2026:01:02 12:02:17,2026-01-02 12:02:17,common_wildebeest,0.4161468
IMAG1419.JPG,2026:01:02 12:02:17,2026-01-02 12:02:17,common_wildebeest,0.40384814
IMAG2110.JPG,2026:01:09 23:15:41,2026-01-09 23:15:41,butterfly,0.2566222
IMAG2104.JPG,2026:01:09 19:19:32,2026-01-09 19:19:32,common_wildebeest,0.2488451
IMAG2104.JPG,2026:01:09 19:19:32,2026-01-09 19:19:32,bird,0.3558016
IMAG2104.JPG,2026:01:09 19:19:32,2026-01-09 19:19:32,bird,0.6202497
IMAG2104.JPG,2026:01:09 19:19:32,2026-01-09 19:19:32,bird,0.7694177
IMAG2104.JPG,2026:01:09 19:19:32,2026-01-09 19:19:32,bird,0.57235515
IMAG0059.JPG,2025:12:09 15:16:05,2025-12-09 15:16:05,gemsbok,0.51247966
IMAG1347.JPG,2026:01:01 18:00:32,2026-01-01 18:00:32,canis_species,0.184436
IMAG1347.JPG,2026:01:01 18:00:32,2026-01-01 18:00:32,butterfly,0.34397954
IMAG1421.JPG,2026:01:02 12:24:09,2026-01-02 12:24:09,bird,0.51952374
IMAG2128.JPG,2026:01:10 03:15:00,2026-01-10 03:15:00,bird,0.283238
IMAG2100.JPG,2026:01:09 18:14:26,2026-01-09 18:14:26,canis_species,0.17386846
IMAG2114.JPG,2026:01:10 00:27:48,2026-01-10 00:27:48,giraffe,0.68359494
IMAG2458.JPG,2026:01:17 05:20:16,2026-01-17 05:20:16,spotted_hyaena,0.35567778
IMAG1637.JPG,2026:01:04 16:59:21,2026-01-04 16:59:21,giraffe,0.34407496
IMAG1623.JPG,2026:01:04 13:54:24,2026-01-04 13:54:24,secretarybird,0.42179734
IMAG2464.JPG,2026:01:17 06:48:24,2026-01-17 06:48:24,spotted_hyaena,0.2484424
IMAG2302.JPG,2026:01:13 03:32:55,2026-01-13 03:32:55,giraffe,0.5418859
IMAG2316.JPG,2026:01:13 09:42:03,2026-01-13 09:42:03,gemsbok,0.3401535
IMAG2316.JPG,2026:01:13 09:42:03,2026-01-13 09:42:03,gemsbok,0.2992958
IMAG2316.JPG,2026:01:13 09:42:03,2026-01-13 09:42:03,secretarybird,0.26373678
IMAG2470.JPG,2026:01:17 08:18:56,2026-01-17 08:18:56,gemsbok,0.40357438
IMAG1838.JPG,2026:01:07 05:14:46,2026-01-07 05:14:46,african_wild_cat,0.19494615
IMAG1804.JPG,2026:01:06 19:47:32,2026-01-06 19:47:32,hartebeest,0.15279466
IMAG1743.JPG,2026:01:06 08:00:00,2026-01-06 08:00:00,corvus_species,0.16102186
IMAG2289.JPG,2026:01:12 15:11:19,2026-01-12 15:11:19,bird,0.38970912
IMAG1958.JPG,2026:01:08 07:15:28,2026-01-08 07:15:28,butterfly,0.35961723
IMAG1780.JPG,2026:01:06 15:35:57,2026-01-06 15:35:57,gemsbok,0.18700762
IMAG2048.JPG,2026:01:09 02:19:42,2026-01-09 02:19:42,corvus_species,0.32618693
IMAG2048.JPG,2026:01:09 02:19:42,2026-01-09 02:19:42,secretarybird,0.5492046
IMAG2048.JPG,2026:01:09 02:19:42,2026-01-09 02:19:42,secretarybird,0.39984944
IMAG0139.JPG,2025:12:10 16:56:37,2025-12-10 16:56:37,gemsbok,0.46478197
IMAG0139.JPG,2025:12:10 16:56:37,2025-12-10 16:56:37,gemsbok,0.082139954
IMAG0139.JPG,2025:12:10 16:56:37,2025-12-10 16:56:37,gemsbok,0.45577115
IMAG0139.JPG,2025:12:10 16:56:37,2025-12-10 16:56:37,leopard,0.29850286
IMAG0139.JPG,2025:12:10 16:56:37,2025-12-10 16:56:37,bird,0.6936912
IMAG0139.JPG,2025:12:10 16:56:37,2025-12-10 16:56:37,bird,0.46673658
IMAG1569.JPG,2026:01:04 00:13:25,2026-01-04 00:13:25,butterfly,0.43571144
IMAG1569.JPG,2026:01:04 00:13:25,2026-01-04 00:13:25,bird,0.5983849
IMAG1569.JPG,2026:01:04 00:13:25,2026-01-04 00:13:25,bird,0.32865098
IMAG1582.JPG,2026:01:04 03:38:36,2026-01-04 03:38:36,hartebeest,0.2491261
IMAG1597.JPG,2026:01:04 08:19:07,2026-01-04 08:19:07,bird,0.2207889
IMAG1597.JPG,2026:01:04 08:19:07,2026-01-04 08:19:07,bird,0.29522905
IMAG1597.JPG,2026:01:04 08:19:07,2026-01-04 08:19:07,corvus_species,0.29705757
IMAG1597.JPG,2026:01:04 08:19:07,2026-01-04 08:19:07,bird,0.4583957
IMAG1597.JPG,2026:01:04 08:19:07,2026-01-04 08:19:07,bird,0.23413272
IMAG1568.JPG,2026:01:04 00:03:24,2026-01-04 00:03:24,bird,0.3067238
IMAG2061.JPG,2026:01:09 07:14:56,2026-01-09 07:14:56,corvus_species,0.20939247
IMAG2075.JPG,2026:01:09 11:40:15,2026-01-09 11:40:15,butterfly,0.2269152
IMAG1795.JPG,2026:01:06 18:12:54,2026-01-06 18:12:54,butterfly,0.17057835
IMAG1795.JPG,2026:01:06 18:12:54,2026-01-06 18:12:54,bird,0.1508636
IMAG1795.JPG,2026:01:06 18:12:54,2026-01-06 18:12:54,gemsbok,0.47102264
IMAG1795.JPG,2026:01:06 18:12:54,2026-01-06 18:12:54,gemsbok,0.47971234
IMAG1795.JPG,2026:01:06 18:12:54,2026-01-06 18:12:54,gemsbok,0.33843154
IMAG1795.JPG,2026:01:06 18:12:54,2026-01-06 18:12:54,bird,0.49349624
IMAG1781.JPG,2026:01:06 15:45:58,2026-01-06 15:45:58,gemsbok,0.66464734
IMAG1781.JPG,2026:01:06 15:45:58,2026-01-06 15:45:58,tortise,0.28485817
IMAG2288.JPG,2026:01:12 14:54:08,2026-01-12 14:54:08,bird,0.28459373
IMAG2263.JPG,2026:01:12 06:56:15,2026-01-12 06:56:15,corvus_species,0.27768302
IMAG2263.JPG,2026:01:12 06:56:15,2026-01-12 06:56:15,corvus_species,0.22567374
IMAG1756.JPG,2026:01:06 10:21:00,2026-01-06 10:21:00,bird,0.44420037
IMAG1756.JPG,2026:01:06 10:21:00,2026-01-06 10:21:00,bird,0.26037818
IMAG1742.JPG,2026:01:06 07:26:26,2026-01-06 07:26:26,bird,0.39289677
IMAG1742.JPG,2026:01:06 07:26:26,2026-01-06 07:26:26,bird,0.42101768
IMAG1742.JPG,2026:01:06 07:26:26,2026-01-06 07:26:26,bird,0.28299066
IMAG1839.JPG,2026:01:07 05:24:46,2026-01-07 05:24:46,bird,0.22951229
IMAG2317.JPG,2026:01:13 09:53:29,2026-01-13 09:53:29,bird,0.47929403
IMAG2317.JPG,2026:01:13 09:53:29,2026-01-13 09:53:29,bird,0.3910429
IMAG2317.JPG,2026:01:13 09:53:29,2026-01-13 09:53:29,gemsbok,0.42159146
IMAG2465.JPG,2026:01:17 07:14:58,2026-01-17 07:14:58,black-backed_jackal,0.30782697
IMAG2303.JPG,2026:01:13 04:20:59,2026-01-13 04:20:59,bird,0.54040194
IMAG2303.JPG,2026:01:13 04:20:59,2026-01-13 04:20:59,gemsbok,0.5078966
IMAG2459.JPG,2026:01:17 05:39:33,2026-01-17 05:39:33,gemsbok,0.32271168
IMAG1636.JPG,2026:01:04 16:49:17,2026-01-04 16:49:17,bird,0.43884093
IMAG1636.JPG,2026:01:04 16:49:17,2026-01-04 16:49:17,bird,0.4821141
IMAG1385.JPG,2026:01:02 03:02:29,2026-01-02 03:02:29,bird,0.16780882
IMAG1391.JPG,2026:01:02 06:25:07,2026-01-02 06:25:07,common_wildebeest,0.554157
IMAG2115.JPG,2026:01:10 00:41:58,2026-01-10 00:41:58,bird,0.12962006
IMAG2101.JPG,2026:01:09 18:42:29,2026-01-09 18:42:29,butterfly,0.7134253
IMAG2101.JPG,2026:01:09 18:42:29,2026-01-09 18:42:29,corvus_species,0.42284125
IMAG2129.JPG,2026:01:10 03:25:11,2026-01-10 03:25:11,butterfly,0.41386765
IMAG1420.JPG,2026:01:02 12:12:18,2026-01-02 12:12:18,bird,0.2761811
IMAG1420.JPG,2026:01:02 12:12:18,2026-01-02 12:12:18,bird,0.36755127
IMAG1420.JPG,2026:01:02 12:12:18,2026-01-02 12:12:18,bird,0.4488133
IMAG1420.JPG,2026:01:02 12:12:18,2026-01-02 12:12:18,common_wildebeest,0.18179458
IMAG1420.JPG,2026:01:02 12:12:18,2026-01-02 12:12:18,gemsbok,0.21169327
IMAG1420.JPG,2026:01:02 12:12:18,2026-01-02 12:12:18,gemsbok,0.14301772
IMAG1420.JPG,2026:01:02 12:12:18,2026-01-02 12:12:18,common_wildebeest,0.22657038
IMAG1420.JPG,2026:01:02 12:12:18,2026-01-02 12:12:18,common_wildebeest,0.43591523
IMAG1420.JPG,2026:01:02 12:12:18,2026-01-02 12:12:18,common_wildebeest,0.31612724
IMAG1420.JPG,2026:01:02 12:12:18,2026-01-02 12:12:18,common_wildebeest,0.25349692
IMAG1352.JPG,2026:01:01 18:51:59,2026-01-01 18:51:59,common_wildebeest,0.35235095
IMAG1352.JPG,2026:01:01 18:51:59,2026-01-01 18:51:59,common_wildebeest,0.24746242
IMAG1422.JPG,2026:01:02 12:36:07,2026-01-02 12:36:07,common_wildebeest,0.2436607
IMAG1350.JPG,2026:01:01 18:30:55,2026-01-01 18:30:55,gemsbok,0.27587286
IMAG1350.JPG,2026:01:01 18:30:55,2026-01-01 18:30:55,secretarybird,0.5807542
IMAG1350.JPG,2026:01:01 18:30:55,2026-01-01 18:30:55,corvus_species,0.39032546
IMAG1350.JPG,2026:01:01 18:30:55,2026-01-01 18:30:55,bird,0.5029129
IMAG2117.JPG,2026:01:10 01:07:52,2026-01-10 01:07:52,butterfly,0.24944618
IMAG1378.JPG,2026:01:02 00:47:57,2026-01-02 00:47:57,gemsbok,0.544841
IMAG1387.JPG,2026:01:02 03:32:45,2026-01-02 03:32:45,gemsbok,0.40728152
IMAG0099.JPG,2025:12:10 07:50:39,2025-12-10 07:50:39,gemsbok,0.3059202
IMAG1393.JPG,2026:01:02 06:45:32,2026-01-02 06:45:32,gemsbok,0.42460346
IMAG1620.JPG,2026:01:04 13:10:33,2026-01-04 13:10:33,gemsbok,0.3150325
IMAG2315.JPG,2026:01:13 09:11:18,2026-01-13 09:11:18,owl,0.1125589
IMAG2301.JPG,2026:01:13 03:22:43,2026-01-13 03:22:43,secretarybird,0.25867864
IMAG1608.JPG,2026:01:04 10:23:12,2026-01-04 10:23:12,bird,0.3789741
IMAG1608.JPG,2026:01:04 10:23:12,2026-01-04 10:23:12,gemsbok,0.2794307
IMAG1608.JPG,2026:01:04 10:23:12,2026-01-04 10:23:12,owl,0.08859922
IMAG1608.JPG,2026:01:04 10:23:12,2026-01-04 10:23:12,owl,0.20874773
IMAG1608.JPG,2026:01:04 10:23:12,2026-01-04 10:23:12,gemsbok,0.3331576
IMAG2467.JPG,2026:01:17 07:48:25,2026-01-17 07:48:25,bird,0.5924111
IMAG1740.JPG,2026:01:06 06:56:39,2026-01-06 06:56:39,bird,0.4911658
IMAG1998.JPG,2026:01:08 15:51:41,2026-01-08 15:51:41,bird,0.39122167
IMAG2249.JPG,2026:01:12 00:25:56,2026-01-12 00:25:56,bird,0.2392172
IMAG2261.JPG,2026:01:12 06:12:05,2026-01-12 06:12:05,bird,0.56192905
IMAG1797.JPG,2026:01:06 18:33:03,2026-01-06 18:33:03,bird,0.44968262
IMAG1783.JPG,2026:01:06 16:06:04,2026-01-06 16:06:04,bird,0.63903975
IMAG1973.JPG,2026:01:08 10:12:38,2026-01-08 10:12:38,gemsbok,0.13714786
IMAG1973.JPG,2026:01:08 10:12:38,2026-01-08 10:12:38,secretarybird,0.2244697
IMAG1973.JPG,2026:01:08 10:12:38,2026-01-08 10:12:38,common_wildebeest,0.6759652
IMAG1973.JPG,2026:01:08 10:12:38,2026-01-08 10:12:38,bird,0.48688915
IMAG1973.JPG,2026:01:08 10:12:38,2026-01-08 10:12:38,common_wildebeest,0.41342163
IMAG1556.JPG,2026:01:03 21:41:35,2026-01-03 21:41:35,common_wildebeest,0.47047982
IMAG2063.JPG,2026:01:09 07:51:57,2026-01-09 07:51:57,gemsbok,0.3275111
IMAG0112.JPG,2025:12:10 10:33:56,2025-12-10 10:33:56,common_ostrich,0.24140029
IMAG0112.JPG,2025:12:10 10:33:56,2025-12-10 10:33:56,common_ostrich,0.27682006
IMAG1595.JPG,2026:01:04 07:58:36,2026-01-04 07:58:36,common_ostrich,0.3304206
IMAG1595.JPG,2026:01:04 07:58:36,2026-01-04 07:58:36,common_ostrich,0.37584585
IMAG2089.JPG,2026:01:09 16:05:57,2026-01-09 16:05:57,common_ostrich,0.3125882
IMAG1594.JPG,2026:01:04 07:48:11,2026-01-04 07:48:11,common_wildebeest,0.16419767
IMAG0107.JPG,2025:12:10 09:32:34,2025-12-10 09:32:34,common_wildebeest,0.5520275
IMAG0107.JPG,2025:12:10 09:32:34,2025-12-10 09:32:34,gemsbok,0.6452253
IMAG0107.JPG,2025:12:10 09:32:34,2025-12-10 09:32:34,common_wildebeest,0.343818
IMAG2062.JPG,2026:01:09 07:25:15,2026-01-09 07:25:15,hystrix_species,0.888295
IMAG2062.JPG,2026:01:09 07:25:15,2026-01-09 07:25:15,common_wildebeest,0.39172873
IMAG1543.JPG,2026:01:03 18:30:51,2026-01-03 18:30:51,common_wildebeest,0.15126456
IMAG1557.JPG,2026:01:03 22:00:27,2026-01-03 22:00:27,common_wildebeest,0.24582152
IMAG1782.JPG,2026:01:06 15:55:58,2026-01-06 15:55:58,gazelle,0.18821819
IMAG1782.JPG,2026:01:06 15:55:58,2026-01-06 15:55:58,secretarybird,0.18719919
IMAG1782.JPG,2026:01:06 15:55:58,2026-01-06 15:55:58,bird,0.65792996
IMAG1782.JPG,2026:01:06 15:55:58,2026-01-06 15:55:58,canis_species,0.28152803
IMAG1782.JPG,2026:01:06 15:55:58,2026-01-06 15:55:58,bird,0.34720534
IMAG1782.JPG,2026:01:06 15:55:58,2026-01-06 15:55:58,hartebeest,0.27492276
IMAG1782.JPG,2026:01:06 15:55:58,2026-01-06 15:55:58,hystrix_species,0.9426433
IMAG2260.JPG,2026:01:12 04:35:43,2026-01-12 04:35:43,common_wildebeest,0.15985605
IMAG2260.JPG,2026:01:12 04:35:43,2026-01-12 04:35:43,common_wildebeest,0.138677
IMAG1769.JPG,2026:01:06 13:08:36,2026-01-06 13:08:36,gemsbok,0.2426811
IMAG2248.JPG,2026:01:12 00:13:53,2026-01-12 00:13:53,common_eland,0.21506853
IMAG1999.JPG,2026:01:08 16:04:01,2026-01-08 16:04:01,butterfly,0.33870405
IMAG1755.JPG,2026:01:06 10:10:59,2026-01-06 10:10:59,bird,0.16925932
IMAG1812.JPG,2026:01:06 23:22:16,2026-01-06 23:22:16,canis_species,0.26551545
IMAG1806.JPG,2026:01:06 21:08:38,2026-01-06 21:08:38,owl,0.28428474
IMAG1609.JPG,2026:01:04 10:33:38,2026-01-04 10:33:38,common_wildebeest,0.30588645
IMAG1609.JPG,2026:01:04 10:33:38,2026-01-04 10:33:38,black-backed_jackal,0.73255086
IMAG1609.JPG,2026:01:04 10:33:38,2026-01-04 10:33:38,common_wildebeest,0.21016802
IMAG1609.JPG,2026:01:04 10:33:38,2026-01-04 10:33:38,common_wildebeest,0.33072466
IMAG1609.JPG,2026:01:04 10:33:38,2026-01-04 10:33:38,common_wildebeest,0.29310504
IMAG1609.JPG,2026:01:04 10:33:38,2026-01-04 10:33:38,common_wildebeest,0.31392616
IMAG1609.JPG,2026:01:04 10:33:38,2026-01-04 10:33:38,common_wildebeest,0.11755304
IMAG1609.JPG,2026:01:04 10:33:38,2026-01-04 10:33:38,bird,0.36666322
IMAG2300.JPG,2026:01:13 03:06:49,2026-01-13 03:06:49,butterfly,0.35381886
IMAG2466.JPG,2026:01:17 07:37:11,2026-01-17 07:37:11,bird,0.3151306
IMAG1621.JPG,2026:01:04 13:20:53,2026-01-04 13:20:53,bird,0.5929867
IMAG1386.JPG,2026:01:02 03:20:44,2026-01-02 03:20:44,bird,0.43560296
IMAG2102.JPG,2026:01:09 18:56:35,2026-01-09 18:56:35,owl,0.11947984
IMAG1379.JPG,2026:01:02 00:57:58,2026-01-02 00:57:58,leopard,0.8754082
IMAG1379.JPG,2026:01:02 00:57:58,2026-01-02 00:57:58,common_wildebeest,0.32437164
IMAG1379.JPG,2026:01:02 00:57:58,2026-01-02 00:57:58,common_wildebeest,0.24749732
IMAG1423.JPG,2026:01:02 12:51:03,2026-01-02 12:51:03,common_wildebeest,0.43653455
IMAG1345.JPG,2026:01:01 17:40:21,2026-01-01 17:40:21,common_wildebeest,0.28985575
IMAG0014.JPG,2025:12:08 18:54:05,2025-12-08 18:54:05,common_wildebeest,0.6474696
IMAG0014.JPG,2025:12:08 18:54:05,2025-12-08 18:54:05,gemsbok,0.6336309
IMAG0014.JPG,2025:12:08 18:54:05,2025-12-08 18:54:05,hartebeest,0.314496
IMAG0014.JPG,2025:12:08 18:54:05,2025-12-08 18:54:05,canis_species,0.3934282
IMAG1322.JPG,2026:01:01 13:32:02,2026-01-01 13:32:02,secretarybird,0.2793324
IMAG0028.JPG,2025:12:09 06:44:11,2025-12-09 06:44:11,secretarybird,0.32089785
IMAG0028.JPG,2025:12:09 06:44:11,2025-12-09 06:44:11,bird,0.2855365
IMAG1450.JPG,2026:01:02 18:28:11,2026-01-02 18:28:11,bird,0.417474
IMAG1450.JPG,2026:01:02 18:28:11,2026-01-02 18:28:11,bird,0.37525538
IMAG2159.JPG,2026:01:10 09:33:37,2026-01-10 09:33:37,bird,0.5291016
IMAG1487.JPG,2026:01:03 07:21:54,2026-01-03 07:21:54,bird,0.39735982
IMAG2415.JPG,2026:01:15 20:59:48,2026-01-15 20:59:48,bird,0.16216417
IMAG2401.JPG,2026:01:15 14:29:51,2026-01-15 14:29:51,bird,0.3793125
IMAG2429.JPG,2026:01:16 09:48:56,2026-01-16 09:48:56,common_ostrich,0.30989164
IMAG2429.JPG,2026:01:16 09:48:56,2026-01-16 09:48:56,bird,0.34427407
IMAG2429.JPG,2026:01:16 09:48:56,2026-01-16 09:48:56,plains_zebra,0.45427278
IMAG2429.JPG,2026:01:16 09:48:56,2026-01-16 09:48:56,spotted_hyaena,0.10789002
IMAG2429.JPG,2026:01:16 09:48:56,2026-01-16 09:48:56,gemsbok,0.30252525
IMAG1652.JPG,2026:01:04 20:34:24,2026-01-04 20:34:24,common_wildebeest,0.37555778
IMAG1652.JPG,2026:01:04 20:34:24,2026-01-04 20:34:24,common_wildebeest,0.47859862
IMAG1861.JPG,2026:01:07 09:57:02,2026-01-07 09:57:02,common_wildebeest,0.14430474
IMAG1861.JPG,2026:01:07 09:57:02,2026-01-07 09:57:02,gemsbok,0.26419502
IMAG1861.JPG,2026:01:07 09:57:02,2026-01-07 09:57:02,common_wildebeest,0.40228763
IMAG1861.JPG,2026:01:07 09:57:02,2026-01-07 09:57:02,common_wildebeest,0.5854003
IMAG1861.JPG,2026:01:07 09:57:02,2026-01-07 09:57:02,tortise,0.14572094
IMAG1861.JPG,2026:01:07 09:57:02,2026-01-07 09:57:02,common_wildebeest,0.50744724
IMAG1861.JPG,2026:01:07 09:57:02,2026-01-07 09:57:02,bird,0.39921835
IMAG1861.JPG,2026:01:07 09:57:02,2026-01-07 09:57:02,gemsbok,0.2990989
IMAG1861.JPG,2026:01:07 09:57:02,2026-01-07 09:57:02,black-backed_jackal,0.19676846
IMAG1875.JPG,2026:01:07 12:34:14,2026-01-07 12:34:14,bird,0.2964849
IMAG1685.JPG,2026:01:05 11:36:49,2026-01-05 11:36:49,canis_species,0.17817532
IMAG1685.JPG,2026:01:05 11:36:49,2026-01-05 11:36:49,bird,0.5828277
IMAG1849.JPG,2026:01:07 07:47:26,2026-01-07 07:47:26,bird,0.2947145
IMAG1849.JPG,2026:01:07 07:47:26,2026-01-07 07:47:26,bird,0.27392286
IMAG1849.JPG,2026:01:07 07:47:26,2026-01-07 07:47:26,bird,0.41813877
IMAG1849.JPG,2026:01:07 07:47:26,2026-01-07 07:47:26,bird,0.67263764
IMAG1849.JPG,2026:01:07 07:47:26,2026-01-07 07:47:26,bird,0.29792747
IMAG1849.JPG,2026:01:07 07:47:26,2026-01-07 07:47:26,bird,0.41416246
IMAG1849.JPG,2026:01:07 07:47:26,2026-01-07 07:47:26,bird,0.35391057
IMAG1849.JPG,2026:01:07 07:47:26,2026-01-07 07:47:26,bird,0.44249555
IMAG1849.JPG,2026:01:07 07:47:26,2026-01-07 07:47:26,bird,0.21761955
IMAG2207.JPG,2026:01:11 05:15:56,2026-01-11 05:15:56,bird,0.26609537
IMAG2213.JPG,2026:01:11 08:15:58,2026-01-11 08:15:58,bird,0.36694178
IMAG2213.JPG,2026:01:11 08:15:58,2026-01-11 08:15:58,bird,0.31184325
IMAG2213.JPG,2026:01:11 08:15:58,2026-01-11 08:15:58,bird,0.3943008
IMAG2213.JPG,2026:01:11 08:15:58,2026-01-11 08:15:58,black-backed_jackal,0.22924177
IMAG2213.JPG,2026:01:11 08:15:58,2026-01-11 08:15:58,gemsbok,0.33265194
IMAG1726.JPG,2026:01:05 20:20:19,2026-01-05 20:20:19,gemsbok,0.2763544
IMAG1915.JPG,2026:01:07 19:26:46,2026-01-07 19:26:46,bird,0.37864593
IMAG1915.JPG,2026:01:07 19:26:46,2026-01-07 19:26:46,corvus_species,0.3355135
IMAG1915.JPG,2026:01:07 19:26:46,2026-01-07 19:26:46,secretarybird,0.45801404
IMAG1915.JPG,2026:01:07 19:26:46,2026-01-07 19:26:46,canis_species,0.2163549
IMAG1915.JPG,2026:01:07 19:26:46,2026-01-07 19:26:46,owl,0.07309901
IMAG1915.JPG,2026:01:07 19:26:46,2026-01-07 19:26:46,gemsbok,0.5199006
IMAG1901.JPG,2026:01:07 17:01:03,2026-01-07 17:01:03,gemsbok,0.46551117
IMAG1901.JPG,2026:01:07 17:01:03,2026-01-07 17:01:03,hartebeest,0.18550815
IMAG1901.JPG,2026:01:07 17:01:03,2026-01-07 17:01:03,common_wildebeest,0.12888397
IMAG1901.JPG,2026:01:07 17:01:03,2026-01-07 17:01:03,giraffe,0.7353156
IMAG1901.JPG,2026:01:07 17:01:03,2026-01-07 17:01:03,gemsbok,0.31126356
IMAG1929.JPG,2026:01:07 23:20:54,2026-01-07 23:20:54,bird,0.4755389
IMAG0174.JPG,2025:12:11 08:26:29,2025-12-11 08:26:29,bird,0.19643424
IMAG0174.JPG,2025:12:11 08:26:29,2025-12-11 08:26:29,canis_species,0.17920962
IMAG0174.JPG,2025:12:11 08:26:29,2025-12-11 08:26:29,hartebeest,0.37365654
IMAG0174.JPG,2025:12:11 08:26:29,2025-12-11 08:26:29,gemsbok,0.501891
IMAG0174.JPG,2025:12:11 08:26:29,2025-12-11 08:26:29,common_wildebeest,0.3917144
IMAG0174.JPG,2025:12:11 08:26:29,2025-12-11 08:26:29,common_wildebeest,0.22459608
IMAG0174.JPG,2025:12:11 08:26:29,2025-12-11 08:26:29,common_wildebeest,0.31509963
IMAG0160.JPG,2025:12:11 03:23:00,2025-12-11 03:23:00,bird,0.38072163
IMAG2011.JPG,2026:01:08 18:12:05,2026-01-08 18:12:05,bird,0.21194051
IMAG2011.JPG,2026:01:08 18:12:05,2026-01-08 18:12:05,bird,0.12857991
IMAG1518.JPG,2026:01:03 13:35:37,2026-01-03 13:35:37,bird,0.2981512
IMAG1518.JPG,2026:01:03 13:35:37,2026-01-03 13:35:37,common_ostrich,0.3184017
IMAG1530.JPG,2026:01:03 16:07:55,2026-01-03 16:07:55,common_ostrich,0.44450706
IMAG1295.JPG,2026:01:01 08:22:37,2026-01-01 08:22:37,common_ostrich,0.46118608
IMAG1295.JPG,2026:01:01 08:22:37,2026-01-01 08:22:37,bird,0.43503338
IMAG1531.JPG,2026:01:03 16:18:53,2026-01-03 16:18:53,bird,0.32430425
IMAG0161.JPG,2025:12:11 03:33:02,2025-12-11 03:33:02,common_wildebeest,0.2717728
IMAG2010.JPG,2026:01:08 18:02:05,2026-01-08 18:02:05,common_wildebeest,0.22030789
IMAG2010.JPG,2026:01:08 18:02:05,2026-01-08 18:02:05,secretarybird,0.42218244
IMAG0175.JPG,2025:12:11 08:36:32,2025-12-11 08:36:32,secretarybird,0.6109767
IMAG0175.JPG,2025:12:11 08:36:32,2025-12-11 08:36:32,bird,0.520736
IMAG0175.JPG,2025:12:11 08:36:32,2025-12-11 08:36:32,secretarybird,0.29328865
IMAG0175.JPG,2025:12:11 08:36:32,2025-12-11 08:36:32,common_ostrich,0.25794867
IMAG0175.JPG,2025:12:11 08:36:32,2025-12-11 08:36:32,bird,0.22856802
IMAG0175.JPG,2025:12:11 08:36:32,2025-12-11 08:36:32,bird,0.4663781
IMAG0175.JPG,2025:12:11 08:36:32,2025-12-11 08:36:32,bird,0.53351635
IMAG1928.JPG,2026:01:07 22:58:33,2026-01-07 22:58:33,bird,0.33688733
IMAG1900.JPG,2026:01:07 16:51:02,2026-01-07 16:51:02,common_wildebeest,0.4551118
IMAG1900.JPG,2026:01:07 16:51:02,2026-01-07 16:51:02,bird,0.42223322
IMAG1914.JPG,2026:01:07 19:15:43,2026-01-07 19:15:43,corvus_species,0.18361732
IMAG1733.JPG,2026:01:06 00:38:02,2026-01-06 00:38:02,secretarybird,0.63989073
IMAG2206.JPG,2026:01:11 05:01:32,2026-01-11 05:01:32,hartebeest,0.4875398
IMAG1848.JPG,2026:01:07 07:37:25,2026-01-07 07:37:25,leopard,0.21476483
IMAG1848.JPG,2026:01:07 07:37:25,2026-01-07 07:37:25,african_wild_cat,0.13142
IMAG1848.JPG,2026:01:07 07:37:25,2026-01-07 07:37:25,secretarybird,0.20102322
IMAG1848.JPG,2026:01:07 07:37:25,2026-01-07 07:37:25,bird,0.68932253
IMAG1848.JPG,2026:01:07 07:37:25,2026-01-07 07:37:25,gemsbok,0.22022285
IMAG1690.JPG,2026:01:05 12:41:18,2026-01-05 12:41:18,hartebeest,0.45857143
IMAG1690.JPG,2026:01:05 12:41:18,2026-01-05 12:41:18,canis_species,0.23408735
IMAG1874.JPG,2026:01:07 12:19:54,2026-01-07 12:19:54,secretarybird,0.47460386
IMAG1874.JPG,2026:01:07 12:19:54,2026-01-07 12:19:54,bird,0.20930265
IMAG1874.JPG,2026:01:07 12:19:54,2026-01-07 12:19:54,bird,0.40725842
IMAG1874.JPG,2026:01:07 12:19:54,2026-01-07 12:19:54,butterfly,0.4920827
IMAG1874.JPG,2026:01:07 12:19:54,2026-01-07 12:19:54,corvus_species,0.20304139
IMAG1874.JPG,2026:01:07 12:19:54,2026-01-07 12:19:54,secretarybird,0.30471024
IMAG1874.JPG,2026:01:07 12:19:54,2026-01-07 12:19:54,bird,0.5267845
IMAG1860.JPG,2026:01:07 09:46:20,2026-01-07 09:46:20,bird,0.1992052
IMAG1860.JPG,2026:01:07 09:46:20,2026-01-07 09:46:20,corvus_species,0.4042727
IMAG1860.JPG,2026:01:07 09:46:20,2026-01-07 09:46:20,corvus_species,0.40283746
IMAG1860.JPG,2026:01:07 09:46:20,2026-01-07 09:46:20,corvus_species,0.42729583
IMAG1860.JPG,2026:01:07 09:46:20,2026-01-07 09:46:20,bird,0.46386984
IMAG1860.JPG,2026:01:07 09:46:20,2026-01-07 09:46:20,hartebeest,0.39305714
IMAG1653.JPG,2026:01:04 20:45:20,2026-01-04 20:45:20,secretarybird,0.7315721
IMAG1653.JPG,2026:01:04 20:45:20,2026-01-04 20:45:20,butterfly,0.77552336
IMAG1647.JPG,2026:01:04 19:06:00,2026-01-04 19:06:00,hartebeest,0.20558518
IMAG2400.JPG,2026:01:15 14:18:14,2026-01-15 14:18:14,bird,0.47879794
IMAG1492.JPG,2026:01:03 08:14:55,2026-01-03 08:14:55,bird,0.29178396
IMAG1486.JPG,2026:01:03 07:09:08,2026-01-03 07:09:08,bird,0.3974302
IMAG1486.JPG,2026:01:03 07:09:08,2026-01-03 07:09:08,bird,0.1931697
IMAG1486.JPG,2026:01:03 07:09:08,2026-01-03 07:09:08,bird,0.26513216
IMAG1486.JPG,2026:01:03 07:09:08,2026-01-03 07:09:08,tortise,0.341881
IMAG2158.JPG,2026:01:10 09:22:58,2026-01-10 09:22:58,bird,0.49306375
IMAG1451.JPG,2026:01:02 18:38:29,2026-01-02 18:38:29,bird,0.33111322
IMAG0015.JPG,2025:12:08 19:04:14,2025-12-08 19:04:14,bird,0.43925634
IMAG0015.JPG,2025:12:08 19:04:14,2025-12-08 19:04:14,canis_species,0.15903476
IMAG1479.JPG,2026:01:03 02:39:16,2026-01-03 02:39:16,secretarybird,0.5220858
IMAG0017.JPG,2025:12:08 20:37:17,2025-12-08 20:37:17,secretarybird,0.4946973
IMAG0003.JPG,2025:12:08 16:46:54,2025-12-08 16:46:54,common_wildebeest,0.17217432
IMAG2172.JPG,2026:01:10 12:32:50,2026-01-10 12:32:50,corvus_species,0.26942524
IMAG1453.JPG,2026:01:02 18:58:35,2026-01-02 18:58:35,corvus_species,0.25351948
IMAG1453.JPG,2026:01:02 18:58:35,2026-01-02 18:58:35,gemsbok,0.6570596
IMAG1453.JPG,2026:01:02 18:58:35,2026-01-02 18:58:35,common_wildebeest,0.26937976
IMAG1484.JPG,2026:01:03 06:35:39,2026-01-03 06:35:39,common_wildebeest,0.6493746
IMAG1484.JPG,2026:01:03 06:35:39,2026-01-03 06:35:39,common_wildebeest,0.1352008
IMAG2402.JPG,2026:01:15 14:47:32,2026-01-15 14:47:32,common_ostrich,0.26888254
IMAG1679.JPG,2026:01:05 10:10:49,2026-01-05 10:10:49,canis_species,0.43083832
IMAG2416.JPG,2026:01:15 21:16:25,2026-01-15 21:16:25,corvus_species,0.4723154
IMAG1889.JPG,2026:01:07 14:54:49,2026-01-07 14:54:49,butterfly,0.34263948
IMAG1651.JPG,2026:01:04 20:24:22,2026-01-04 20:24:22,secretarybird,0.50358486
IMAG1651.JPG,2026:01:04 20:24:22,2026-01-04 20:24:22,african_wild_cat,0.63654345
IMAG1876.JPG,2026:01:07 12:44:16,2026-01-07 12:44:16,bird,0.39483967
IMAG1876.JPG,2026:01:07 12:44:16,2026-01-07 12:44:16,mammal,0.12522842
IMAG1692.JPG,2026:01:05 13:12:32,2026-01-05 13:12:32,bird,0.33047011
IMAG1686.JPG,2026:01:05 11:47:08,2026-01-05 11:47:08,bird,0.42828086
IMAG1686.JPG,2026:01:05 11:47:08,2026-01-05 11:47:08,bird,0.4793251
IMAG1719.JPG,2026:01:05 18:39:53,2026-01-05 18:39:53,giraffe,0.6650866
IMAG1719.JPG,2026:01:05 18:39:53,2026-01-05 18:39:53,gemsbok,0.3618006
IMAG2210.JPG,2026:01:11 07:09:23,2026-01-11 07:09:23,secretarybird,0.51335293
IMAG2204.JPG,2026:01:11 04:17:23,2026-01-11 04:17:23,secretarybird,0.60584605
IMAG1731.JPG,2026:01:05 23:59:33,2026-01-05 23:59:33,african_wild_cat,0.55434793
IMAG2238.JPG,2026:01:11 17:02:15,2026-01-11 17:02:15,black-backed_jackal,0.11983508
IMAG1902.JPG,2026:01:07 17:11:04,2026-01-07 17:11:04,gemsbok,0.3705683
IMAG1902.JPG,2026:01:07 17:11:04,2026-01-07 17:11:04,leopard,0.16948447
IMAG1902.JPG,2026:01:07 17:11:04,2026-01-07 17:11:04,bird,0.46412462
IMAG1916.JPG,2026:01:07 19:37:28,2026-01-07 19:37:28,bird,0.3317152
IMAG1916.JPG,2026:01:07 19:37:28,2026-01-07 19:37:28,butterfly,0.30584842
IMAG1916.JPG,2026:01:07 19:37:28,2026-01-07 19:37:28,bird,0.45285547
IMAG0163.JPG,2025:12:11 05:21:46,2025-12-11 05:21:46,bird,0.39279324
IMAG0177.JPG,2025:12:11 08:56:46,2025-12-11 08:56:46,gemsbok,0.56549245
IMAG0177.JPG,2025:12:11 08:56:46,2025-12-11 08:56:46,gemsbok,0.45806062
IMAG0177.JPG,2025:12:11 08:56:46,2025-12-11 08:56:46,bird,0.3373762
IMAG2006.JPG,2026:01:08 17:19:49,2026-01-08 17:19:49,tortise,0.32884744
IMAG1527.JPG,2026:01:03 15:35:08,2026-01-03 15:35:08,bird,0.6073584
IMAG1527.JPG,2026:01:03 15:35:08,2026-01-03 15:35:08,bird,0.42260757
IMAG0188.JPG,2025:12:11 11:47:27,2025-12-11 11:47:27,gemsbok,0.60806805
IMAG0188.JPG,2025:12:11 11:47:27,2025-12-11 11:47:27,african_wild_cat,0.42687702
IMAG0188.JPG,2025:12:11 11:47:27,2025-12-11 11:47:27,gemsbok,0.5853581
IMAG1297.JPG,2026:01:01 08:48:57,2026-01-01 08:48:57,bird,0.319777
IMAG0176.JPG,2025:12:11 08:46:32,2025-12-11 08:46:32,gemsbok,0.17879035
IMAG0176.JPG,2025:12:11 08:46:32,2025-12-11 08:46:32,secretarybird,0.18134731
IMAG0176.JPG,2025:12:11 08:46:32,2025-12-11 08:46:32,bird,0.16444273
IMAG0176.JPG,2025:12:11 08:46:32,2025-12-11 08:46:32,tortise,0.21341395
IMAG0176.JPG,2025:12:11 08:46:32,2025-12-11 08:46:32,gemsbok,0.1259284
IMAG0176.JPG,2025:12:11 08:46:32,2025-12-11 08:46:32,gemsbok,0.1715337
IMAG0176.JPG,2025:12:11 08:46:32,2025-12-11 08:46:32,plains_zebra,0.85102177
IMAG0176.JPG,2025:12:11 08:46:32,2025-12-11 08:46:32,butterfly,0.7719293
IMAG0176.JPG,2025:12:11 08:46:32,2025-12-11 08:46:32,gemsbok,0.13658693
IMAG0176.JPG,2025:12:11 08:46:32,2025-12-11 08:46:32,common_ostrich,0.34607318
IMAG0176.JPG,2025:12:11 08:46:32,2025-12-11 08:46:32,common_ostrich,0.25675112
IMAG0176.JPG,2025:12:11 08:46:32,2025-12-11 08:46:32,common_ostrich,0.41773033
IMAG0176.JPG,2025:12:11 08:46:32,2025-12-11 08:46:32,gemsbok,0.32969555
IMAG0176.JPG,2025:12:11 08:46:32,2025-12-11 08:46:32,gemsbok,0.18349175
IMAG0176.JPG,2025:12:11 08:46:32,2025-12-11 08:46:32,black-backed_jackal,0.56382
IMAG2007.JPG,2026:01:08 17:29:58,2026-01-08 17:29:58,gemsbok,0.43752712
IMAG2013.JPG,2026:01:08 18:35:30,2026-01-08 18:35:30,hartebeest,0.36404842
IMAG0162.JPG,2025:12:11 04:20:06,2025-12-11 04:20:06,gemsbok,0.33870524
IMAG1903.JPG,2026:01:07 17:21:27,2026-01-07 17:21:27,owl,0.65234286
IMAG2239.JPG,2026:01:11 17:12:43,2026-01-11 17:12:43,gemsbok,0.11221622
IMAG1730.JPG,2026:01:05 23:27:04,2026-01-05 23:27:04,common_eland,0.30013025
IMAG1724.JPG,2026:01:05 19:35:23,2026-01-05 19:35:23,secretarybird,0.6759352
IMAG1724.JPG,2026:01:05 19:35:23,2026-01-05 19:35:23,bird,0.55759144
IMAG2211.JPG,2026:01:11 07:26:57,2026-01-11 07:26:57,canis_species,0.27503407
IMAG2211.JPG,2026:01:11 07:26:57,2026-01-11 07:26:57,gemsbok,0.14573908
IMAG2211.JPG,2026:01:11 07:26:57,2026-01-11 07:26:57,gemsbok,0.13376383
IMAG2211.JPG,2026:01:11 07:26:57,2026-01-11 07:26:57,canis_species,0.110961474
IMAG2211.JPG,2026:01:11 07:26:57,2026-01-11 07:26:57,gemsbok,0.45160696
IMAG2211.JPG,2026:01:11 07:26:57,2026-01-11 07:26:57,canis_species,0.14452574
IMAG2211.JPG,2026:01:11 07:26:57,2026-01-11 07:26:57,gemsbok,0.1983086
IMAG2211.JPG,2026:01:11 07:26:57,2026-01-11 07:26:57,bird,0.28917745
IMAG1687.JPG,2026:01:05 12:08:23,2026-01-05 12:08:23,common_wildebeest,0.36146155
IMAG1877.JPG,2026:01:07 12:54:23,2026-01-07 12:54:23,common_wildebeest,0.24541841
IMAG1877.JPG,2026:01:07 12:54:23,2026-01-07 12:54:23,gemsbok,0.7120122
IMAG1650.JPG,2026:01:04 20:14:20,2026-01-04 20:14:20,common_ostrich,0.25086233
IMAG1888.JPG,2026:01:07 14:44:48,2026-01-07 14:44:48,gemsbok,0.50415987
IMAG2359.JPG,2026:01:14 07:28:04,2026-01-14 07:28:04,gemsbok,0.41758052
IMAG2359.JPG,2026:01:14 07:28:04,2026-01-14 07:28:04,gemsbok,0.51839674
IMAG1678.JPG,2026:01:05 10:00:30,2026-01-05 10:00:30,owl,0.08253479
IMAG2371.JPG,2026:01:14 17:53:58,2026-01-14 17:53:58,leopard,0.2577003
IMAG2417.JPG,2026:01:15 22:19:03,2026-01-15 22:19:03,african_wild_cat,0.3815397
IMAG2403.JPG,2026:01:15 15:08:23,2026-01-15 15:08:23,black-backed_jackal,0.20136671
IMAG1485.JPG,2026:01:03 06:59:07,2026-01-03 06:59:07,owl,0.33343962
IMAG1485.JPG,2026:01:03 06:59:07,2026-01-03 06:59:07,gemsbok,0.17311473
IMAG2198.JPG,2026:01:11 01:43:44,2026-01-11 01:43:44,black-backed_jackal,0.15167017
IMAG1320.JPG,2026:01:01 13:10:38,2026-01-01 13:10:38,secretarybird,0.59467864
IMAG1320.JPG,2026:01:01 13:10:38,2026-01-01 13:10:38,gemsbok,0.17887604
IMAG1446.JPG,2026:01:02 17:45:03,2026-01-02 17:45:03,bird,0.55838734
IMAG1446.JPG,2026:01:02 17:45:03,2026-01-02 17:45:03,bird,0.49485698
IMAG2173.JPG,2026:01:10 12:43:31,2026-01-10 12:43:31,common_ostrich,0.18930955
IMAG2173.JPG,2026:01:10 12:43:31,2026-01-10 12:43:31,common_ostrich,0.27837834
IMAG0016.JPG,2025:12:08 19:14:36,2025-12-08 19:14:36,common_ostrich,0.3363341
IMAG1330.JPG,2026:01:01 15:00:09,2026-01-01 15:00:09,common_ostrich,0.18636325
IMAG1442.JPG,2026:01:02 16:54:47,2026-01-02 16:54:47,common_ostrich,0.4519247
IMAG1324.JPG,2026:01:01 13:53:16,2026-01-01 13:53:16,bird,0.436932
IMAG1324.JPG,2026:01:01 13:53:16,2026-01-01 13:53:16,bird,0.18594563
IMAG1324.JPG,2026:01:01 13:53:16,2026-01-01 13:53:16,gemsbok,0.4388269
IMAG2177.JPG,2026:01:10 13:41:12,2026-01-10 13:41:12,bird,0.5476238
IMAG2177.JPG,2026:01:10 13:41:12,2026-01-10 13:41:12,bird,0.20211715
IMAG0006.JPG,2025:12:08 17:32:01,2025-12-08 17:32:01,bird,0.22659707
IMAG0006.JPG,2025:12:08 17:32:01,2025-12-08 17:32:01,bird,0.2754265
IMAG1898.JPG,2026:01:07 16:30:55,2026-01-07 16:30:55,bird,0.64021283
IMAG1898.JPG,2026:01:07 16:30:55,2026-01-07 16:30:55,common_ostrich,0.1282312
IMAG1898.JPG,2026:01:07 16:30:55,2026-01-07 16:30:55,black-backed_jackal,0.1522002
IMAG2349.JPG,2026:01:14 02:01:56,2026-01-14 02:01:56,owl,0.19989261
IMAG1668.JPG,2026:01:05 07:15:27,2026-01-05 07:15:27,gemsbok,0.13120033
IMAG1668.JPG,2026:01:05 07:15:27,2026-01-05 07:15:27,gemsbok,0.2458486
IMAG2413.JPG,2026:01:15 19:21:08,2026-01-15 19:21:08,common_wildebeest,0.46753606
IMAG1683.JPG,2026:01:05 11:09:04,2026-01-05 11:09:04,gazelle,0.09349638
IMAG1720.JPG,2026:01:05 18:49:56,2026-01-05 18:49:56,common_wildebeest,0.45416203
IMAG1720.JPG,2026:01:05 18:49:56,2026-01-05 18:49:56,mammal,0.18447526
IMAG1720.JPG,2026:01:05 18:49:56,2026-01-05 18:49:56,mammal,0.13919266
IMAG1720.JPG,2026:01:05 18:49:56,2026-01-05 18:49:56,bird,0.25084507
IMAG1720.JPG,2026:01:05 18:49:56,2026-01-05 18:49:56,bird,0.24042101
IMAG1720.JPG,2026:01:05 18:49:56,2026-01-05 18:49:56,bird,0.47303286
IMAG1720.JPG,2026:01:05 18:49:56,2026-01-05 18:49:56,african_wild_cat,0.12573789
IMAG1720.JPG,2026:01:05 18:49:56,2026-01-05 18:49:56,secretarybird,0.21949472
IMAG1720.JPG,2026:01:05 18:49:56,2026-01-05 18:49:56,owl,0.07400601
IMAG1734.JPG,2026:01:06 00:52:12,2026-01-06 00:52:12,black-backed_jackal,0.44467542
IMAG2201.JPG,2026:01:11 02:41:38,2026-01-11 02:41:38,gemsbok,0.42236573
IMAG1708.JPG,2026:01:05 16:38:11,2026-01-05 16:38:11,gemsbok,0.2760266
IMAG1907.JPG,2026:01:07 18:02:31,2026-01-07 18:02:31,common_wildebeest,0.43583068
IMAG1907.JPG,2026:01:07 18:02:31,2026-01-07 18:02:31,gemsbok,0.3226664
IMAG1522.JPG,2026:01:03 14:36:47,2026-01-03 14:36:47,common_ostrich,0.13450757
IMAG1536.JPG,2026:01:03 17:17:42,2026-01-03 17:17:42,gemsbok,0.118754156
IMAG1536.JPG,2026:01:03 17:17:42,2026-01-03 17:17:42,gemsbok,0.19447167
IMAG0166.JPG,2025:12:11 06:25:03,2025-12-11 06:25:03,common_wildebeest,0.25886115
IMAG2017.JPG,2026:01:08 19:22:05,2026-01-08 19:22:05,hartebeest,0.32171682
IMAG0172.JPG,2025:12:11 08:06:26,2025-12-11 08:06:26,gemsbok,0.34957114
IMAG0172.JPG,2025:12:11 08:06:26,2025-12-11 08:06:26,gemsbok,0.26345336
IMAG0172.JPG,2025:12:11 08:06:26,2025-12-11 08:06:26,butterfly,0.5874324
IMAG0172.JPG,2025:12:11 08:06:26,2025-12-11 08:06:26,common_wildebeest,0.22618824
IMAG0172.JPG,2025:12:11 08:06:26,2025-12-11 08:06:26,butterfly,0.8161408
IMAG0172.JPG,2025:12:11 08:06:26,2025-12-11 08:06:26,common_wildebeest,0.28083017
IMAG0172.JPG,2025:12:11 08:06:26,2025-12-11 08:06:26,butterfly,0.7707728
IMAG0172.JPG,2025:12:11 08:06:26,2025-12-11 08:06:26,butterfly,0.7976672
IMAG0172.JPG,2025:12:11 08:06:26,2025-12-11 08:06:26,corvus_species,0.15154357
IMAG0172.JPG,2025:12:11 08:06:26,2025-12-11 08:06:26,canis_species,0.2847784
IMAG0172.JPG,2025:12:11 08:06:26,2025-12-11 08:06:26,spotted_hyaena,0.17646565
IMAG0172.JPG,2025:12:11 08:06:26,2025-12-11 08:06:26,gemsbok,0.15831715
IMAG0172.JPG,2025:12:11 08:06:26,2025-12-11 08:06:26,gemsbok,0.1527847
IMAG0172.JPG,2025:12:11 08:06:26,2025-12-11 08:06:26,corvus_species,0.17683192
IMAG0172.JPG,2025:12:11 08:06:26,2025-12-11 08:06:26,gemsbok,0.23559766
IMAG0172.JPG,2025:12:11 08:06:26,2025-12-11 08:06:26,bird,0.53191966
IMAG0172.JPG,2025:12:11 08:06:26,2025-12-11 08:06:26,gemsbok,0.32111618
IMAG1287.JPG,2026:01:01 06:42:46,2026-01-01 06:42:46,greater_kudu,0.1341679
IMAG1287.JPG,2026:01:01 06:42:46,2026-01-01 06:42:46,butterfly,0.20755869
IMAG1287.JPG,2026:01:01 06:42:46,2026-01-01 06:42:46,gemsbok,0.4201307
IMAG1287.JPG,2026:01:01 06:42:46,2026-01-01 06:42:46,gemsbok,0.38962632
IMAG1287.JPG,2026:01:01 06:42:46,2026-01-01 06:42:46,gemsbok,0.20042342
IMAG1287.JPG,2026:01:01 06:42:46,2026-01-01 06:42:46,spotted_hyaena,0.34624904
IMAG2002.JPG,2026:01:08 16:34:35,2026-01-08 16:34:35,common_wildebeest,0.16960068
IMAG2002.JPG,2026:01:08 16:34:35,2026-01-08 16:34:35,greater_kudu,0.15150146
IMAG0173.JPG,2025:12:11 08:16:28,2025-12-11 08:16:28,greater_kudu,0.39946133
IMAG0173.JPG,2025:12:11 08:16:28,2025-12-11 08:16:28,mammal,0.16311397
IMAG0173.JPG,2025:12:11 08:16:28,2025-12-11 08:16:28,bird,0.24207658
IMAG0173.JPG,2025:12:11 08:16:28,2025-12-11 08:16:28,greater_kudu,0.4895799
IMAG0173.JPG,2025:12:11 08:16:28,2025-12-11 08:16:28,gemsbok,0.16225788
IMAG0173.JPG,2025:12:11 08:16:28,2025-12-11 08:16:28,greater_kudu,0.31977895
IMAG0173.JPG,2025:12:11 08:16:28,2025-12-11 08:16:28,gemsbok,0.30339643
IMAG0173.JPG,2025:12:11 08:16:28,2025-12-11 08:16:28,gemsbok,0.22299972
IMAG0173.JPG,2025:12:11 08:16:28,2025-12-11 08:16:28,bird,0.32313964
IMAG0173.JPG,2025:12:11 08:16:28,2025-12-11 08:16:28,gemsbok,0.48942393
IMAG0173.JPG,2025:12:11 08:16:28,2025-12-11 08:16:28,gemsbok,0.18157527
IMAG0173.JPG,2025:12:11 08:16:28,2025-12-11 08:16:28,canis_species,0.11156777
IMAG0173.JPG,2025:12:11 08:16:28,2025-12-11 08:16:28,bird,0.13176377
IMAG0173.JPG,2025:12:11 08:16:28,2025-12-11 08:16:28,bird,0.53218347
IMAG0173.JPG,2025:12:11 08:16:28,2025-12-11 08:16:28,corvus_species,0.11372776
IMAG0173.JPG,2025:12:11 08:16:28,2025-12-11 08:16:28,common_wildebeest,0.16364081
IMAG0167.JPG,2025:12:11 06:35:06,2025-12-11 06:35:06,gemsbok,0.38498855
IMAG0167.JPG,2025:12:11 06:35:06,2025-12-11 06:35:06,african_wild_cat,0.15093814
IMAG1537.JPG,2026:01:03 17:27:53,2026-01-03 17:27:53,common_wildebeest,0.251732
IMAG1537.JPG,2026:01:03 17:27:53,2026-01-03 17:27:53,gemsbok,0.3295437
IMAG1906.JPG,2026:01:07 17:52:31,2026-01-07 17:52:31,bird,0.39020565
IMAG1906.JPG,2026:01:07 17:52:31,2026-01-07 17:52:31,bird,0.17156802
IMAG1709.JPG,2026:01:05 16:48:12,2026-01-05 16:48:12,bird,0.1670517
IMAG1709.JPG,2026:01:05 16:48:12,2026-01-05 16:48:12,bird,0.29982015
IMAG1709.JPG,2026:01:05 16:48:12,2026-01-05 16:48:12,bird,0.5625515
IMAG2200.JPG,2026:01:11 02:15:51,2026-01-11 02:15:51,gemsbok,0.42661327
IMAG2214.JPG,2026:01:11 08:26:00,2026-01-11 08:26:00,african_wild_cat,0.14624289
IMAG2214.JPG,2026:01:11 08:26:00,2026-01-11 08:26:00,leopard,0.18211417
IMAG1735.JPG,2026:01:06 01:41:59,2026-01-06 01:41:59,common_wildebeest,0.3879372
IMAG1872.JPG,2026:01:07 11:57:04,2026-01-07 11:57:04,common_wildebeest,0.3952505
IMAG1872.JPG,2026:01:07 11:57:04,2026-01-07 11:57:04,gemsbok,0.20676172
IMAG1872.JPG,2026:01:07 11:57:04,2026-01-07 11:57:04,canis_species,0.23330092
IMAG1682.JPG,2026:01:05 10:56:28,2026-01-05 10:56:28,bird,0.21604325
IMAG1682.JPG,2026:01:05 10:56:28,2026-01-05 10:56:28,bird,0.561747
IMAG2412.JPG,2026:01:15 19:05:23,2026-01-15 19:05:23,secretarybird,0.5250715
IMAG2360.JPG,2026:01:14 07:57:43,2026-01-14 07:57:43,bird,0.54431957
IMAG2360.JPG,2026:01:14 07:57:43,2026-01-14 07:57:43,common_wildebeest,0.29854777
IMAG2348.JPG,2026:01:13 22:57:39,2026-01-13 22:57:39,bird,0.32915667
IMAG1641.JPG,2026:01:04 17:52:18,2026-01-04 17:52:18,common_ostrich,0.22275391
IMAG1899.JPG,2026:01:07 16:41:01,2026-01-07 16:41:01,bird,0.16291057
IMAG1899.JPG,2026:01:07 16:41:01,2026-01-07 16:41:01,black-backed_jackal,0.22119884
IMAG1655.JPG,2026:01:04 21:29:37,2026-01-04 21:29:37,bird,0.555687
IMAG2189.JPG,2026:01:10 18:17:29,2026-01-10 18:17:29,canis_species,0.20339872
IMAG1480.JPG,2026:01:03 02:52:03,2026-01-03 02:52:03,canis_species,0.16213699
IMAG1480.JPG,2026:01:03 02:52:03,2026-01-03 02:52:03,plains_zebra,0.82506907
IMAG1494.JPG,2026:01:03 08:37:00,2026-01-03 08:37:00,gemsbok,0.13882989
IMAG2176.JPG,2026:01:10 13:22:36,2026-01-10 13:22:36,gemsbok,0.3660173
IMAG0007.JPG,2025:12:08 17:42:02,2025-12-08 17:42:02,bird,0.5340427
IMAG1443.JPG,2026:01:02 17:06:34,2026-01-02 17:06:34,bird,0.5317785
IMAG0039.JPG,2025:12:09 08:53:40,2025-12-09 08:53:40,bird,0.22385521
IMAG1327.JPG,2026:01:01 14:25:23,2026-01-01 14:25:23,bird,0.45031407
IMAG1327.JPG,2026:01:01 14:25:23,2026-01-01 14:25:23,bird,0.28221405
IMAG1327.JPG,2026:01:01 14:25:23,2026-01-01 14:25:23,bird,0.24322233
IMAG1455.JPG,2026:01:02 19:20:06,2026-01-02 19:20:06,spotted_hyaena,0.21355133
IMAG2160.JPG,2026:01:10 09:43:37,2026-01-10 09:43:37,secretarybird,0.42045146
IMAG1469.JPG,2026:01:02 23:02:47,2026-01-02 23:02:47,secretarybird,0.5788852
IMAG1469.JPG,2026:01:02 23:02:47,2026-01-02 23:02:47,gemsbok,0.71079814
IMAG1482.JPG,2026:01:03 05:56:21,2026-01-03 05:56:21,gemsbok,0.3358514
IMAG1496.JPG,2026:01:03 08:59:45,2026-01-03 08:59:45,bird,0.839509
IMAG2438.JPG,2026:01:16 15:08:50,2026-01-16 15:08:50,spotted_hyaena,0.20992479
IMAG1657.JPG,2026:01:05 00:12:10,2026-01-05 00:12:10,secretarybird,0.19701913
IMAG2376.JPG,2026:01:14 23:48:30,2026-01-14 23:48:30,mammal,0.20903635
IMAG2404.JPG,2026:01:15 15:22:00,2026-01-15 15:22:00,corvus_species,0.33727807
IMAG1858.JPG,2026:01:07 09:26:11,2026-01-07 09:26:11,canis_species,0.09642348
IMAG1870.JPG,2026:01:07 11:34:48,2026-01-07 11:34:48,owl,0.1667111
IMAG1737.JPG,2026:01:06 05:57:51,2026-01-06 05:57:51,common_eland,0.15321195
IMAG2202.JPG,2026:01:11 02:53:40,2026-01-11 02:53:40,common_eland,0.27799886
IMAG2216.JPG,2026:01:11 08:58:39,2026-01-11 08:58:39,canis_species,0.13711016
IMAG1910.JPG,2026:01:07 18:32:51,2026-01-07 18:32:51,mammal,0.10690961
IMAG1910.JPG,2026:01:07 18:32:51,2026-01-07 18:32:51,gemsbok,0.39602607
IMAG1904.JPG,2026:01:07 17:31:29,2026-01-07 17:31:29,gemsbok,0.52785283
IMAG1904.JPG,2026:01:07 17:31:29,2026-01-07 17:31:29,gemsbok,0.113052346
IMAG1535.JPG,2026:01:03 17:07:01,2026-01-03 17:07:01,bird,0.3404825
IMAG0159.JPG,2025:12:11 02:38:00,2025-12-11 02:38:00,bird,0.31299868
IMAG0171.JPG,2025:12:11 07:56:25,2025-12-11 07:56:25,butterfly,0.5088003
IMAG0171.JPG,2025:12:11 07:56:25,2025-12-11 07:56:25,bird,0.3308879
IMAG0171.JPG,2025:12:11 07:56:25,2025-12-11 07:56:25,black-backed_jackal,0.27285063
IMAG0171.JPG,2025:12:11 07:56:25,2025-12-11 07:56:25,secretarybird,0.16282724
IMAG0171.JPG,2025:12:11 07:56:25,2025-12-11 07:56:25,spotted_hyaena,0.12560244
IMAG0171.JPG,2025:12:11 07:56:25,2025-12-11 07:56:25,gemsbok,0.2276919
IMAG0171.JPG,2025:12:11 07:56:25,2025-12-11 07:56:25,butterfly,0.11479886
IMAG0171.JPG,2025:12:11 07:56:25,2025-12-11 07:56:25,butterfly,0.44504443
IMAG2000.JPG,2026:01:08 16:14:19,2026-01-08 16:14:19,gemsbok,0.39476544
IMAG2000.JPG,2026:01:08 16:14:19,2026-01-08 16:14:19,black-backed_jackal,0.2495078
IMAG0165.JPG,2025:12:11 05:46:45,2025-12-11 05:46:45,gemsbok,0.25712937
IMAG0165.JPG,2025:12:11 05:46:45,2025-12-11 05:46:45,gemsbok,0.14205804
IMAG0165.JPG,2025:12:11 05:46:45,2025-12-11 05:46:45,gemsbok,0.249737
IMAG0165.JPG,2025:12:11 05:46:45,2025-12-11 05:46:45,common_eland,0.2728217
IMAG1290.JPG,2026:01:01 07:15:54,2026-01-01 07:15:54,bird,0.25165096
IMAG1285.JPG,2026:01:01 05:31:13,2026-01-01 05:31:13,bird,0.29118147
IMAG0164.JPG,2025:12:11 05:36:45,2025-12-11 05:36:45,hartebeest,0.38253525
IMAG0170.JPG,2025:12:11 07:46:24,2025-12-11 07:46:24,butterfly,0.4081203
IMAG2029.JPG,2026:01:08 22:13:11,2026-01-08 22:13:11,hartebeest,0.31050548
IMAG0158.JPG,2025:12:11 01:41:21,2025-12-11 01:41:21,butterfly,0.25775522
IMAG1534.JPG,2026:01:03 16:56:48,2026-01-03 16:56:48,bird,0.25738415
IMAG1911.JPG,2026:01:07 18:42:51,2026-01-07 18:42:51,butterfly,0.1895571
IMAG1911.JPG,2026:01:07 18:42:51,2026-01-07 18:42:51,gemsbok,0.22998033
IMAG1911.JPG,2026:01:07 18:42:51,2026-01-07 18:42:51,butterfly,0.10219337
IMAG1911.JPG,2026:01:07 18:42:51,2026-01-07 18:42:51,bird,0.7084202
IMAG1911.JPG,2026:01:07 18:42:51,2026-01-07 18:42:51,bird,0.4334374
IMAG1911.JPG,2026:01:07 18:42:51,2026-01-07 18:42:51,bird,0.18633266
IMAG1939.JPG,2026:01:08 02:19:16,2026-01-08 02:19:16,bird,0.55253595
IMAG2203.JPG,2026:01:11 03:03:41,2026-01-11 03:03:41,common_ostrich,0.16996463
IMAG1722.JPG,2026:01:05 19:11:49,2026-01-05 19:11:49,mammal,0.10439292
IMAG1722.JPG,2026:01:05 19:11:49,2026-01-05 19:11:49,hartebeest,0.1669747
IMAG1722.JPG,2026:01:05 19:11:49,2026-01-05 19:11:49,gemsbok,0.43338627
IMAG1871.JPG,2026:01:07 11:47:04,2026-01-07 11:47:04,gemsbok,0.41035506
IMAG1859.JPG,2026:01:07 09:36:18,2026-01-07 09:36:18,gemsbok,0.17592853
IMAG1859.JPG,2026:01:07 09:36:18,2026-01-07 09:36:18,gemsbok,0.21033055
IMAG1859.JPG,2026:01:07 09:36:18,2026-01-07 09:36:18,gemsbok,0.6178483
IMAG2405.JPG,2026:01:15 15:32:07,2026-01-15 15:32:07,leopard,0.29300705
IMAG2377.JPG,2026:01:15 05:01:14,2026-01-15 05:01:14,common_wildebeest,0.10633196
IMAG1656.JPG,2026:01:04 22:40:15,2026-01-04 22:40:15,common_ostrich,0.45766783
IMAG1468.JPG,2026:01:02 22:52:46,2026-01-02 22:52:46,common_ostrich,0.47551066
IMAG1468.JPG,2026:01:02 22:52:46,2026-01-02 22:52:46,common_eland,0.24169771
IMAG1468.JPG,2026:01:02 22:52:46,2026-01-02 22:52:46,common_eland,0.1904255
IMAG2161.JPG,2026:01:10 10:00:46,2026-01-10 10:00:46,mammal,0.13107121
IMAG0010.JPG,2025:12:08 18:12:25,2025-12-08 18:12:25,secretarybird,0.59469855
IMAG0010.JPG,2025:12:08 18:12:25,2025-12-08 18:12:25,mammal,0.22650048
IMAG2175.JPG,2026:01:10 13:09:05,2026-01-10 13:09:05,corvus_species,0.121130705
IMAG1454.JPG,2026:01:02 19:08:38,2026-01-02 19:08:38,bird,0.38499185
IMAG1326.JPG,2026:01:01 14:15:16,2026-01-01 14:15:16,bird,0.2632901
IMAG0038.JPG,2025:12:09 08:43:11,2025-12-09 08:43:11,gazelle,0.57859313
IMAG2149.JPG,2026:01:10 07:26:02,2026-01-10 07:26:02,secretarybird,0.3913981
IMAG2150.JPG,2026:01:10 07:42:30,2026-01-10 07:42:30,black-backed_jackal,0.77508706
IMAG0021.JPG,2025:12:09 02:17:47,2025-12-09 02:17:47,bird,0.18934917
IMAG0035.JPG,2025:12:09 07:59:23,2025-12-09 07:59:23,bird,0.3344277
IMAG2144.JPG,2026:01:10 06:30:42,2026-01-10 06:30:42,canis_species,0.18151341
IMAG1465.JPG,2026:01:02 22:22:43,2026-01-02 22:22:43,secretarybird,0.4015253
IMAG0009.JPG,2025:12:08 18:02:17,2025-12-08 18:02:17,secretarybird,0.553658
IMAG0009.JPG,2025:12:08 18:02:17,2025-12-08 18:02:17,gemsbok,0.6390129
IMAG0009.JPG,2025:12:08 18:02:17,2025-12-08 18:02:17,gemsbok,0.38346666
IMAG1317.JPG,2026:01:01 12:37:08,2026-01-01 12:37:08,black-backed_jackal,0.24992597
IMAG1471.JPG,2026:01:02 23:22:49,2026-01-02 23:22:49,corvus_species,0.470683
IMAG1471.JPG,2026:01:02 23:22:49,2026-01-02 23:22:49,gemsbok,0.27107647
IMAG2193.JPG,2026:01:10 19:25:22,2026-01-10 19:25:22,bird,0.28678653
IMAG2434.JPG,2026:01:16 12:18:57,2026-01-16 12:18:57,gemsbok,0.4286804
IMAG1883.JPG,2026:01:07 13:54:39,2026-01-07 13:54:39,gemsbok,0.5076013
IMAG1883.JPG,2026:01:07 13:54:39,2026-01-07 13:54:39,plains_zebra,0.92800635
IMAG1883.JPG,2026:01:07 13:54:39,2026-01-07 13:54:39,gemsbok,0.53147167
IMAG1883.JPG,2026:01:07 13:54:39,2026-01-07 13:54:39,hystrix_species,0.8913717
IMAG2352.JPG,2026:01:14 03:28:00,2026-01-14 03:28:00,butterfly,0.53262526
IMAG2346.JPG,2026:01:13 21:56:05,2026-01-13 21:56:05,secretarybird,0.58954376
IMAG1897.JPG,2026:01:07 16:20:11,2026-01-07 16:20:11,common_wildebeest,0.34336123
IMAG2420.JPG,2026:01:16 05:31:47,2026-01-16 05:31:47,black-backed_jackal,0.25112167
IMAG1854.JPG,2026:01:07 08:39:03,2026-01-07 08:39:03,secretarybird,0.3010374
IMAG1854.JPG,2026:01:07 08:39:03,2026-01-07 08:39:03,mammal,0.10324131
IMAG1854.JPG,2026:01:07 08:39:03,2026-01-07 08:39:03,black-backed_jackal,0.5331585
IMAG1854.JPG,2026:01:07 08:39:03,2026-01-07 08:39:03,bird,0.28731638
IMAG1854.JPG,2026:01:07 08:39:03,2026-01-07 08:39:03,bird,0.67134225
IMAG1854.JPG,2026:01:07 08:39:03,2026-01-07 08:39:03,bird,0.25179255
IMAG1854.JPG,2026:01:07 08:39:03,2026-01-07 08:39:03,bird,0.47981423
IMAG2385.JPG,2026:01:15 08:30:30,2026-01-15 08:30:30,bird,0.7151852
IMAG1707.JPG,2026:01:05 16:27:59,2026-01-05 16:27:59,gemsbok,0.13527001
IMAG1707.JPG,2026:01:05 16:27:59,2026-01-05 16:27:59,gemsbok,0.30086458
IMAG1707.JPG,2026:01:05 16:27:59,2026-01-05 16:27:59,common_wildebeest,0.31969115
IMAG1707.JPG,2026:01:05 16:27:59,2026-01-05 16:27:59,african_wild_cat,0.10854342
IMAG1707.JPG,2026:01:05 16:27:59,2026-01-05 16:27:59,bird,0.20471635
IMAG1707.JPG,2026:01:05 16:27:59,2026-01-05 16:27:59,bird,0.6188385
IMAG1707.JPG,2026:01:05 16:27:59,2026-01-05 16:27:59,bird,0.7531604
IMAG1707.JPG,2026:01:05 16:27:59,2026-01-05 16:27:59,gemsbok,0.4171823
IMAG1934.JPG,2026:01:08 01:19:51,2026-01-08 01:19:51,bird,0.23602182
IMAG1934.JPG,2026:01:08 01:19:51,2026-01-08 01:19:51,gemsbok,0.33221957
IMAG1934.JPG,2026:01:08 01:19:51,2026-01-08 01:19:51,bird,0.510322
IMAG1908.JPG,2026:01:07 18:12:35,2026-01-07 18:12:35,common_eland,0.24124765
IMAG1908.JPG,2026:01:07 18:12:35,2026-01-07 18:12:35,gemsbok,0.17767489
IMAG0155.JPG,2025:12:10 21:48:18,2025-12-10 21:48:18,gemsbok,0.21592999
IMAG2018.JPG,2026:01:08 19:39:14,2026-01-08 19:39:14,bird,0.28986478
IMAG0169.JPG,2025:12:11 07:11:50,2025-12-11 07:11:50,bird,0.23236603
IMAG0169.JPG,2025:12:11 07:11:50,2025-12-11 07:11:50,bird,0.20874643
IMAG0169.JPG,2025:12:11 07:11:50,2025-12-11 07:11:50,gemsbok,0.54328656
IMAG0169.JPG,2025:12:11 07:11:50,2025-12-11 07:11:50,secretarybird,0.5571487
IMAG1505.JPG,2026:01:03 10:48:10,2026-01-03 10:48:10,tortise,0.17183091
IMAG1505.JPG,2026:01:03 10:48:10,2026-01-03 10:48:10,gemsbok,0.29300427
IMAG0182.JPG,2025:12:11 10:18:17,2025-12-11 10:18:17,gemsbok,0.29135016
IMAG0182.JPG,2025:12:11 10:18:17,2025-12-11 10:18:17,gemsbok,0.3710626
IMAG0182.JPG,2025:12:11 10:18:17,2025-12-11 10:18:17,gemsbok,0.279273
IMAG0182.JPG,2025:12:11 10:18:17,2025-12-11 10:18:17,bird,0.38258508
IMAG0182.JPG,2025:12:11 10:18:17,2025-12-11 10:18:17,bird,0.62733275
IMAG0182.JPG,2025:12:11 10:18:17,2025-12-11 10:18:17,bird,0.22715656
IMAG0182.JPG,2025:12:11 10:18:17,2025-12-11 10:18:17,common_wildebeest,0.16335337
IMAG0182.JPG,2025:12:11 10:18:17,2025-12-11 10:18:17,bird,0.56478643
IMAG0182.JPG,2025:12:11 10:18:17,2025-12-11 10:18:17,bird,0.4683528
IMAG0182.JPG,2025:12:11 10:18:17,2025-12-11 10:18:17,gemsbok,0.24009514
IMAG0183.JPG,2025:12:11 10:28:29,2025-12-11 10:28:29,gemsbok,0.22629523
IMAG0183.JPG,2025:12:11 10:28:29,2025-12-11 10:28:29,canis_species,0.503639
IMAG0183.JPG,2025:12:11 10:28:29,2025-12-11 10:28:29,corvus_species,0.30358404
IMAG0183.JPG,2025:12:11 10:28:29,2025-12-11 10:28:29,gemsbok,0.3219576
IMAG0183.JPG,2025:12:11 10:28:29,2025-12-11 10:28:29,canis_species,0.2747586
IMAG1504.JPG,2026:01:03 10:38:04,2026-01-03 10:38:04,bird,0.19118017
IMAG1504.JPG,2026:01:03 10:38:04,2026-01-03 10:38:04,butterfly,0.112617314
IMAG1510.JPG,2026:01:03 11:50:45,2026-01-03 11:50:45,owl,0.53646255
IMAG0168.JPG,2025:12:11 07:01:47,2025-12-11 07:01:47,bird,0.20496793
IMAG2031.JPG,2026:01:08 22:36:48,2026-01-08 22:36:48,common_wildebeest,0.25429657
IMAG1538.JPG,2026:01:03 17:38:01,2026-01-03 17:38:01,bird,0.5352377
IMAG1538.JPG,2026:01:03 17:38:01,2026-01-03 17:38:01,bird,0.2516279
IMAG2025.JPG,2026:01:08 21:17:29,2026-01-08 21:17:29,butterfly,0.1230884
IMAG0154.JPG,2025:12:10 20:36:43,2025-12-10 20:36:43,african_wild_cat,0.40788603
IMAG1909.JPG,2026:01:07 18:22:50,2026-01-07 18:22:50,corvus_species,0.34483948
IMAG1935.JPG,2026:01:08 01:29:52,2026-01-08 01:29:52,gemsbok,0.47062424
IMAG1935.JPG,2026:01:08 01:29:52,2026-01-08 01:29:52,tortise,0.10070971
IMAG1706.JPG,2026:01:05 16:17:54,2026-01-05 16:17:54,hartebeest,0.34023133
IMAG1706.JPG,2026:01:05 16:17:54,2026-01-05 16:17:54,leopard,0.24295954
IMAG1706.JPG,2026:01:05 16:17:54,2026-01-05 16:17:54,owl,0.18203014
IMAG1706.JPG,2026:01:05 16:17:54,2026-01-05 16:17:54,canis_species,0.15972899
IMAG1706.JPG,2026:01:05 16:17:54,2026-01-05 16:17:54,spotted_hyaena,0.26286325
IMAG1706.JPG,2026:01:05 16:17:54,2026-01-05 16:17:54,secretarybird,0.2607325
IMAG1706.JPG,2026:01:05 16:17:54,2026-01-05 16:17:54,secretarybird,0.53113455
IMAG1706.JPG,2026:01:05 16:17:54,2026-01-05 16:17:54,corvus_species,0.51889664
IMAG1706.JPG,2026:01:05 16:17:54,2026-01-05 16:17:54,hartebeest,0.21553233
IMAG2233.JPG,2026:01:11 16:00:52,2026-01-11 16:00:52,gemsbok,0.1293114
IMAG1869.JPG,2026:01:07 11:24:47,2026-01-07 11:24:47,hartebeest,0.22153117
IMAG1869.JPG,2026:01:07 11:24:47,2026-01-07 11:24:47,hartebeest,0.372973
IMAG2384.JPG,2026:01:15 08:20:30,2026-01-15 08:20:30,hartebeest,0.21646708
IMAG2384.JPG,2026:01:15 08:20:30,2026-01-15 08:20:30,gemsbok,0.5426664
IMAG2384.JPG,2026:01:15 08:20:30,2026-01-15 08:20:30,leopard,0.16397737
IMAG1855.JPG,2026:01:07 08:51:04,2026-01-07 08:51:04,common_ostrich,0.4105586
IMAG1855.JPG,2026:01:07 08:51:04,2026-01-07 08:51:04,common_ostrich,0.68741333
IMAG2390.JPG,2026:01:15 10:08:42,2026-01-15 10:08:42,giraffe,0.48295313
IMAG2390.JPG,2026:01:15 10:08:42,2026-01-15 10:08:42,corvus_species,0.17304158
IMAG1666.JPG,2026:01:05 06:55:19,2026-01-05 06:55:19,bird,0.1783419
IMAG1896.JPG,2026:01:07 16:09:31,2026-01-07 16:09:31,gemsbok,0.22433586
IMAG2347.JPG,2026:01:13 22:47:39,2026-01-13 22:47:39,plains_zebra,0.7102483
IMAG2421.JPG,2026:01:16 06:31:39,2026-01-16 06:31:39,common_wildebeest,0.24861299
IMAG2421.JPG,2026:01:16 06:31:39,2026-01-16 06:31:39,hartebeest,0.34847006
IMAG2421.JPG,2026:01:16 06:31:39,2026-01-16 06:31:39,bird,0.24089234
IMAG2421.JPG,2026:01:16 06:31:39,2026-01-16 06:31:39,common_ostrich,0.20271632
IMAG2353.JPG,2026:01:14 03:38:53,2026-01-14 03:38:53,butterfly,0.2250211
IMAG1882.JPG,2026:01:07 13:44:38,2026-01-07 13:44:38,bird,0.58326685
IMAG1882.JPG,2026:01:07 13:44:38,2026-01-07 13:44:38,common_wildebeest,0.11925035
IMAG1882.JPG,2026:01:07 13:44:38,2026-01-07 13:44:38,spotted_hyaena,0.17487633
IMAG1882.JPG,2026:01:07 13:44:38,2026-01-07 13:44:38,secretarybird,0.6228365
IMAG2192.JPG,2026:01:10 19:11:38,2026-01-10 19:11:38,hystrix_species,0.28839648
IMAG1316.JPG,2026:01:01 12:26:17,2026-01-01 12:26:17,mammal,0.17693172
IMAG1316.JPG,2026:01:01 12:26:17,2026-01-01 12:26:17,common_wildebeest,0.2097502
IMAG0008.JPG,2025:12:08 17:52:09,2025-12-08 17:52:09,common_eland,0.16544436
IMAG1470.JPG,2026:01:02 23:12:48,2026-01-02 23:12:48,bird,0.3233727
IMAG2179.JPG,2026:01:10 14:18:12,2026-01-10 14:18:12,gemsbok,0.5585289
IMAG1302.JPG,2026:01:01 09:47:50,2026-01-01 09:47:50,spotted_hyaena,0.23144567
IMAG0034.JPG,2025:12:09 07:49:14,2025-12-09 07:49:14,common_ostrich,0.18270098
IMAG0034.JPG,2025:12:09 07:49:14,2025-12-09 07:49:14,bird,0.3846516
IMAG2145.JPG,2026:01:10 06:41:58,2026-01-10 06:41:58,bird,0.48326042
IMAG2151.JPG,2026:01:10 07:59:06,2026-01-10 07:59:06,butterfly,0.37353694
IMAG0020.JPG,2025:12:08 22:56:58,2025-12-08 22:56:58,bird,0.44521415
IMAG2147.JPG,2026:01:10 07:03:19,2026-01-10 07:03:19,bird,0.5430574
IMAG1328.JPG,2026:01:01 14:36:01,2026-01-01 14:36:01,butterfly,0.12920807
IMAG0022.JPG,2025:12:09 03:39:59,2025-12-09 03:39:59,bird,0.65457696
IMAG2153.JPG,2026:01:10 08:24:15,2026-01-10 08:24:15,bird,0.57726264
IMAG1472.JPG,2026:01:02 23:32:50,2026-01-02 23:32:50,butterfly,0.83928704
IMAG1472.JPG,2026:01:02 23:32:50,2026-01-02 23:32:50,mammal,0.27492845
IMAG1314.JPG,2026:01:01 12:03:10,2026-01-01 12:03:10,hartebeest,0.47111115
IMAG1466.JPG,2026:01:02 22:32:44,2026-01-02 22:32:44,canis_species,0.35377753
IMAG1466.JPG,2026:01:02 22:32:44,2026-01-02 22:32:44,hartebeest,0.14874083
IMAG1466.JPG,2026:01:02 22:32:44,2026-01-02 22:32:44,bird,0.40524626
IMAG2184.JPG,2026:01:10 15:56:52,2026-01-10 15:56:52,secretarybird,0.6173964
IMAG1499.JPG,2026:01:03 09:35:28,2026-01-03 09:35:28,gemsbok,0.22943144
IMAG1499.JPG,2026:01:03 09:35:28,2026-01-03 09:35:28,gemsbok,0.20031986
IMAG2345.JPG,2026:01:13 20:20:44,2026-01-13 20:20:44,bird,0.35243478
IMAG1894.JPG,2026:01:07 15:46:25,2026-01-07 15:46:25,bird,0.4079131
IMAG1880.JPG,2026:01:07 13:24:35,2026-01-07 13:24:35,bird,0.38226357
IMAG1880.JPG,2026:01:07 13:24:35,2026-01-07 13:24:35,gemsbok,0.3586784
IMAG1658.JPG,2026:01:05 00:22:11,2026-01-05 00:22:11,plains_zebra,0.91628546
IMAG2351.JPG,2026:01:14 03:16:14,2026-01-14 03:16:14,butterfly,0.24122582
IMAG2437.JPG,2026:01:16 14:12:40,2026-01-16 14:12:40,canis_species,0.26963362
IMAG1670.JPG,2026:01:05 08:19:45,2026-01-05 08:19:45,corvus_species,0.3499042
IMAG1670.JPG,2026:01:05 08:19:45,2026-01-05 08:19:45,secretarybird,0.5677415
IMAG1670.JPG,2026:01:05 08:19:45,2026-01-05 08:19:45,black-backed_jackal,0.15739805
IMAG1670.JPG,2026:01:05 08:19:45,2026-01-05 08:19:45,giraffe,0.7170522
IMAG1664.JPG,2026:01:05 06:34:02,2026-01-05 06:34:02,common_eland,0.33810443
IMAG2231.JPG,2026:01:11 15:36:28,2026-01-11 15:36:28,gemsbok,0.23416455
IMAG1704.JPG,2026:01:05 15:47:25,2026-01-05 15:47:25,gemsbok,0.1696589
IMAG1710.JPG,2026:01:05 16:59:58,2026-01-05 16:59:58,gemsbok,0.20335314
IMAG1710.JPG,2026:01:05 16:59:58,2026-01-05 16:59:58,bird,0.40075126
IMAG1710.JPG,2026:01:05 16:59:58,2026-01-05 16:59:58,bird,0.58346504
IMAG1710.JPG,2026:01:05 16:59:58,2026-01-05 16:59:58,bird,0.37119326
IMAG1710.JPG,2026:01:05 16:59:58,2026-01-05 16:59:58,bird,0.47068822
IMAG1710.JPG,2026:01:05 16:59:58,2026-01-05 16:59:58,bird,0.48781165
IMAG1710.JPG,2026:01:05 16:59:58,2026-01-05 16:59:58,butterfly,0.53069687
IMAG1710.JPG,2026:01:05 16:59:58,2026-01-05 16:59:58,bird,0.20107397
IMAG1923.JPG,2026:01:07 21:54:02,2026-01-07 21:54:02,african_wild_cat,0.33853495
IMAG1937.JPG,2026:01:08 01:49:54,2026-01-08 01:49:54,gemsbok,0.55204254
IMAG1937.JPG,2026:01:08 01:49:54,2026-01-08 01:49:54,spotted_hyaena,0.15690704
IMAG1937.JPG,2026:01:08 01:49:54,2026-01-08 01:49:54,plains_zebra,0.19327146
IMAG0142.JPG,2025:12:10 17:31:34,2025-12-10 17:31:34,bird,0.4381075
IMAG0156.JPG,2025:12:11 01:09:08,2025-12-11 01:09:08,bird,0.25834113
IMAG1506.JPG,2026:01:03 11:00:11,2026-01-03 11:00:11,bird,0.6888079
IMAG0181.JPG,2025:12:11 10:08:13,2025-12-11 10:08:13,bird,0.22015713
IMAG0181.JPG,2025:12:11 10:08:13,2025-12-11 10:08:13,bird,0.26610506
IMAG0181.JPG,2025:12:11 10:08:13,2025-12-11 10:08:13,common_ostrich,0.23655446
IMAG0181.JPG,2025:12:11 10:08:13,2025-12-11 10:08:13,gemsbok,0.28223222
IMAG0181.JPG,2025:12:11 10:08:13,2025-12-11 10:08:13,gemsbok,0.6217438
IMAG0180.JPG,2025:12:11 09:58:09,2025-12-11 09:58:09,bird,0.5025343
IMAG0180.JPG,2025:12:11 09:58:09,2025-12-11 09:58:09,bird,0.35932896
IMAG0180.JPG,2025:12:11 09:58:09,2025-12-11 09:58:09,corvus_species,0.33380553
IMAG0180.JPG,2025:12:11 09:58:09,2025-12-11 09:58:09,tortise,0.21203066
IMAG1507.JPG,2026:01:03 11:10:24,2026-01-03 11:10:24,corvus_species,0.22830325
IMAG0157.JPG,2025:12:11 01:22:17,2025-12-11 01:22:17,bird,0.48161572
IMAG2032.JPG,2026:01:08 22:47:58,2026-01-08 22:47:58,bird,0.3120085
IMAG0143.JPG,2025:12:10 17:41:50,2025-12-10 17:41:50,bird,0.2747447
IMAG1936.JPG,2026:01:08 01:39:53,2026-01-08 01:39:53,giraffe,0.76820433
IMAG1936.JPG,2026:01:08 01:39:53,2026-01-08 01:39:53,bird,0.5993647
IMAG1711.JPG,2026:01:05 17:10:00,2026-01-05 17:10:00,giraffe,0.3349587
IMAG1711.JPG,2026:01:05 17:10:00,2026-01-05 17:10:00,secretarybird,0.4350594
IMAG1705.JPG,2026:01:05 16:07:52,2026-01-05 16:07:52,common_wildebeest,0.12841089
IMAG1739.JPG,2026:01:06 06:33:47,2026-01-06 06:33:47,common_wildebeest,0.16216527
IMAG2230.JPG,2026:01:11 15:21:57,2026-01-11 15:21:57,bird,0.34936574
IMAG2393.JPG,2026:01:15 11:29:56,2026-01-15 11:29:56,corvus_species,0.2472858
IMAG2393.JPG,2026:01:15 11:29:56,2026-01-15 11:29:56,bird,0.5448237
IMAG1856.JPG,2026:01:07 09:03:18,2026-01-07 09:03:18,bird,0.2892078
IMAG1665.JPG,2026:01:05 06:45:17,2026-01-05 06:45:17,hartebeest,0.4165063
IMAG1665.JPG,2026:01:05 06:45:17,2026-01-05 06:45:17,bird,0.18432596
IMAG2378.JPG,2026:01:15 07:00:58,2026-01-15 07:00:58,giraffe,0.110329725
IMAG2350.JPG,2026:01:14 02:59:28,2026-01-14 02:59:28,common_ostrich,0.4111174
IMAG1659.JPG,2026:01:05 00:59:14,2026-01-05 00:59:14,common_ostrich,0.30000278
IMAG1881.JPG,2026:01:07 13:34:37,2026-01-07 13:34:37,common_ostrich,0.37258485
IMAG1881.JPG,2026:01:07 13:34:37,2026-01-07 13:34:37,plains_zebra,0.7787877
IMAG1881.JPG,2026:01:07 13:34:37,2026-01-07 13:34:37,gemsbok,0.09627464
IMAG1881.JPG,2026:01:07 13:34:37,2026-01-07 13:34:37,owl,0.12565978
IMAG1881.JPG,2026:01:07 13:34:37,2026-01-07 13:34:37,common_wildebeest,0.162528
IMAG1881.JPG,2026:01:07 13:34:37,2026-01-07 13:34:37,corvus_species,0.19411363
IMAG1881.JPG,2026:01:07 13:34:37,2026-01-07 13:34:37,bird,0.21451753
IMAG2436.JPG,2026:01:16 14:01:42,2026-01-16 14:01:42,gemsbok,0.44510874
IMAG1895.JPG,2026:01:07 15:56:38,2026-01-07 15:56:38,bird,0.39529386
IMAG1895.JPG,2026:01:07 15:56:38,2026-01-07 15:56:38,black-backed_jackal,0.35962525
IMAG2185.JPG,2026:01:10 16:45:06,2026-01-10 16:45:06,common_ostrich,0.16205433
IMAG1301.JPG,2026:01:01 09:37:21,2026-01-01 09:37:21,common_ostrich,0.2740206
IMAG1467.JPG,2026:01:02 22:42:45,2026-01-02 22:42:45,canis_species,0.23744477
IMAG1473.JPG,2026:01:02 23:42:51,2026-01-02 23:42:51,bird,0.2638501
IMAG1473.JPG,2026:01:02 23:42:51,2026-01-02 23:42:51,bird,0.46430382
IMAG1473.JPG,2026:01:02 23:42:51,2026-01-02 23:42:51,bird,0.22678798
IMAG0023.JPG,2025:12:09 04:11:37,2025-12-09 04:11:37,bird,0.4914446
IMAG1329.JPG,2026:01:01 14:46:56,2026-01-01 14:46:56,common_wildebeest,0.23076245
IMAG1311.JPG,2026:01:01 11:29:21,2026-01-01 11:29:21,bird,0.34011057
IMAG1477.JPG,2026:01:03 01:09:43,2026-01-03 01:09:43,bird,0.34137315
IMAG1463.JPG,2026:01:02 21:11:16,2026-01-02 21:11:16,bird,0.5711821
IMAG1463.JPG,2026:01:02 21:11:16,2026-01-02 21:11:16,bird,0.50997835
IMAG0033.JPG,2025:12:09 07:37:39,2025-12-09 07:37:39,bird,0.20086883
IMAG0033.JPG,2025:12:09 07:37:39,2025-12-09 07:37:39,butterfly,0.4424887
IMAG2156.JPG,2026:01:10 09:00:49,2026-01-10 09:00:49,secretarybird,0.20051292
IMAG1488.JPG,2026:01:03 07:31:59,2026-01-03 07:31:59,bird,0.20514366
IMAG1488.JPG,2026:01:03 07:31:59,2026-01-03 07:31:59,bird,0.58106637
IMAG1488.JPG,2026:01:03 07:31:59,2026-01-03 07:31:59,corvus_species,0.2736647
IMAG1488.JPG,2026:01:03 07:31:59,2026-01-03 07:31:59,bird,0.60194725
IMAG1661.JPG,2026:01:05 05:24:19,2026-01-05 05:24:19,bird,0.2461362
IMAG2340.JPG,2026:01:13 18:33:41,2026-01-13 18:33:41,bird,0.315588
IMAG1891.JPG,2026:01:07 15:14:51,2026-01-07 15:14:51,bird,0.5359733
IMAG1891.JPG,2026:01:07 15:14:51,2026-01-07 15:14:51,gemsbok,0.44244957
IMAG2432.JPG,2026:01:16 11:10:03,2026-01-16 11:10:03,gemsbok,0.44611645
IMAG2432.JPG,2026:01:16 11:10:03,2026-01-16 11:10:03,hartebeest,0.46124452
IMAG2432.JPG,2026:01:16 11:10:03,2026-01-16 11:10:03,mammal,0.18401241
IMAG2432.JPG,2026:01:16 11:10:03,2026-01-16 11:10:03,gemsbok,0.33242962
IMAG2432.JPG,2026:01:16 11:10:03,2026-01-16 11:10:03,bird,0.43244627
IMAG1885.JPG,2026:01:07 14:14:41,2026-01-07 14:14:41,common_ostrich,0.26453698
IMAG1885.JPG,2026:01:07 14:14:41,2026-01-07 14:14:41,gemsbok,0.8028354
IMAG2354.JPG,2026:01:14 03:54:21,2026-01-14 03:54:21,gemsbok,0.20298143
IMAG2383.JPG,2026:01:15 08:10:28,2026-01-15 08:10:28,common_ostrich,0.22614902
IMAG2383.JPG,2026:01:15 08:10:28,2026-01-15 08:10:28,common_wildebeest,0.34691632
IMAG2383.JPG,2026:01:15 08:10:28,2026-01-15 08:10:28,common_ostrich,0.23794486
IMAG1846.JPG,2026:01:07 07:17:12,2026-01-07 07:17:12,secretarybird,0.21122773
IMAG1846.JPG,2026:01:07 07:17:12,2026-01-07 07:17:12,bird,0.25603542
IMAG1846.JPG,2026:01:07 07:17:12,2026-01-07 07:17:12,bird,0.2851523
IMAG1846.JPG,2026:01:07 07:17:12,2026-01-07 07:17:12,bird,0.5205275
IMAG2208.JPG,2026:01:11 05:51:27,2026-01-11 05:51:27,bird,0.22263715
IMAG2234.JPG,2026:01:11 16:17:31,2026-01-11 16:17:31,corvus_species,0.21915151
IMAG1729.JPG,2026:01:05 22:41:58,2026-01-05 22:41:58,corvus_species,0.46912584
IMAG2220.JPG,2026:01:11 10:55:02,2026-01-11 10:55:02,leopard,0.26966035
IMAG2220.JPG,2026:01:11 10:55:02,2026-01-11 10:55:02,hartebeest,0.37843803
IMAG1926.JPG,2026:01:07 22:31:59,2026-01-07 22:31:59,common_wildebeest,0.3110722
IMAG1932.JPG,2026:01:08 00:50:37,2026-01-08 00:50:37,bird,0.25537908
IMAG1503.JPG,2026:01:03 10:18:09,2026-01-03 10:18:09,bird,0.2549056
IMAG2036.JPG,2026:01:08 23:44:37,2026-01-08 23:44:37,bird,0.20157053
IMAG2036.JPG,2026:01:08 23:44:37,2026-01-08 23:44:37,bird,0.28241307
IMAG0153.JPG,2025:12:10 19:32:46,2025-12-10 19:32:46,bird,0.16698515
IMAG0153.JPG,2025:12:10 19:32:46,2025-12-10 19:32:46,bird,0.5483346
IMAG0153.JPG,2025:12:10 19:32:46,2025-12-10 19:32:46,gemsbok,0.157099
IMAG0153.JPG,2025:12:10 19:32:46,2025-12-10 19:32:46,bird,0.3533592
IMAG0153.JPG,2025:12:10 19:32:46,2025-12-10 19:32:46,bird,0.23475489
IMAG0153.JPG,2025:12:10 19:32:46,2025-12-10 19:32:46,secretarybird,0.614672
IMAG0153.JPG,2025:12:10 19:32:46,2025-12-10 19:32:46,bird,0.4712787
IMAG0152.JPG,2025:12:10 19:21:07,2025-12-10 19:21:07,bird,0.31847516
IMAG0152.JPG,2025:12:10 19:21:07,2025-12-10 19:21:07,common_wildebeest,0.52640927
IMAG1516.JPG,2026:01:03 13:09:52,2026-01-03 13:09:52,bird,0.24464794
IMAG1502.JPG,2026:01:03 10:07:08,2026-01-03 10:07:08,bird,0.27884367
IMAG1933.JPG,2026:01:08 01:09:51,2026-01-08 01:09:51,bird,0.35309783
IMAG1927.JPG,2026:01:07 22:43:36,2026-01-07 22:43:36,bird,0.31319317
IMAG2221.JPG,2026:01:11 11:05:03,2026-01-11 11:05:03,canis_species,0.11407718
IMAG2221.JPG,2026:01:11 11:05:03,2026-01-11 11:05:03,bird,0.23847485
IMAG2221.JPG,2026:01:11 11:05:03,2026-01-11 11:05:03,bird,0.41783607
IMAG2221.JPG,2026:01:11 11:05:03,2026-01-11 11:05:03,bird,0.65546656
IMAG2221.JPG,2026:01:11 11:05:03,2026-01-11 11:05:03,spotted_hyaena,0.14652234
IMAG1728.JPG,2026:01:05 22:08:33,2026-01-05 22:08:33,bird,0.58218783
IMAG2235.JPG,2026:01:11 16:28:31,2026-01-11 16:28:31,bird,0.54719484
IMAG1847.JPG,2026:01:07 07:27:22,2026-01-07 07:27:22,bird,0.53823
IMAG1847.JPG,2026:01:07 07:27:22,2026-01-07 07:27:22,bird,0.67707604
IMAG1847.JPG,2026:01:07 07:27:22,2026-01-07 07:27:22,bird,0.49741814
IMAG1847.JPG,2026:01:07 07:27:22,2026-01-07 07:27:22,bird,0.39130747
IMAG1847.JPG,2026:01:07 07:27:22,2026-01-07 07:27:22,bird,0.42331704
IMAG1847.JPG,2026:01:07 07:27:22,2026-01-07 07:27:22,gemsbok,0.3090396
IMAG1847.JPG,2026:01:07 07:27:22,2026-01-07 07:27:22,gemsbok,0.2621776
IMAG1847.JPG,2026:01:07 07:27:22,2026-01-07 07:27:22,bird,0.22567686
IMAG1847.JPG,2026:01:07 07:27:22,2026-01-07 07:27:22,owl,0.1451194
IMAG2396.JPG,2026:01:15 12:51:07,2026-01-15 12:51:07,owl,0.129617
IMAG2382.JPG,2026:01:15 08:00:27,2026-01-15 08:00:27,bird,0.16646595
IMAG2382.JPG,2026:01:15 08:00:27,2026-01-15 08:00:27,butterfly,0.4457117
IMAG2355.JPG,2026:01:14 04:22:28,2026-01-14 04:22:28,black-backed_jackal,0.19973193
IMAG2355.JPG,2026:01:14 04:22:28,2026-01-14 04:22:28,gemsbok,0.11938106
IMAG1884.JPG,2026:01:07 14:04:40,2026-01-07 14:04:40,common_ostrich,0.5426063
IMAG1884.JPG,2026:01:07 14:04:40,2026-01-07 14:04:40,bird,0.21992849
IMAG1648.JPG,2026:01:04 19:21:59,2026-01-04 19:21:59,bird,0.23731402
IMAG1890.JPG,2026:01:07 15:04:50,2026-01-07 15:04:50,bird,0.31440344
IMAG1890.JPG,2026:01:07 15:04:50,2026-01-07 15:04:50,corvus_species,0.30382413
IMAG1890.JPG,2026:01:07 15:04:50,2026-01-07 15:04:50,owl,0.09832947
IMAG1890.JPG,2026:01:07 15:04:50,2026-01-07 15:04:50,tortise,0.5399063
IMAG2341.JPG,2026:01:13 18:43:48,2026-01-13 18:43:48,butterfly,0.5338795
IMAG1660.JPG,2026:01:05 01:31:57,2026-01-05 01:31:57,butterfly,0.8042071
IMAG2194.JPG,2026:01:10 23:28:17,2026-01-10 23:28:17,gemsbok,0.2103659
IMAG2180.JPG,2026:01:10 14:51:27,2026-01-10 14:51:27,bird,0.33205223
IMAG2157.JPG,2026:01:10 09:11:19,2026-01-10 09:11:19,secretarybird,0.6201202
IMAG2157.JPG,2026:01:10 09:11:19,2026-01-10 09:11:19,gemsbok,0.49504292
IMAG2157.JPG,2026:01:10 09:11:19,2026-01-10 09:11:19,owl,0.1720917
IMAG2157.JPG,2026:01:10 09:11:19,2026-01-10 09:11:19,black-backed_jackal,0.20068002
IMAG2157.JPG,2026:01:10 09:11:19,2026-01-10 09:11:19,mammal,0.19433127
IMAG2157.JPG,2026:01:10 09:11:19,2026-01-10 09:11:19,african_wild_cat,0.36843762
IMAG0032.JPG,2025:12:09 07:27:38,2025-12-09 07:27:38,gemsbok,0.20594913
IMAG0032.JPG,2025:12:09 07:27:38,2025-12-09 07:27:38,plains_zebra,0.69714576
IMAG0032.JPG,2025:12:09 07:27:38,2025-12-09 07:27:38,butterfly,0.1847573
IMAG0032.JPG,2025:12:09 07:27:38,2025-12-09 07:27:38,bird,0.6154972
IMAG0032.JPG,2025:12:09 07:27:38,2025-12-09 07:27:38,bird,0.3139065
IMAG0032.JPG,2025:12:09 07:27:38,2025-12-09 07:27:38,bird,0.49456078
IMAG0032.JPG,2025:12:09 07:27:38,2025-12-09 07:27:38,tortise,0.10477074
IMAG0032.JPG,2025:12:09 07:27:38,2025-12-09 07:27:38,bird,0.36826113
IMAG2143.JPG,2026:01:10 06:12:19,2026-01-10 06:12:19,hartebeest,0.45744208
IMAG1462.JPG,2026:01:02 21:00:32,2026-01-02 21:00:32,common_ostrich,0.22102892
IMAG1304.JPG,2026:01:01 10:08:04,2026-01-01 10:08:04,bird,0.5339208
IMAG1310.JPG,2026:01:01 11:15:21,2026-01-01 11:15:21,bird,0.4132057
IMAG1310.JPG,2026:01:01 11:15:21,2026-01-01 11:15:21,bird,0.36366534
IMAG1476.JPG,2026:01:03 00:58:28,2026-01-03 00:58:28,bird,0.4431848
IMAG1476.JPG,2026:01:03 00:58:28,2026-01-03 00:58:28,giraffe,0.6170771
IMAG1460.JPG,2026:01:02 20:35:50,2026-01-02 20:35:50,common_wildebeest,0.32185683
IMAG1474.JPG,2026:01:02 23:54:07,2026-01-02 23:54:07,hystrix_species,0.9196225
IMAG1474.JPG,2026:01:02 23:54:07,2026-01-02 23:54:07,common_ostrich,0.25589448
IMAG0024.JPG,2025:12:09 05:10:21,2025-12-09 05:10:21,common_ostrich,0.31009787
IMAG2155.JPG,2026:01:10 08:48:12,2026-01-10 08:48:12,common_ostrich,0.32951388
IMAG2141.JPG,2026:01:10 05:39:21,2026-01-10 05:39:21,common_ostrich,0.2885045
IMAG0030.JPG,2025:12:09 07:07:28,2025-12-09 07:07:28,common_ostrich,0.3356968
IMAG0030.JPG,2025:12:09 07:07:28,2025-12-09 07:07:28,common_ostrich,0.25573528
IMAG2196.JPG,2026:01:11 00:12:22,2026-01-11 00:12:22,canis_species,0.12728739
IMAG2182.JPG,2026:01:10 15:34:20,2026-01-10 15:34:20,gemsbok,0.20749062
IMAG2419.JPG,2026:01:16 02:05:54,2026-01-16 02:05:54,common_ostrich,0.39140934
IMAG1886.JPG,2026:01:07 14:24:46,2026-01-07 14:24:46,bird,0.48269808
IMAG1886.JPG,2026:01:07 14:24:46,2026-01-07 14:24:46,bird,0.5425158
IMAG1886.JPG,2026:01:07 14:24:46,2026-01-07 14:24:46,bird,0.29197934
IMAG2357.JPG,2026:01:14 06:40:23,2026-01-14 06:40:23,common_ostrich,0.42169067
IMAG2357.JPG,2026:01:14 06:40:23,2026-01-14 06:40:23,common_ostrich,0.43713087
IMAG2357.JPG,2026:01:14 06:40:23,2026-01-14 06:40:23,common_ostrich,0.54776114
IMAG2357.JPG,2026:01:14 06:40:23,2026-01-14 06:40:23,common_ostrich,0.3529654
IMAG2431.JPG,2026:01:16 10:57:24,2026-01-16 10:57:24,common_ostrich,0.4726235
IMAG2431.JPG,2026:01:16 10:57:24,2026-01-16 10:57:24,common_ostrich,0.49270266
IMAG2431.JPG,2026:01:16 10:57:24,2026-01-16 10:57:24,tortise,0.38833457
IMAG2425.JPG,2026:01:16 07:30:58,2026-01-16 07:30:58,bird,0.513782
IMAG2425.JPG,2026:01:16 07:30:58,2026-01-16 07:30:58,secretarybird,0.45085832
IMAG1892.JPG,2026:01:07 15:24:52,2026-01-07 15:24:52,plains_zebra,0.7286544
IMAG1892.JPG,2026:01:07 15:24:52,2026-01-07 15:24:52,canis_species,0.16983739
IMAG1879.JPG,2026:01:07 13:14:34,2026-01-07 13:14:34,bird,0.2549935
IMAG1879.JPG,2026:01:07 13:14:34,2026-01-07 13:14:34,bird,0.2883339
IMAG1879.JPG,2026:01:07 13:14:34,2026-01-07 13:14:34,bird,0.43967417
IMAG2394.JPG,2026:01:15 11:45:56,2026-01-15 11:45:56,bird,0.203051
IMAG1845.JPG,2026:01:07 07:07:11,2026-01-07 07:07:11,bird,0.3830191
IMAG1845.JPG,2026:01:07 07:07:11,2026-01-07 07:07:11,bird,0.1795423
IMAG1845.JPG,2026:01:07 07:07:11,2026-01-07 07:07:11,bird,0.24864979
IMAG1689.JPG,2026:01:05 12:31:11,2026-01-05 12:31:11,butterfly,0.3469425
IMAG2380.JPG,2026:01:15 07:27:22,2026-01-15 07:27:22,butterfly,0.2757518
IMAG1716.JPG,2026:01:05 18:05:18,2026-01-05 18:05:18,bird,0.57512325
IMAG1702.JPG,2026:01:05 15:26:28,2026-01-05 15:26:28,gemsbok,0.3516778
IMAG2223.JPG,2026:01:11 11:38:03,2026-01-11 11:38:03,bird,0.4360027
IMAG2237.JPG,2026:01:11 16:48:42,2026-01-11 16:48:42,bird,0.38437825
IMAG1925.JPG,2026:01:07 22:19:07,2026-01-07 22:19:07,bird,0.2151773
IMAG1925.JPG,2026:01:07 22:19:07,2026-01-07 22:19:07,bird,0.14384766
IMAG1514.JPG,2026:01:03 12:44:18,2026-01-03 12:44:18,bird,0.3567235
IMAG0178.JPG,2025:12:11 09:31:00,2025-12-11 09:31:00,gemsbok,0.73093843
IMAG0150.JPG,2025:12:10 18:56:12,2025-12-10 18:56:12,bird,0.39544573
IMAG2035.JPG,2026:01:08 23:34:23,2026-01-08 23:34:23,bird,0.5486207
IMAG0187.JPG,2025:12:11 11:36:21,2025-12-11 11:36:21,bird,0.34934202
IMAG0187.JPG,2025:12:11 11:36:21,2025-12-11 11:36:21,bird,0.26300004
IMAG0187.JPG,2025:12:11 11:36:21,2025-12-11 11:36:21,bird,0.31100646
IMAG0187.JPG,2025:12:11 11:36:21,2025-12-11 11:36:21,bird,0.1868802
IMAG0186.JPG,2025:12:11 11:26:10,2025-12-11 11:26:10,common_wildebeest,0.50783134
IMAG1501.JPG,2026:01:03 09:55:44,2026-01-03 09:55:44,common_wildebeest,0.26286158
IMAG1501.JPG,2026:01:03 09:55:44,2026-01-03 09:55:44,common_wildebeest,0.40773705
IMAG1501.JPG,2026:01:03 09:55:44,2026-01-03 09:55:44,common_wildebeest,0.6537005
IMAG2008.JPG,2026:01:08 17:40:01,2026-01-08 17:40:01,common_wildebeest,0.176652
IMAG2008.JPG,2026:01:08 17:40:01,2026-01-08 17:40:01,gemsbok,0.131319
IMAG0179.JPG,2025:12:11 09:48:01,2025-12-11 09:48:01,bird,0.39023027
IMAG2236.JPG,2026:01:11 16:38:40,2026-01-11 16:38:40,bird,0.35197765
IMAG2222.JPG,2026:01:11 11:15:26,2026-01-11 11:15:26,bird,0.2586442
IMAG2381.JPG,2026:01:15 07:44:40,2026-01-15 07:44:40,bird,0.20146777
IMAG1850.JPG,2026:01:07 07:57:28,2026-01-07 07:57:28,bird,0.36710623
IMAG1850.JPG,2026:01:07 07:57:28,2026-01-07 07:57:28,bird,0.47929004
IMAG1850.JPG,2026:01:07 07:57:28,2026-01-07 07:57:28,bird,0.38765177
IMAG1850.JPG,2026:01:07 07:57:28,2026-01-07 07:57:28,bird,0.32008907
IMAG1850.JPG,2026:01:07 07:57:28,2026-01-07 07:57:28,canis_species,0.1492379
IMAG1850.JPG,2026:01:07 07:57:28,2026-01-07 07:57:28,common_wildebeest,0.22463411
IMAG1850.JPG,2026:01:07 07:57:28,2026-01-07 07:57:28,common_wildebeest,0.19468035
IMAG1850.JPG,2026:01:07 07:57:28,2026-01-07 07:57:28,common_wildebeest,0.12500201
IMAG1688.JPG,2026:01:05 12:18:52,2026-01-05 12:18:52,bird,0.25656947
IMAG1844.JPG,2026:01:07 06:56:59,2026-01-07 06:56:59,bird,0.22726013
IMAG1878.JPG,2026:01:07 13:04:34,2026-01-07 13:04:34,bird,0.4753893
IMAG1878.JPG,2026:01:07 13:04:34,2026-01-07 13:04:34,bird,0.40298283
IMAG2424.JPG,2026:01:16 07:14:15,2026-01-16 07:14:15,secretarybird,0.3133793
IMAG1893.JPG,2026:01:07 15:36:24,2026-01-07 15:36:24,bird,0.37801164
IMAG1893.JPG,2026:01:07 15:36:24,2026-01-07 15:36:24,gemsbok,0.4232327
IMAG2356.JPG,2026:01:14 05:37:35,2026-01-14 05:37:35,common_wildebeest,0.35779613
IMAG1887.JPG,2026:01:07 14:34:47,2026-01-07 14:34:47,bird,0.38156953
IMAG1887.JPG,2026:01:07 14:34:47,2026-01-07 14:34:47,corvus_species,0.15210025
IMAG1887.JPG,2026:01:07 14:34:47,2026-01-07 14:34:47,tortise,0.13045289
IMAG2430.JPG,2026:01:16 10:39:59,2026-01-16 10:39:59,bird,0.2746055
IMAG2418.JPG,2026:01:16 01:23:15,2026-01-16 01:23:15,bird,0.25152588
IMAG1677.JPG,2026:01:05 09:49:19,2026-01-05 09:49:19,common_ostrich,0.10049593
IMAG1677.JPG,2026:01:05 09:49:19,2026-01-05 09:49:19,bird,0.35514665
IMAG2183.JPG,2026:01:10 15:45:53,2026-01-10 15:45:53,bird,0.65837324
IMAG2197.JPG,2026:01:11 00:49:02,2026-01-11 00:49:02,leopard,0.45419022
IMAG2140.JPG,2026:01:10 05:26:51,2026-01-10 05:26:51,common_wildebeest,0.3922016
IMAG0031.JPG,2025:12:09 07:17:31,2025-12-09 07:17:31,mammal,0.15677352
IMAG0031.JPG,2025:12:09 07:17:31,2025-12-09 07:17:31,canis_species,0.31711456
IMAG0031.JPG,2025:12:09 07:17:31,2025-12-09 07:17:31,corvus_species,0.42374092
IMAG2154.JPG,2026:01:10 08:34:17,2026-01-10 08:34:17,gemsbok,0.39488953
IMAG1475.JPG,2026:01:03 00:05:28,2026-01-03 00:05:28,leopard,0.3188787
IMAG1313.JPG,2026:01:01 11:50:31,2026-01-01 11:50:31,bird,0.16411719
IMAG1313.JPG,2026:01:01 11:50:31,2026-01-01 11:50:31,bird,0.34587917
IMAG0019.JPG,2025:12:08 22:31:24,2025-12-08 22:31:24,bird,0.579947
IMAG2168.JPG,2026:01:10 11:35:48,2026-01-10 11:35:48,bird,0.37357917
IMAG2133.JPG,2026:01:10 04:09:53,2026-01-10 04:09:53,bird,0.3071159
IMAG2127.JPG,2026:01:10 03:04:59,2026-01-10 03:04:59,hartebeest,0.49244103
IMAG0056.JPG,2025:12:09 14:16:08,2025-12-09 14:16:08,bird,0.3008884
IMAG1406.JPG,2026:01:02 09:31:35,2026-01-02 09:31:35,butterfly,0.2666383
IMAG1406.JPG,2026:01:02 09:31:35,2026-01-02 09:31:35,common_ostrich,0.35003552
IMAG1412.JPG,2026:01:02 10:39:42,2026-01-02 10:39:42,common_ostrich,0.6010028
IMAG1374.JPG,2026:01:01 23:59:48,2026-01-01 23:59:48,common_ostrich,0.44731006
IMAG0081.JPG,2025:12:10 00:55:08,2025-12-10 00:55:08,common_ostrich,0.66519624
IMAG0095.JPG,2025:12:10 07:09:50,2025-12-10 07:09:50,common_ostrich,0.4982716
IMAG0095.JPG,2025:12:10 07:09:50,2025-12-10 07:09:50,common_ostrich,0.22799142
IMAG0095.JPG,2025:12:10 07:09:50,2025-12-10 07:09:50,common_ostrich,0.31519148
IMAG0095.JPG,2025:12:10 07:09:50,2025-12-10 07:09:50,bird,0.325981
IMAG2457.JPG,2026:01:17 05:10:14,2026-01-17 05:10:14,bird,0.42566207
IMAG2443.JPG,2026:01:16 20:07:54,2026-01-16 20:07:54,bird,0.48829797
IMAG1604.JPG,2026:01:04 09:36:08,2026-01-04 09:36:08,butterfly,0.31406945
IMAG2319.JPG,2026:01:13 10:13:54,2026-01-13 10:13:54,common_ostrich,0.21239188
IMAG1610.JPG,2026:01:04 10:44:10,2026-01-04 10:44:10,bird,0.39685655
IMAG1610.JPG,2026:01:04 10:44:10,2026-01-04 10:44:10,canis_species,0.24630336
IMAG1610.JPG,2026:01:04 10:44:10,2026-01-04 10:44:10,common_eland,0.22312632
IMAG1823.JPG,2026:01:07 02:23:08,2026-01-07 02:23:08,plains_zebra,0.78227836
IMAG1837.JPG,2026:01:07 05:04:44,2026-01-07 05:04:44,bird,0.24676587
IMAG1980.JPG,2026:01:08 11:37:46,2026-01-08 11:37:46,bird,0.29807723
IMAG2251.JPG,2026:01:12 01:20:58,2026-01-12 01:20:58,common_wildebeest,0.5390287
IMAG2279.JPG,2026:01:12 11:14:23,2026-01-12 11:14:23,common_wildebeest,0.6409393
IMAG2279.JPG,2026:01:12 11:14:23,2026-01-12 11:14:23,corvus_species,0.32554692
IMAG2279.JPG,2026:01:12 11:14:23,2026-01-12 11:14:23,butterfly,0.120244056
IMAG1957.JPG,2026:01:08 07:04:59,2026-01-08 07:04:59,bird,0.29691643
IMAG2286.JPG,2026:01:12 14:16:35,2026-01-12 14:16:35,giraffe,0.80339533
IMAG2292.JPG,2026:01:12 16:58:51,2026-01-12 16:58:51,bird,0.3475693
IMAG1943.JPG,2026:01:08 03:12:31,2026-01-08 03:12:31,bird,0.5639775
IMAG1943.JPG,2026:01:08 03:12:31,2026-01-08 03:12:31,butterfly,0.22900882
IMAG2047.JPG,2026:01:09 02:09:41,2026-01-09 02:09:41,canis_species,0.30228102
IMAG2053.JPG,2026:01:09 03:35:40,2026-01-09 03:35:40,canis_species,0.24521124
IMAG0122.JPG,2025:12:10 13:12:35,2025-12-10 13:12:35,common_wildebeest,0.38516247
IMAG1572.JPG,2026:01:04 00:43:28,2026-01-04 00:43:28,canis_species,0.416364
IMAG1572.JPG,2026:01:04 00:43:28,2026-01-04 00:43:28,bird,0.35372683
IMAG1572.JPG,2026:01:04 00:43:28,2026-01-04 00:43:28,hystrix_species,0.23703682
IMAG1572.JPG,2026:01:04 00:43:28,2026-01-04 00:43:28,bird,0.17011186
IMAG1566.JPG,2026:01:03 23:43:18,2026-01-03 23:43:18,secretarybird,0.26939592
IMAG1566.JPG,2026:01:03 23:43:18,2026-01-03 23:43:18,bird,0.300407
IMAG2084.JPG,2026:01:09 14:32:28,2026-01-09 14:32:28,bird,0.39346942
IMAG1599.JPG,2026:01:04 08:42:05,2026-01-04 08:42:05,gemsbok,0.44731134
IMAG2090.JPG,2026:01:09 16:20:40,2026-01-09 16:20:40,common_ostrich,0.2616271
IMAG2091.JPG,2026:01:09 16:30:57,2026-01-09 16:30:57,common_ostrich,0.35409853
IMAG1598.JPG,2026:01:04 08:29:11,2026-01-04 08:29:11,canis_species,0.2523922
IMAG1567.JPG,2026:01:03 23:53:18,2026-01-03 23:53:18,common_wildebeest,0.42923003
IMAG1573.JPG,2026:01:04 00:53:29,2026-01-04 00:53:29,canis_species,0.22488053
IMAG2052.JPG,2026:01:09 03:25:38,2026-01-09 03:25:38,canis_species,0.22438665
IMAG2046.JPG,2026:01:09 01:55:11,2026-01-09 01:55:11,secretarybird,0.36276773
IMAG2046.JPG,2026:01:09 01:55:11,2026-01-09 01:55:11,secretarybird,0.6691179
IMAG1942.JPG,2026:01:08 02:53:11,2026-01-08 02:53:11,secretarybird,0.6353133
IMAG1942.JPG,2026:01:08 02:53:11,2026-01-08 02:53:11,secretarybird,0.5750093
IMAG2287.JPG,2026:01:12 14:32:10,2026-01-12 14:32:10,common_ostrich,0.2606045
IMAG1956.JPG,2026:01:08 06:54:58,2026-01-08 06:54:58,bird,0.43281052
IMAG1765.JPG,2026:01:06 12:25:43,2026-01-06 12:25:43,bird,0.5094801
IMAG2250.JPG,2026:01:12 01:04:20,2026-01-12 01:04:20,canis_species,0.29361203
IMAG1611.JPG,2026:01:04 10:54:16,2026-01-04 10:54:16,gemsbok,0.25053054
IMAG1611.JPG,2026:01:04 10:54:16,2026-01-04 10:54:16,plains_zebra,0.32782245
IMAG1611.JPG,2026:01:04 10:54:16,2026-01-04 10:54:16,gemsbok,0.33638743
IMAG1611.JPG,2026:01:04 10:54:16,2026-01-04 10:54:16,common_wildebeest,0.4489255
IMAG1611.JPG,2026:01:04 10:54:16,2026-01-04 10:54:16,common_wildebeest,0.30117187
IMAG2318.JPG,2026:01:13 10:03:46,2026-01-13 10:03:46,common_wildebeest,0.54822016
IMAG1605.JPG,2026:01:04 09:50:20,2026-01-04 09:50:20,black-backed_jackal,0.22212467
IMAG2456.JPG,2026:01:17 04:56:47,2026-01-17 04:56:47,bird,0.23587361
IMAG0094.JPG,2025:12:10 06:59:48,2025-12-10 06:59:48,bird,0.1583139
IMAG0094.JPG,2025:12:10 06:59:48,2025-12-10 06:59:48,bird,0.14174527
IMAG0094.JPG,2025:12:10 06:59:48,2025-12-10 06:59:48,gemsbok,0.26923025
IMAG0094.JPG,2025:12:10 06:59:48,2025-12-10 06:59:48,bird,0.49410504
IMAG0094.JPG,2025:12:10 06:59:48,2025-12-10 06:59:48,secretarybird,0.2341788
IMAG0094.JPG,2025:12:10 06:59:48,2025-12-10 06:59:48,secretarybird,0.4725136
IMAG1361.JPG,2026:01:01 20:57:24,2026-01-01 20:57:24,secretarybird,0.29989374
IMAG1361.JPG,2026:01:01 20:57:24,2026-01-01 20:57:24,corvus_species,0.4409654
IMAG2126.JPG,2026:01:10 02:52:55,2026-01-10 02:52:55,corvus_species,0.42286456
IMAG1349.JPG,2026:01:01 18:20:55,2026-01-01 18:20:55,secretarybird,0.377692
IMAG1349.JPG,2026:01:01 18:20:55,2026-01-01 18:20:55,canis_species,0.3206793
IMAG1349.JPG,2026:01:01 18:20:55,2026-01-01 18:20:55,butterfly,0.16834153
IMAG1349.JPG,2026:01:01 18:20:55,2026-01-01 18:20:55,butterfly,0.29089618
IMAG0057.JPG,2025:12:09 14:34:54,2025-12-09 14:34:54,bird,0.29937342
IMAG0043.JPG,2025:12:09 10:10:37,2025-12-09 10:10:37,bird,0.32840598
IMAG0043.JPG,2025:12:09 10:10:37,2025-12-09 10:10:37,bird,0.5585877
IMAG2132.JPG,2026:01:10 03:59:53,2026-01-10 03:59:53,bird,0.20031443
IMAG0055.JPG,2025:12:09 14:04:39,2025-12-09 14:04:39,plains_zebra,0.150438
IMAG2124.JPG,2026:01:10 02:32:47,2026-01-10 02:32:47,bird,0.32583743
IMAG1439.JPG,2026:01:02 16:19:00,2026-01-02 16:19:00,bird,0.51701546
IMAG2130.JPG,2026:01:10 03:35:12,2026-01-10 03:35:12,bird,0.379058
IMAG2130.JPG,2026:01:10 03:35:12,2026-01-10 03:35:12,bird,0.21451028
IMAG0069.JPG,2025:12:09 17:52:35,2025-12-09 17:52:35,bird,0.43926892
IMAG1377.JPG,2026:01:02 00:34:51,2026-01-02 00:34:51,bird,0.5124292
IMAG1411.JPG,2026:01:02 10:27:52,2026-01-02 10:27:52,bird,0.40795967
IMAG2118.JPG,2026:01:10 01:17:54,2026-01-10 01:17:54,bird,0.12065276
IMAG2118.JPG,2026:01:10 01:17:54,2026-01-10 01:17:54,bird,0.43246213
IMAG1388.JPG,2026:01:02 05:14:58,2026-01-02 05:14:58,bird,0.4223785
IMAG0082.JPG,2025:12:10 01:05:28,2025-12-10 01:05:28,bird,0.33578822
IMAG0082.JPG,2025:12:10 01:05:28,2025-12-10 01:05:28,bird,0.19923314
IMAG2326.JPG,2026:01:13 12:51:55,2026-01-13 12:51:55,bird,0.21911855
IMAG1613.JPG,2026:01:04 11:28:59,2026-01-04 11:28:59,tortise,0.14690177
IMAG1613.JPG,2026:01:04 11:28:59,2026-01-04 11:28:59,leopard,0.5095665
IMAG1613.JPG,2026:01:04 11:28:59,2026-01-04 11:28:59,common_wildebeest,0.35547882
IMAG1613.JPG,2026:01:04 11:28:59,2026-01-04 11:28:59,hartebeest,0.3489986
IMAG1607.JPG,2026:01:04 10:10:31,2026-01-04 10:10:31,gemsbok,0.45854622
IMAG1834.JPG,2026:01:07 04:22:55,2026-01-07 04:22:55,secretarybird,0.25571993
IMAG1834.JPG,2026:01:07 04:22:55,2026-01-07 04:22:55,bird,0.72068423
IMAG1820.JPG,2026:01:07 01:14:53,2026-01-07 01:14:53,bird,0.19440697
IMAG2252.JPG,2026:01:12 01:38:59,2026-01-12 01:38:59,bird,0.4438278
IMAG2246.JPG,2026:01:11 22:35:05,2026-01-11 22:35:05,bird,0.42155626
IMAG1767.JPG,2026:01:06 12:46:39,2026-01-06 12:46:39,bird,0.41343552
IMAG2285.JPG,2026:01:12 14:05:14,2026-01-12 14:05:14,bird,0.4364582
IMAG0121.JPG,2025:12:10 13:01:11,2025-12-10 13:01:11,bird,0.3466634
IMAG2050.JPG,2026:01:09 02:51:58,2026-01-09 02:51:58,bird,0.3891542
IMAG1559.JPG,2026:01:03 22:28:12,2026-01-03 22:28:12,bird,0.4885753
IMAG1559.JPG,2026:01:03 22:28:12,2026-01-03 22:28:12,bird,0.13407484
IMAG1559.JPG,2026:01:03 22:28:12,2026-01-03 22:28:12,secretarybird,0.19139901
IMAG0135.JPG,2025:12:10 16:10:36,2025-12-10 16:10:36,bird,0.68188024
IMAG0135.JPG,2025:12:10 16:10:36,2025-12-10 16:10:36,corvus_species,0.26805556
IMAG0135.JPG,2025:12:10 16:10:36,2025-12-10 16:10:36,tortise,0.28345984
IMAG0135.JPG,2025:12:10 16:10:36,2025-12-10 16:10:36,canis_species,0.14612353
IMAG0135.JPG,2025:12:10 16:10:36,2025-12-10 16:10:36,common_wildebeest,0.43086976
IMAG0135.JPG,2025:12:10 16:10:36,2025-12-10 16:10:36,bird,0.34252316
IMAG0135.JPG,2025:12:10 16:10:36,2025-12-10 16:10:36,bird,0.39486703
IMAG1565.JPG,2026:01:03 23:33:16,2026-01-03 23:33:16,common_ostrich,0.4272833
IMAG1565.JPG,2026:01:03 23:33:16,2026-01-03 23:33:16,bird,0.31134245
IMAG2078.JPG,2026:01:09 12:23:02,2026-01-09 12:23:02,gemsbok,0.48878112
IMAG1571.JPG,2026:01:04 00:33:27,2026-01-04 00:33:27,common_ostrich,0.34205619
IMAG1571.JPG,2026:01:04 00:33:27,2026-01-04 00:33:27,bird,0.34718424
IMAG1571.JPG,2026:01:04 00:33:27,2026-01-04 00:33:27,bird,0.24596533
IMAG0109.JPG,2025:12:10 09:54:52,2025-12-10 09:54:52,canis_species,0.11332546
IMAG2093.JPG,2026:01:09 16:52:09,2026-01-09 16:52:09,giraffe,0.15363024
IMAG2092.JPG,2026:01:09 16:42:06,2026-01-09 16:42:06,secretarybird,0.6057438
IMAG1570.JPG,2026:01:04 00:23:26,2026-01-04 00:23:26,butterfly,0.77652866
IMAG1570.JPG,2026:01:04 00:23:26,2026-01-04 00:23:26,bird,0.1393071
IMAG2079.JPG,2026:01:09 12:33:06,2026-01-09 12:33:06,bird,0.60280895
IMAG1564.JPG,2026:01:03 23:23:15,2026-01-03 23:23:15,bird,0.38790718
IMAG0134.JPG,2025:12:10 16:00:34,2025-12-10 16:00:34,bird,0.4234999
IMAG0134.JPG,2025:12:10 16:00:34,2025-12-10 16:00:34,black-backed_jackal,0.75960696
IMAG0134.JPG,2025:12:10 16:00:34,2025-12-10 16:00:34,bird,0.2763772
IMAG0134.JPG,2025:12:10 16:00:34,2025-12-10 16:00:34,butterfly,0.72786784
IMAG0120.JPG,2025:12:10 12:31:37,2025-12-10 12:31:37,bird,0.3409278
IMAG1558.JPG,2026:01:03 22:18:12,2026-01-03 22:18:12,bird,0.6201059
IMAG2051.JPG,2026:01:09 03:12:42,2026-01-09 03:12:42,bird,0.21743345
IMAG2051.JPG,2026:01:09 03:12:42,2026-01-09 03:12:42,gemsbok,0.68748015
IMAG1969.JPG,2026:01:08 09:26:49,2026-01-08 09:26:49,bird,0.31740695
IMAG1969.JPG,2026:01:08 09:26:49,2026-01-08 09:26:49,butterfly,0.6766189
IMAG2284.JPG,2026:01:12 13:54:37,2026-01-12 13:54:37,bird,0.26806405
IMAG1941.JPG,2026:01:08 02:41:16,2026-01-08 02:41:16,bird,0.12001879
IMAG1766.JPG,2026:01:06 12:35:50,2026-01-06 12:35:50,bird,0.39981222
IMAG1766.JPG,2026:01:06 12:35:50,2026-01-06 12:35:50,corvus_species,0.3839998
IMAG1766.JPG,2026:01:06 12:35:50,2026-01-06 12:35:50,bird,0.3845671
IMAG1766.JPG,2026:01:06 12:35:50,2026-01-06 12:35:50,bird,0.6570833
IMAG1766.JPG,2026:01:06 12:35:50,2026-01-06 12:35:50,gemsbok,0.110261835
IMAG1766.JPG,2026:01:06 12:35:50,2026-01-06 12:35:50,bird,0.24110784
IMAG1766.JPG,2026:01:06 12:35:50,2026-01-06 12:35:50,bird,0.23147357
IMAG1766.JPG,2026:01:06 12:35:50,2026-01-06 12:35:50,bird,0.28457063
IMAG1766.JPG,2026:01:06 12:35:50,2026-01-06 12:35:50,common_wildebeest,0.30370554
IMAG2247.JPG,2026:01:11 23:23:57,2026-01-11 23:23:57,bird,0.35398033
IMAG2247.JPG,2026:01:11 23:23:57,2026-01-11 23:23:57,bird,0.47268477
IMAG1821.JPG,2026:01:07 01:34:48,2026-01-07 01:34:48,bird,0.5707216
IMAG1835.JPG,2026:01:07 04:38:22,2026-01-07 04:38:22,gemsbok,0.16968668
IMAG2469.JPG,2026:01:17 08:08:49,2026-01-17 08:08:49,bird,0.45514712
IMAG2469.JPG,2026:01:17 08:08:49,2026-01-17 08:08:49,bird,0.4591568
IMAG2469.JPG,2026:01:17 08:08:49,2026-01-17 08:08:49,bird,0.47944123
IMAG1606.JPG,2026:01:04 10:00:29,2026-01-04 10:00:29,bird,0.49555188
IMAG1606.JPG,2026:01:04 10:00:29,2026-01-04 10:00:29,bird,0.35454553
IMAG1606.JPG,2026:01:04 10:00:29,2026-01-04 10:00:29,bird,0.28546727
IMAG2333.JPG,2026:01:13 15:06:22,2026-01-13 15:06:22,bird,0.30158183
IMAG2327.JPG,2026:01:13 13:01:57,2026-01-13 13:01:57,hystrix_species,0.16160785
IMAG0083.JPG,2025:12:10 01:17:25,2025-12-10 01:17:25,leopard,0.8739828
IMAG1389.JPG,2026:01:02 05:25:22,2026-01-02 05:25:22,corvus_species,0.3840976
IMAG1404.JPG,2026:01:02 09:11:13,2026-01-02 09:11:13,common_wildebeest,0.56076837
IMAG1376.JPG,2026:01:02 00:24:27,2026-01-02 00:24:27,common_wildebeest,0.289873
IMAG1376.JPG,2026:01:02 00:24:27,2026-01-02 00:24:27,secretarybird,0.6373955
IMAG0068.JPG,2025:12:09 17:25:43,2025-12-09 17:25:43,corvus_species,0.32140955
IMAG2119.JPG,2026:01:10 01:27:55,2026-01-10 01:27:55,corvus_species,0.33020353
IMAG2131.JPG,2026:01:10 03:49:16,2026-01-10 03:49:16,gemsbok,0.16601601
IMAG2125.JPG,2026:01:10 02:42:48,2026-01-10 02:42:48,secretarybird,0.28520066
IMAG2125.JPG,2026:01:10 02:42:48,2026-01-10 02:42:48,gemsbok,0.5326753
IMAG1372.JPG,2026:01:01 23:35:33,2026-01-01 23:35:33,bird,0.5748033
IMAG0078.JPG,2025:12:09 23:40:16,2025-12-09 23:40:16,bird,0.29238716
IMAG1366.JPG,2026:01:01 22:15:44,2026-01-01 22:15:44,bird,0.32980782
IMAG2109.JPG,2026:01:09 22:54:38,2026-01-09 22:54:38,bird,0.19342911
IMAG1400.JPG,2026:01:02 08:27:47,2026-01-02 08:27:47,bird,0.4219195
IMAG1400.JPG,2026:01:02 08:27:47,2026-01-02 08:27:47,bird,0.64445907
IMAG1400.JPG,2026:01:02 08:27:47,2026-01-02 08:27:47,bird,0.15548737
IMAG1400.JPG,2026:01:02 08:27:47,2026-01-02 08:27:47,bird,0.2970854
IMAG2121.JPG,2026:01:10 02:02:43,2026-01-10 02:02:43,bird,0.47603884
IMAG2135.JPG,2026:01:10 04:34:56,2026-01-10 04:34:56,bird,0.41529515
IMAG0087.JPG,2025:12:10 02:38:41,2025-12-10 02:38:41,bird,0.28272632
IMAG2323.JPG,2026:01:13 11:28:39,2026-01-13 11:28:39,bird,0.32088253
IMAG2451.JPG,2026:01:17 01:27:04,2026-01-17 01:27:04,bird,0.5101127
IMAG1819.JPG,2026:01:07 01:04:30,2026-01-07 01:04:30,bird,0.4155955
IMAG1831.JPG,2026:01:07 03:52:52,2026-01-07 03:52:52,bird,0.37163988
IMAG1831.JPG,2026:01:07 03:52:52,2026-01-07 03:52:52,bird,0.5773373
IMAG1831.JPG,2026:01:07 03:52:52,2026-01-07 03:52:52,bird,0.62220615
IMAG1825.JPG,2026:01:07 02:50:08,2026-01-07 02:50:08,butterfly,0.3294949
IMAG1762.JPG,2026:01:06 11:41:11,2026-01-06 11:41:11,bird,0.2332219
IMAG1762.JPG,2026:01:06 11:41:11,2026-01-06 11:41:11,bird,0.2970769
IMAG1762.JPG,2026:01:06 11:41:11,2026-01-06 11:41:11,bird,0.44817838
IMAG1986.JPG,2026:01:08 13:22:54,2026-01-08 13:22:54,common_ostrich,0.39744413
IMAG1986.JPG,2026:01:08 13:22:54,2026-01-08 13:22:54,bird,0.30756947
IMAG1986.JPG,2026:01:08 13:22:54,2026-01-08 13:22:54,bird,0.3657425
IMAG1986.JPG,2026:01:08 13:22:54,2026-01-08 13:22:54,butterfly,0.476487
IMAG2257.JPG,2026:01:12 04:05:22,2026-01-12 04:05:22,secretarybird,0.6123683
IMAG2243.JPG,2026:01:11 18:11:58,2026-01-11 18:11:58,corvus_species,0.36771566
IMAG1992.JPG,2026:01:08 14:31:38,2026-01-08 14:31:38,bird,0.4168088
IMAG1992.JPG,2026:01:08 14:31:38,2026-01-08 14:31:38,bird,0.19502047
IMAG1992.JPG,2026:01:08 14:31:38,2026-01-08 14:31:38,bird,0.15547535
IMAG1979.JPG,2026:01:08 11:22:35,2026-01-08 11:22:35,bird,0.15615657
IMAG1945.JPG,2026:01:08 03:47:24,2026-01-08 03:47:24,bird,0.40341792
IMAG1789.JPG,2026:01:06 17:07:14,2026-01-06 17:07:14,bird,0.20783246
IMAG1789.JPG,2026:01:06 17:07:14,2026-01-06 17:07:14,bird,0.31024805
IMAG1789.JPG,2026:01:06 17:07:14,2026-01-06 17:07:14,bird,0.4455228
IMAG1789.JPG,2026:01:06 17:07:14,2026-01-06 17:07:14,butterfly,0.11228875
IMAG1789.JPG,2026:01:06 17:07:14,2026-01-06 17:07:14,bird,0.5730423
IMAG1789.JPG,2026:01:06 17:07:14,2026-01-06 17:07:14,bird,0.5920478
IMAG1789.JPG,2026:01:06 17:07:14,2026-01-06 17:07:14,bird,0.39386487
IMAG2280.JPG,2026:01:12 11:33:32,2026-01-12 11:33:32,bird,0.43842435
IMAG2280.JPG,2026:01:12 11:33:32,2026-01-12 11:33:32,corvus_species,0.18537535
IMAG1560.JPG,2026:01:03 22:38:13,2026-01-03 22:38:13,bird,0.23838158
IMAG1574.JPG,2026:01:04 01:03:33,2026-01-04 01:03:33,bird,0.35756755
IMAG2055.JPG,2026:01:09 04:05:55,2026-01-09 04:05:55,bird,0.34572992
IMAG0124.JPG,2025:12:10 13:51:45,2025-12-10 13:51:45,common_wildebeest,0.13464235
IMAG0130.JPG,2025:12:10 15:07:11,2025-12-10 15:07:11,common_eland,0.26978812
IMAG2096.JPG,2026:01:09 17:28:00,2026-01-09 17:28:00,corvus_species,0.27157104
IMAG2096.JPG,2026:01:09 17:28:00,2026-01-09 17:28:00,bird,0.36389348
IMAG2083.JPG,2026:01:09 14:02:16,2026-01-09 14:02:16,bird,0.45905182
IMAG0131.JPG,2025:12:10 15:20:44,2025-12-10 15:20:44,bird,0.33293703
IMAG2040.JPG,2026:01:09 00:30:26,2026-01-09 00:30:26,common_wildebeest,0.19139385
IMAG2054.JPG,2026:01:09 03:55:52,2026-01-09 03:55:52,bird,0.21965069
IMAG2054.JPG,2026:01:09 03:55:52,2026-01-09 03:55:52,butterfly,0.26789755
IMAG2054.JPG,2026:01:09 03:55:52,2026-01-09 03:55:52,bird,0.23160897
IMAG0125.JPG,2025:12:10 14:01:57,2025-12-10 14:01:57,leopard,0.71734625
IMAG0125.JPG,2025:12:10 14:01:57,2025-12-10 14:01:57,bird,0.28887573
IMAG1575.JPG,2026:01:04 01:22:46,2026-01-04 01:22:46,bird,0.48408428
IMAG1561.JPG,2026:01:03 22:48:14,2026-01-03 22:48:14,african_wild_cat,0.36820439
IMAG1788.JPG,2026:01:06 16:57:14,2026-01-06 16:57:14,bird,0.3256142
IMAG1950.JPG,2026:01:08 05:17:25,2026-01-08 05:17:25,secretarybird,0.54421735
IMAG2242.JPG,2026:01:11 18:01:34,2026-01-11 18:01:34,secretarybird,0.6554372
IMAG2256.JPG,2026:01:12 03:54:11,2026-01-12 03:54:11,secretarybird,0.6895956
IMAG1824.JPG,2026:01:07 02:33:08,2026-01-07 02:33:08,secretarybird,0.42675832
IMAG1830.JPG,2026:01:07 03:42:51,2026-01-07 03:42:51,secretarybird,0.4749666
IMAG2450.JPG,2026:01:17 01:05:09,2026-01-17 01:05:09,hartebeest,0.30468562
IMAG2444.JPG,2026:01:16 20:31:25,2026-01-16 20:31:25,african_wild_cat,0.48291126
IMAG1617.JPG,2026:01:04 12:34:11,2026-01-04 12:34:11,bird,0.4427178
IMAG0092.JPG,2025:12:10 06:39:25,2025-12-10 06:39:25,bird,0.30631045
IMAG2134.JPG,2026:01:10 04:20:00,2026-01-10 04:20:00,gemsbok,0.34487343
IMAG1429.JPG,2026:01:02 14:17:16,2026-01-02 14:17:16,bird,0.42341623
IMAG2120.JPG,2026:01:10 01:38:15,2026-01-10 01:38:15,corvus_species,0.13962476
IMAG1401.JPG,2026:01:02 08:37:47,2026-01-02 08:37:47,corvus_species,0.1306474
IMAG1401.JPG,2026:01:02 08:37:47,2026-01-02 08:37:47,canis_species,0.16520423
IMAG1401.JPG,2026:01:02 08:37:47,2026-01-02 08:37:47,bird,0.61100465
IMAG1401.JPG,2026:01:02 08:37:47,2026-01-02 08:37:47,leopard,0.6231244
IMAG1401.JPG,2026:01:02 08:37:47,2026-01-02 08:37:47,leopard,0.863728
IMAG2108.JPG,2026:01:09 22:02:53,2026-01-09 22:02:53,tortise,0.32152203
IMAG1373.JPG,2026:01:01 23:45:46,2026-01-01 23:45:46,bird,0.27066776
IMAG1371.JPG,2026:01:01 23:24:30,2026-01-01 23:24:30,bird,0.49892488
IMAG1417.JPG,2026:01:02 11:40:53,2026-01-02 11:40:53,secretarybird,0.38334215
IMAG1417.JPG,2026:01:02 11:40:53,2026-01-02 11:40:53,gemsbok,0.11154305
IMAG1417.JPG,2026:01:02 11:40:53,2026-01-02 11:40:53,bird,0.27550212
IMAG2136.JPG,2026:01:10 04:44:57,2026-01-10 04:44:57,bird,0.41008443
IMAG0047.JPG,2025:12:09 11:31:55,2025-12-09 11:31:55,bird,0.6763194
IMAG2122.JPG,2026:01:10 02:12:45,2026-01-10 02:12:45,bird,0.32188284
IMAG2122.JPG,2026:01:10 02:12:45,2026-01-10 02:12:45,bird,0.46138573
IMAG0084.JPG,2025:12:10 01:52:01,2025-12-10 01:52:01,secretarybird,0.67254144
IMAG0090.JPG,2025:12:10 04:09:22,2025-12-10 04:09:22,bird,0.3077281
IMAG1601.JPG,2026:01:04 09:02:09,2026-01-04 09:02:09,giraffe,0.7320557
IMAG1601.JPG,2026:01:04 09:02:09,2026-01-04 09:02:09,gemsbok,0.54694694
IMAG1601.JPG,2026:01:04 09:02:09,2026-01-04 09:02:09,gemsbok,0.5225223
IMAG2308.JPG,2026:01:13 07:28:05,2026-01-13 07:28:05,common_wildebeest,0.30183905
IMAG2334.JPG,2026:01:13 15:25:26,2026-01-13 15:25:26,bird,0.33233398
IMAG1826.JPG,2026:01:07 03:00:09,2026-01-07 03:00:09,secretarybird,0.5379685
IMAG1826.JPG,2026:01:07 03:00:09,2026-01-07 03:00:09,gemsbok,0.2994777
IMAG1832.JPG,2026:01:07 04:02:52,2026-01-07 04:02:52,gemsbok,0.56192845
IMAG1832.JPG,2026:01:07 04:02:52,2026-01-07 04:02:52,plains_zebra,0.9376678
IMAG2268.JPG,2026:01:12 08:23:08,2026-01-12 08:23:08,common_ostrich,0.22337952
IMAG2240.JPG,2026:01:11 17:23:09,2026-01-11 17:23:09,bird,0.4243709
IMAG2240.JPG,2026:01:11 17:23:09,2026-01-11 17:23:09,canis_species,0.13981651
IMAG1749.JPG,2026:01:06 09:01:45,2026-01-06 09:01:45,secretarybird,0.6400316
IMAG1991.JPG,2026:01:08 14:21:37,2026-01-08 14:21:37,common_wildebeest,0.55776596
IMAG2254.JPG,2026:01:12 02:01:05,2026-01-12 02:01:05,common_wildebeest,0.17505455
IMAG1952.JPG,2026:01:08 05:38:28,2026-01-08 05:38:28,bird,0.42704406
IMAG1946.JPG,2026:01:08 03:58:23,2026-01-08 03:58:23,gemsbok,0.3585819
IMAG1563.JPG,2026:01:03 23:08:16,2026-01-03 23:08:16,corvus_species,0.27846113
IMAG2042.JPG,2026:01:09 00:52:13,2026-01-09 00:52:13,common_wildebeest,0.47801995
IMAG0133.JPG,2025:12:10 15:49:27,2025-12-10 15:49:27,common_wildebeest,0.7480028
IMAG0133.JPG,2025:12:10 15:49:27,2025-12-10 15:49:27,secretarybird,0.24812074
IMAG2056.JPG,2026:01:09 04:45:00,2026-01-09 04:45:00,hystrix_species,0.75837183
IMAG2094.JPG,2026:01:09 17:03:24,2026-01-09 17:03:24,bird,0.22147301
IMAG2080.JPG,2026:01:09 13:05:27,2026-01-09 13:05:27,bird,0.239023
IMAG2080.JPG,2026:01:09 13:05:27,2026-01-09 13:05:27,bird,0.33773702
IMAG2057.JPG,2026:01:09 05:32:16,2026-01-09 05:32:16,bird,0.3938481
IMAG2043.JPG,2026:01:09 01:06:24,2026-01-09 01:06:24,bird,0.42227212
IMAG0132.JPG,2025:12:10 15:36:45,2025-12-10 15:36:45,bird,0.43238366
IMAG1562.JPG,2026:01:03 22:58:15,2026-01-03 22:58:15,bird,0.3461322
IMAG1576.JPG,2026:01:04 02:02:59,2026-01-04 02:02:59,bird,0.47591633
IMAG1947.JPG,2026:01:08 04:08:32,2026-01-08 04:08:32,bird,0.44770685
IMAG1947.JPG,2026:01:08 04:08:32,2026-01-08 04:08:32,secretarybird,0.49356472
IMAG1953.JPG,2026:01:08 05:59:00,2026-01-08 05:59:00,common_wildebeest,0.4503026
IMAG2255.JPG,2026:01:12 02:13:58,2026-01-12 02:13:58,gemsbok,0.1221069
IMAG1984.JPG,2026:01:08 12:29:53,2026-01-08 12:29:53,common_wildebeest,0.7240259
IMAG1984.JPG,2026:01:08 12:29:53,2026-01-08 12:29:53,common_wildebeest,0.35801744
IMAG1748.JPG,2026:01:06 08:51:42,2026-01-06 08:51:42,common_wildebeest,0.5046524
IMAG2241.JPG,2026:01:11 17:33:47,2026-01-11 17:33:47,bird,0.4826915
IMAG1760.JPG,2026:01:06 11:18:51,2026-01-06 11:18:51,common_eland,0.08680147
IMAG1760.JPG,2026:01:06 11:18:51,2026-01-06 11:18:51,gemsbok,0.40691388
IMAG1833.JPG,2026:01:07 04:12:55,2026-01-07 04:12:55,bird,0.36967385
IMAG1827.JPG,2026:01:07 03:11:41,2026-01-07 03:11:41,secretarybird,0.21575843
IMAG2321.JPG,2026:01:13 10:58:04,2026-01-13 10:58:04,owl,0.41135037
IMAG2321.JPG,2026:01:13 10:58:04,2026-01-13 10:58:04,spotted_hyaena,0.2767832
IMAG1628.JPG,2026:01:04 15:02:59,2026-01-04 15:02:59,secretarybird,0.32582718
IMAG1628.JPG,2026:01:04 15:02:59,2026-01-04 15:02:59,secretarybird,0.33659893
IMAG2453.JPG,2026:01:17 01:55:39,2026-01-17 01:55:39,bird,0.43788314
IMAG1614.JPG,2026:01:04 11:39:01,2026-01-04 11:39:01,bird,0.273113
IMAG1614.JPG,2026:01:04 11:39:01,2026-01-04 11:39:01,bird,0.25676188
IMAG2309.JPG,2026:01:13 07:38:07,2026-01-13 07:38:07,tortise,0.20085478
IMAG1600.JPG,2026:01:04 08:52:06,2026-01-04 08:52:06,bird,0.42568251
IMAG1600.JPG,2026:01:04 08:52:06,2026-01-04 08:52:06,mammal,0.17474988
IMAG1600.JPG,2026:01:04 08:52:06,2026-01-04 08:52:06,gemsbok,0.4750553
IMAG0091.JPG,2025:12:10 06:14:20,2025-12-10 06:14:20,bird,0.23251988
IMAG0085.JPG,2025:12:10 02:02:40,2025-12-10 02:02:40,bird,0.42385644
IMAG0052.JPG,2025:12:09 13:07:50,2025-12-09 13:07:50,butterfly,0.29592016
IMAG2123.JPG,2026:01:10 02:22:46,2026-01-10 02:22:46,secretarybird,0.5939879
IMAG2137.JPG,2026:01:10 04:54:57,2026-01-10 04:54:57,secretarybird,0.2498384
IMAG2137.JPG,2026:01:10 04:54:57,2026-01-10 04:54:57,bird,0.31508762
IMAG2137.JPG,2026:01:10 04:54:57,2026-01-10 04:54:57,bird,0.2633705
IMAG0046.JPG,2025:12:09 11:11:45,2025-12-09 11:11:45,canis_species,0.26265085
IMAG1370.JPG,2026:01:01 23:01:03,2026-01-01 23:01:03,common_ostrich,0.2886623
IMAG1416.JPG,2026:01:02 11:30:36,2026-01-02 11:30:36,bird,0.4896932
