Filename,Category,Confidence,Timestamp,Bbox,Datetime
IMAG0063.JPG,animal,0.512,2025:12:09 16:19:02,"[174.681396484375, 1218.5135498046875, 328.85821533203125, 1336.4844970703125]",2025-12-09 16:19:02
IMAG2112.JPG,animal,0.709,2026:01:09 23:53:29,"[1641.211669921875, 852.5123901367188, 1832.7386474609375, 1122.7254638671875]",2026-01-09 23:53:29
IMAG2106.JPG,Empty,0.0,2026:01:09 19:51:31,,2026-01-09 19:51:31
IMAG0077.JPG,animal,0.584,2025:12:09 22:44:20,"[1331.705322265625, 1030.2723388671875, 1611.81103515625, 1130.830810546875]",2025-12-09 22:44:20
IMAG1369.JPG,animal,0.934,2026:01:01 22:51:01,"[0.24567870795726776, 710.58447265625, 421.4237365722656, 1308.9298095703125]",2026-01-01 22:51:01
IMAG1341.JPG,Empty,0.0,2026:01:01 16:59:45,,2026-01-01 16:59:45
IMAG1427.JPG,Empty,0.0,2026:01:02 13:41:02,,2026-01-02 13:41:02
IMAG1433.JPG,Empty,0.0,2026:01:02 15:07:09,,2026-01-02 15:07:09
IMAG1355.JPG,animal,0.359,2026:01:01 19:23:01,"[116.29804992675781, 901.3507690429688, 248.880615234375, 992.2996215820312]",2026-01-01 19:23:01
IMAG1382.JPG,Empty,0.0,2026:01:02 01:50:34,,2026-01-02 01:50:34
IMAG1396.JPG,animal,0.86,2026:01:02 07:30:54,"[1387.2548828125, 56.611328125, 2047.8896484375, 1308.93359375]",2026-01-02 07:30:54
IMAG0088.JPG,animal,0.898,2025:12:10 02:58:54,"[262.26092529296875, 1054.8134765625, 1049.109130859375, 1369.982666015625]",2025-12-10 02:58:54
IMAG1619.JPG,animal,0.386,2026:01:04 13:00:24,"[1607.386962890625, 391.850830078125, 1651.0947265625, 431.27337646484375]",2026-01-04 13:00:24
IMAG2310.JPG,animal,0.935,2026:01:13 07:48:27,"[1704.001220703125, 814.80908203125, 2048.0, 1139.8594970703125]",2026-01-13 07:48:27
IMAG2462.JPG,animal,0.964,2026:01:17 06:16:31,"[0.0, 0.14199218153953552, 665.1586303710938, 1469.7249755859375]",2026-01-17 06:16:31
IMAG2304.JPG,animal,0.978,2026:01:13 04:30:59,"[0.0, 291.5023498535156, 1529.767822265625, 1472.262939453125]",2026-01-13 04:30:59
IMAG1625.JPG,Empty,0.0,2026:01:04 14:14:42,,2026-01-04 14:14:42
IMAG1631.JPG,Empty,0.0,2026:01:04 15:40:58,,2026-01-04 15:40:58
IMAG2338.JPG,Empty,0.0,2026:01:13 17:57:47,,2026-01-13 17:57:47
IMAG1802.JPG,Empty,0.0,2026:01:06 19:25:14,,2026-01-06 19:25:14
IMAG1816.JPG,Empty,0.0,2026:01:07 00:15:22,,2026-01-07 00:15:22
IMAG2264.JPG,Empty,0.0,2026:01:12 07:19:06,,2026-01-12 07:19:06
IMAG2270.JPG,Empty,0.0,2026:01:12 08:56:07,,2026-01-12 08:56:07
IMAG1779.JPG,animal,0.942,2026:01:06 15:25:33,"[965.5838012695312, 1107.087890625, 1300.993896484375, 1471.30859375]",2026-01-06 15:25:33
IMAG2258.JPG,animal,0.7,2026:01:12 04:15:40,"[1650.579345703125, 842.0263671875, 2048.0, 1106.112548828125]",2026-01-12 04:15:40
IMAG1751.JPG,animal,0.836,2026:01:06 09:24:26,"[1213.40625, 994.8250122070312, 1530.534423828125, 1146.3404541015625]",2026-01-06 09:24:26
IMAG1751.JPG,animal,0.804,2026:01:06 09:24:26,"[1083.072509765625, 1345.3651123046875, 1218.720458984375, 1475.7686767578125]",2026-01-06 09:24:26
IMAG1751.JPG,animal,0.555,2026:01:06 09:24:26,"[989.6453247070312, 1213.385009765625, 1127.1650390625, 1312.0206298828125]",2026-01-06 09:24:26
IMAG1751.JPG,animal,0.319,2026:01:06 09:24:26,"[1619.4068603515625, 418.0958557128906, 1693.4576416015625, 474.74359130859375]",2026-01-06 09:24:26
IMAG1989.JPG,animal,0.986,2026:01:08 13:59:27,"[0.21435546875, 361.1871643066406, 1272.6405029296875, 1468.4251708984375]",2026-01-08 13:59:27
IMAG1745.JPG,Empty,0.0,2026:01:06 08:20:05,,2026-01-06 08:20:05
IMAG1976.JPG,Empty,0.0,2026:01:08 10:44:55,,2026-01-08 10:44:55
IMAG1962.JPG,animal,0.717,2026:01:08 08:04:07,"[1599.203369140625, 0.04704589769244194, 2047.9837646484375, 753.6740112304688]",2026-01-08 08:04:07
IMAG1962.JPG,animal,0.595,2026:01:08 08:04:07,"[728.4197387695312, 1069.0103759765625, 799.0914916992188, 1176.306640625]",2026-01-08 08:04:07
IMAG1792.JPG,animal,0.948,2026:01:06 17:37:19,"[0.5968261957168579, 225.5107421875, 1550.5648193359375, 1472.1810302734375]",2026-01-06 17:37:19
IMAG1786.JPG,animal,0.958,2026:01:06 16:36:44,"[441.35943603515625, 778.5642700195312, 829.2179565429688, 1136.192138671875]",2026-01-06 16:36:44
IMAG1786.JPG,animal,0.937,2026:01:06 16:36:44,"[1307.8875732421875, 790.6845703125, 1517.41552734375, 1146.0299072265625]",2026-01-06 16:36:44
IMAG0117.JPG,Empty,0.0,2025:12:10 11:36:27,,2025-12-10 11:36:27
IMAG2066.JPG,Empty,0.0,2026:01:09 08:55:35,,2026-01-09 08:55:35
IMAG2072.JPG,Empty,0.0,2026:01:09 11:02:44,,2026-01-09 11:02:44
IMAG0103.JPG,Empty,0.0,2025:12:10 08:38:23,,2025-12-10 08:38:23
IMAG1553.JPG,animal,0.726,2026:01:03 20:37:36,"[18.972692489624023, 1227.87939453125, 137.10671997070312, 1432.450439453125]",2026-01-03 20:37:36
IMAG1553.JPG,animal,0.344,2026:01:03 20:37:36,"[803.06201171875, 245.2236785888672, 1013.84716796875, 379.146484375]",2026-01-03 20:37:36
IMAG1547.JPG,animal,0.964,2026:01:03 19:19:56,"[0.0032226562034338713, 347.70123291015625, 588.54443359375, 1397.662353515625]",2026-01-03 19:19:56
IMAG2099.JPG,animal,0.921,2026:01:09 18:04:25,"[920.2763671875, 864.6110229492188, 1166.6181640625, 1060.221435546875]",2026-01-09 18:04:25
IMAG1590.JPG,animal,0.983,2026:01:04 06:54:33,"[0.16586914658546448, 0.0, 1160.2349853515625, 1461.025634765625]",2026-01-04 06:54:33
IMAG1584.JPG,Empty,0.0,2026:01:04 04:00:20,,2026-01-04 04:00:20
IMAG1585.JPG,Empty,0.0,2026:01:04 04:10:43,,2026-01-04 04:10:43
IMAG1591.JPG,animal,0.582,2026:01:04 07:17:11,"[831.3111572265625, 1293.431884765625, 1027.299560546875, 1441.894287109375]",2026-01-04 07:17:11
IMAG2098.JPG,animal,0.952,2026:01:09 17:53:06,"[199.33642578125, 829.5123291015625, 629.724609375, 1165.0673828125]",2026-01-09 17:53:06
IMAG1546.JPG,animal,0.296,2026:01:03 19:02:41,"[1124.835693359375, 685.1890869140625, 1191.502197265625, 781.1090698242188]",2026-01-03 19:02:41
IMAG1552.JPG,Empty,0.0,2026:01:03 20:26:47,,2026-01-03 20:26:47
IMAG2073.JPG,animal,0.894,2026:01:09 11:18:28,"[326.10406494140625, 359.78240966796875, 554.2958374023438, 537.5213012695312]",2026-01-09 11:18:28
IMAG0102.JPG,animal,0.95,2025:12:10 08:21:46,"[780.2175903320312, 763.8480834960938, 1006.1656494140625, 1126.1214599609375]",2025-12-10 08:21:46
IMAG0116.JPG,Empty,0.0,2025:12:10 11:25:52,,2025-12-10 11:25:52
IMAG2067.JPG,Empty,0.0,2026:01:09 09:10:04,,2026-01-09 09:10:04
IMAG1787.JPG,animal,0.96,2026:01:06 16:46:50,"[1240.900146484375, 706.3502197265625, 1807.3226318359375, 1161.4921875]",2026-01-06 16:46:50
IMAG1793.JPG,animal,0.946,2026:01:06 17:47:30,"[1235.5728759765625, 296.9253845214844, 2048.0, 1465.4498291015625]",2026-01-06 17:47:30
IMAG1963.JPG,Empty,0.0,2026:01:08 08:14:11,,2026-01-08 08:14:11
IMAG1977.JPG,Empty,0.0,2026:01:08 10:55:15,,2026-01-08 10:55:15
IMAG1744.JPG,animal,0.477,2026:01:06 08:10:02,"[703.6962280273438, 1370.6322021484375, 810.1417236328125, 1470.814697265625]",2026-01-06 08:10:02
IMAG1988.JPG,Empty,0.0,2026:01:08 13:49:27,,2026-01-08 13:49:27
IMAG1750.JPG,animal,0.54,2026:01:06 09:14:26,"[848.87744140625, 1072.898681640625, 910.1380004882812, 1179.1639404296875]",2026-01-06 09:14:26
IMAG2259.JPG,animal,0.962,2026:01:12 04:25:41,"[91.2142562866211, 511.97344970703125, 1019.5535278320312, 1368.697998046875]",2026-01-12 04:25:41
IMAG1778.JPG,Empty,0.0,2026:01:06 15:15:27,,2026-01-06 15:15:27
IMAG2271.JPG,Empty,0.0,2026:01:12 09:06:10,,2026-01-12 09:06:10
IMAG2265.JPG,animal,0.526,2026:01:12 07:29:12,"[1975.167724609375, 900.1158447265625, 2048.0, 1153.895751953125]",2026-01-12 07:29:12
IMAG1817.JPG,animal,0.926,2026:01:07 00:39:08,"[398.2763366699219, 1161.6854248046875, 786.9500122070312, 1471.861083984375]",2026-01-07 00:39:08
IMAG1803.JPG,animal,0.647,2026:01:06 19:35:15,"[1909.321044921875, 565.7691650390625, 2047.8734130859375, 1468.6259765625]",2026-01-06 19:35:15
IMAG2339.JPG,Empty,0.0,2026:01:13 18:09:13,,2026-01-13 18:09:13
IMAG1630.JPG,animal,0.812,2026:01:04 15:30:05,"[1642.927490234375, 615.2018432617188, 1791.135009765625, 768.5755615234375]",2026-01-04 15:30:05
IMAG1630.JPG,animal,0.271,2026:01:04 15:30:05,"[1360.4996337890625, 961.3408203125, 1592.676513671875, 1057.9049072265625]",2026-01-04 15:30:05
IMAG1624.JPG,Empty,0.0,2026:01:04 14:04:26,,2026-01-04 14:04:26
IMAG2463.JPG,animal,0.95,2026:01:17 06:26:31,"[0.248046875, 3.072070360183716, 1812.238037109375, 1470.589599609375]",2026-01-17 06:26:31
IMAG2305.JPG,Empty,0.0,2026:01:13 05:11:15,,2026-01-13 05:11:15
IMAG2311.JPG,animal,0.907,2026:01:13 08:08:50,"[1454.517578125, 0.0, 2048.0, 1213.6646728515625]",2026-01-13 08:08:50
IMAG2311.JPG,animal,0.26,2026:01:13 08:08:50,"[691.276123046875, 1189.55078125, 769.0797119140625, 1257.666748046875]",2026-01-13 08:08:50
IMAG1618.JPG,animal,0.743,2026:01:04 12:45:22,"[562.2135009765625, 773.9769287109375, 815.4146728515625, 882.474609375]",2026-01-04 12:45:22
IMAG0089.JPG,animal,0.444,2025:12:10 03:47:54,"[1717.656982421875, 30.872802734375, 2047.973876953125, 1459.300048828125]",2025-12-10 03:47:54
IMAG1397.JPG,Empty,0.0,2026:01:02 07:46:18,,2026-01-02 07:46:18
IMAG1383.JPG,animal,0.841,2026:01:02 02:17:14,"[1577.9207763671875, 5.768310546875, 2048.0, 1168.9681396484375]",2026-01-02 02:17:14
IMAG1432.JPG,animal,0.602,2026:01:02 14:56:12,"[1649.330078125, 1068.969482421875, 1722.266845703125, 1130.529296875]",2026-01-02 14:56:12
IMAG1432.JPG,animal,0.594,2026:01:02 14:56:12,"[765.1585693359375, 1049.89892578125, 860.6349487304688, 1159.0167236328125]",2026-01-02 14:56:12
IMAG1354.JPG,Empty,0.0,2026:01:01 19:12:59,,2026-01-01 19:12:59
IMAG1340.JPG,animal,0.901,2026:01:01 16:48:20,"[1514.0140380859375, 463.83624267578125, 1654.111572265625, 648.0340576171875]",2026-01-01 16:48:20
IMAG1340.JPG,animal,0.848,2026:01:01 16:48:20,"[674.91357421875, 408.9365234375, 804.44873046875, 484.8770446777344]",2026-01-01 16:48:20
IMAG1426.JPG,animal,0.821,2026:01:02 13:29:38,"[1256.38818359375, 1020.3011474609375, 1420.1082763671875, 1146.6517333984375]",2026-01-02 13:29:38
IMAG2107.JPG,animal,0.935,2026:01:09 21:19:37,"[579.5724487304688, 1009.0797119140625, 824.4861450195312, 1471.447998046875]",2026-01-09 21:19:37
IMAG1368.JPG,Empty,0.0,2026:01:01 22:40:51,,2026-01-01 22:40:51
IMAG0076.JPG,animal,0.629,2025:12:09 21:50:02,"[82.08531188964844, 1062.462158203125, 359.9425354003906, 1233.7503662109375]",2025-12-09 21:50:02
IMAG0062.JPG,animal,0.924,2025:12:09 15:47:35,"[778.41552734375, 812.3992919921875, 1047.904052734375, 1085.513427734375]",2025-12-09 15:47:35
IMAG0062.JPG,animal,0.822,2025:12:09 15:47:35,"[378.39581298828125, 900.6973876953125, 615.1858520507812, 1125.4669189453125]",2025-12-09 15:47:35
IMAG2113.JPG,animal,0.895,2026:01:10 00:04:46,"[1029.92333984375, 1031.94140625, 1283.592041015625, 1224.630859375]",2026-01-10 00:04:46
IMAG0074.JPG,Empty,0.0,2025:12:09 19:27:26,,2025-12-09 19:27:26
IMAG2105.JPG,Empty,0.0,2026:01:09 19:29:52,,2026-01-09 19:29:52
IMAG2111.JPG,animal,0.829,2026:01:09 23:28:00,"[1568.81787109375, 56.39484786987305, 1822.719482421875, 458.12432861328125]",2026-01-09 23:28:00
IMAG1418.JPG,animal,0.785,2026:01:02 11:52:02,"[749.2582397460938, 1049.7880859375, 864.6589965820312, 1149.5992431640625]",2026-01-02 11:52:02
IMAG0060.JPG,Empty,0.0,2025:12:09 15:26:10,,2025-12-09 15:26:10
IMAG0048.JPG,animal,0.862,2025:12:09 11:42:56,"[867.7277221679688, 899.4669189453125, 1063.940673828125, 1123.8546142578125]",2025-12-09 11:42:56
IMAG1356.JPG,animal,0.843,2026:01:01 19:33:14,"[254.3791961669922, 226.6605987548828, 488.20220947265625, 415.87451171875]",2026-01-01 19:33:14
IMAG1356.JPG,animal,0.449,2026:01:01 19:33:14,"[1051.448486328125, 1244.7960205078125, 1208.471923828125, 1374.474365234375]",2026-01-01 19:33:14
IMAG2139.JPG,animal,0.775,2026:01:10 05:15:12,"[1736.791259765625, 221.22305297851562, 2048.0, 1131.108642578125]",2026-01-10 05:15:12
IMAG1430.JPG,animal,0.911,2026:01:02 14:29:15,"[1475.498779296875, 650.7738647460938, 1621.16259765625, 864.8653564453125]",2026-01-02 14:29:15
IMAG1430.JPG,animal,0.676,2026:01:02 14:29:15,"[766.5496826171875, 1053.08935546875, 841.47021484375, 1144.164306640625]",2026-01-02 14:29:15
IMAG1430.JPG,animal,0.507,2026:01:02 14:29:15,"[1659.3677978515625, 1080.6551513671875, 1759.947021484375, 1134.157470703125]",2026-01-02 14:29:15
IMAG1424.JPG,animal,0.841,2026:01:02 13:09:03,"[622.3643798828125, 929.03662109375, 773.2227783203125, 1102.57177734375]",2026-01-02 13:09:03
IMAG1342.JPG,animal,0.946,2026:01:01 17:09:55,"[1461.324951171875, 747.0616455078125, 1788.4632568359375, 1143.822265625]",2026-01-01 17:09:55
IMAG1342.JPG,animal,0.87,2026:01:01 17:09:55,"[965.01904296875, 1185.4556884765625, 1291.466064453125, 1474.8701171875]",2026-01-01 17:09:55
IMAG1395.JPG,animal,0.574,2026:01:02 07:20:05,"[104.55369567871094, 610.5341796875, 259.77947998046875, 743.8430786132812]",2026-01-02 07:20:05
IMAG1395.JPG,animal,0.347,2026:01:02 07:20:05,"[1204.9608154296875, 749.7039184570312, 1329.3800048828125, 826.9212646484375]",2026-01-02 07:20:05
IMAG1395.JPG,animal,0.285,2026:01:02 07:20:05,"[1094.833251953125, 1153.782958984375, 1196.645751953125, 1228.8480224609375]",2026-01-02 07:20:05
IMAG1381.JPG,Empty,0.0,2026:01:02 01:33:18,,2026-01-02 01:33:18
IMAG2307.JPG,Empty,0.0,2026:01:13 07:07:02,,2026-01-13 07:07:02
IMAG2461.JPG,animal,0.971,2026:01:17 06:02:25,"[0.171875, 0.0, 763.3713989257812, 1447.48828125]",2026-01-17 06:02:25
IMAG2313.JPG,Empty,0.0,2026:01:13 08:30:16,,2026-01-13 08:30:16
IMAG1632.JPG,animal,0.263,2026:01:04 15:52:39,"[1648.348876953125, 475.6253967285156, 1706.7672119140625, 556.5559692382812]",2026-01-04 15:52:39
IMAG2449.JPG,Empty,0.0,2026:01:17 00:25:04,,2026-01-17 00:25:04
IMAG1626.JPG,Empty,0.0,2026:01:04 14:25:49,,2026-01-04 14:25:49
IMAG1815.JPG,Empty,0.0,2026:01:07 00:02:52,,2026-01-07 00:02:52
IMAG1801.JPG,Empty,0.0,2026:01:06 19:13:44,,2026-01-06 19:13:44
IMAG1829.JPG,Empty,0.0,2026:01:07 03:32:49,,2026-01-07 03:32:49
IMAG2273.JPG,Empty,0.0,2026:01:12 09:31:46,,2026-01-12 09:31:46
IMAG2267.JPG,Empty,0.0,2026:01:12 08:12:57,,2026-01-12 08:12:57
IMAG1746.JPG,animal,0.421,2026:01:06 08:30:08,"[1565.1336669921875, 705.3334350585938, 1710.8441162109375, 921.3404541015625]",2026-01-06 08:30:08
IMAG1752.JPG,Empty,0.0,2026:01:06 09:38:43,,2026-01-06 09:38:43
IMAG1961.JPG,animal,0.865,2026:01:08 07:53:14,"[922.09521484375, 1207.9154052734375, 1258.027099609375, 1474.272216796875]",2026-01-08 07:53:14
IMAG1975.JPG,Empty,0.0,2026:01:08 10:34:53,,2026-01-08 10:34:53
IMAG1785.JPG,Empty,0.0,2026:01:06 16:26:31,,2026-01-06 16:26:31
IMAG1949.JPG,animal,0.685,2026:01:08 04:32:37,"[1674.1820068359375, 0.952832043170929, 2048.0, 915.5418090820312]",2026-01-08 04:32:37
IMAG1791.JPG,animal,0.959,2026:01:06 17:27:16,"[956.9327392578125, 593.5174560546875, 1780.034423828125, 1157.4658203125]",2026-01-06 17:27:16
IMAG1791.JPG,animal,0.872,2026:01:06 17:27:16,"[1787.24609375, 827.5062255859375, 2047.8551025390625, 1131.958740234375]",2026-01-06 17:27:16
IMAG1791.JPG,animal,0.853,2026:01:06 17:27:16,"[1263.981689453125, 0.71826171875, 2048.0, 1128.1939697265625]",2026-01-06 17:27:16
IMAG2298.JPG,animal,0.964,2026:01:12 20:59:37,"[0.0, 577.3319091796875, 1278.806884765625, 1472.2247314453125]",2026-01-12 20:59:37
IMAG0100.JPG,animal,0.605,2025:12:10 08:00:49,"[1161.436279296875, 1202.1112060546875, 1242.016357421875, 1272.046142578125]",2025-12-10 08:00:49
IMAG0100.JPG,animal,0.488,2025:12:10 08:00:49,"[1002.8034057617188, 1199.620361328125, 1066.4581298828125, 1305.9918212890625]",2025-12-10 08:00:49
IMAG0100.JPG,animal,0.374,2025:12:10 08:00:49,"[1124.5450439453125, 1260.1376953125, 1199.59326171875, 1353.6080322265625]",2025-12-10 08:00:49
IMAG1578.JPG,Empty,0.0,2026:01:04 02:48:09,,2026-01-04 02:48:09
IMAG2071.JPG,animal,0.864,2026:01:09 10:49:48,"[754.4874877929688, 1074.82568359375, 1293.0087890625, 1476.4569091796875]",2026-01-09 10:49:48
IMAG2065.JPG,Empty,0.0,2026:01:09 08:26:38,,2026-01-09 08:26:38
IMAG0114.JPG,Empty,0.0,2025:12:10 11:00:51,,2025-12-10 11:00:51
IMAG1544.JPG,animal,0.793,2026:01:03 18:40:53,"[1779.57421875, 184.7729949951172, 2037.743408203125, 311.38970947265625]",2026-01-03 18:40:53
IMAG1550.JPG,Empty,0.0,2026:01:03 19:56:41,,2026-01-03 19:56:41
IMAG2059.JPG,animal,0.982,2026:01:09 06:37:35,"[0.7345215082168579, 0.0, 1425.3538818359375, 1468.624267578125]",2026-01-09 06:37:35
IMAG0128.JPG,Empty,0.0,2025:12:10 14:33:24,,2025-12-10 14:33:24
IMAG1587.JPG,Empty,0.0,2026:01:04 05:08:26,,2026-01-04 05:08:26
IMAG1593.JPG,Empty,0.0,2026:01:04 07:37:56,,2026-01-04 07:37:56
IMAG1592.JPG,animal,0.328,2026:01:04 07:27:12,"[100.25568389892578, 825.9094848632812, 271.91204833984375, 901.0098876953125]",2026-01-04 07:27:12
IMAG1586.JPG,Empty,0.0,2026:01:04 04:40:14,,2026-01-04 04:40:14
IMAG2058.JPG,animal,0.886,2026:01:09 06:27:35,"[1548.6541748046875, 2.462597608566284, 2048.0, 1248.491943359375]",2026-01-09 06:27:35
IMAG1551.JPG,Empty,0.0,2026:01:03 20:07:28,,2026-01-03 20:07:28
IMAG0129.JPG,Empty,0.0,2025:12:10 14:44:54,,2025-12-10 14:44:54
IMAG1545.JPG,animal,0.336,2026:01:03 18:52:39,"[1686.655517578125, 618.9002075195312, 1774.240234375, 665.9671630859375]",2026-01-03 18:52:39
IMAG2064.JPG,Empty,0.0,2026:01:09 08:14:04,,2026-01-09 08:14:04
IMAG0115.JPG,Empty,0.0,2025:12:10 11:15:08,,2025-12-10 11:15:08
IMAG0101.JPG,animal,0.89,2025:12:10 08:11:00,"[1076.9373779296875, 1235.5540771484375, 1201.0001220703125, 1354.826904296875]",2025-12-10 08:11:00
IMAG2070.JPG,Empty,0.0,2026:01:09 09:55:57,,2026-01-09 09:55:57
IMAG1579.JPG,animal,0.776,2026:01:04 03:05:29,"[665.0187377929688, 171.27413940429688, 1183.260986328125, 670.06201171875]",2026-01-04 03:05:29
IMAG2299.JPG,animal,0.894,2026:01:13 02:25:28,"[1536.5953369140625, 4.341552734375, 2048.0, 1161.3638916015625]",2026-01-13 02:25:28
IMAG1790.JPG,animal,0.966,2026:01:06 17:17:16,"[203.0393524169922, 565.8714599609375, 1201.097900390625, 1376.6099853515625]",2026-01-06 17:17:16
IMAG1790.JPG,animal,0.837,2026:01:06 17:17:16,"[1342.5472412109375, 616.2174072265625, 1973.3570556640625, 1148.269287109375]",2026-01-06 17:17:16
IMAG1790.JPG,animal,0.614,2026:01:06 17:17:16,"[623.9285278320312, 431.54266357421875, 750.9674072265625, 519.61474609375]",2026-01-06 17:17:16
IMAG1790.JPG,animal,0.53,2026:01:06 17:17:16,"[1703.3228759765625, 235.28518676757812, 2048.0, 993.2320556640625]",2026-01-06 17:17:16
IMAG1948.JPG,animal,0.961,2026:01:08 04:20:24,"[351.36358642578125, 1054.6864013671875, 645.2225341796875, 1469.64208984375]",2026-01-08 04:20:24
IMAG1784.JPG,animal,0.648,2026:01:06 16:16:06,"[125.89677429199219, 753.7435302734375, 235.14950561523438, 886.3759765625]",2026-01-06 16:16:06
IMAG1784.JPG,animal,0.544,2026:01:06 16:16:06,"[291.430419921875, 433.0008239746094, 416.74322509765625, 518.6881103515625]",2026-01-06 16:16:06
IMAG1784.JPG,animal,0.376,2026:01:06 16:16:06,"[1536.5712890625, 408.3750915527344, 1632.8060302734375, 517.5309448242188]",2026-01-06 16:16:06
IMAG1784.JPG,animal,0.272,2026:01:06 16:16:06,"[0.0013275146484375, 1035.645263671875, 80.20063781738281, 1280.812744140625]",2026-01-06 16:16:06
IMAG1974.JPG,Empty,0.0,2026:01:08 10:23:51,,2026-01-08 10:23:51
IMAG1960.JPG,animal,0.918,2026:01:08 07:38:47,"[1306.4449462890625, 615.6809692382812, 1952.5179443359375, 1144.54052734375]",2026-01-08 07:38:47
IMAG1960.JPG,animal,0.871,2026:01:08 07:38:47,"[915.5328369140625, 696.0517578125, 1298.1187744140625, 1230.017822265625]",2026-01-08 07:38:47
IMAG1960.JPG,animal,0.806,2026:01:08 07:38:47,"[1815.156005859375, 855.9940185546875, 2047.7220458984375, 1142.022705078125]",2026-01-08 07:38:47
IMAG1960.JPG,animal,0.565,2026:01:08 07:38:47,"[1128.7730712890625, 919.5894775390625, 1378.6787109375, 1155.355712890625]",2026-01-08 07:38:47
IMAG1753.JPG,animal,0.707,2026:01:06 09:48:44,"[1127.0687255859375, 1314.2891845703125, 1269.610107421875, 1475.653564453125]",2026-01-06 09:48:44
IMAG1753.JPG,animal,0.493,2026:01:06 09:48:44,"[1093.74365234375, 753.6614379882812, 1271.1473388671875, 930.4656982421875]",2026-01-06 09:48:44
IMAG1747.JPG,Empty,0.0,2026:01:06 08:41:13,,2026-01-06 08:41:13
IMAG2266.JPG,Empty,0.0,2026:01:12 07:48:32,,2026-01-12 07:48:32
IMAG2272.JPG,animal,0.821,2026:01:12 09:16:11,"[1721.3861083984375, 277.03839111328125, 2047.9974365234375, 1149.4051513671875]",2026-01-12 09:16:11
IMAG1828.JPG,animal,0.951,2026:01:07 03:21:42,"[688.9342041015625, 599.8397827148438, 1048.6044921875, 1345.443359375]",2026-01-07 03:21:42
IMAG1828.JPG,animal,0.939,2026:01:07 03:21:42,"[1269.558349609375, 381.2845153808594, 2047.993408203125, 1145.2103271484375]",2026-01-07 03:21:42
IMAG1800.JPG,animal,0.866,2026:01:06 19:03:19,"[1372.13671875, 946.2643432617188, 1668.103759765625, 1161.1375732421875]",2026-01-06 19:03:19
IMAG1814.JPG,animal,0.88,2026:01:06 23:49:48,"[739.4918212890625, 1054.1131591796875, 1075.8734130859375, 1214.1505126953125]",2026-01-06 23:49:48
IMAG2448.JPG,animal,0.483,2026:01:17 00:11:22,"[1459.7926025390625, 694.3331909179688, 2048.0, 1133.554443359375]",2026-01-17 00:11:22
IMAG1627.JPG,animal,0.782,2026:01:04 14:48:55,"[843.8795776367188, 1039.4554443359375, 916.58837890625, 1135.098876953125]",2026-01-04 14:48:55
IMAG1633.JPG,animal,0.823,2026:01:04 16:02:41,"[1290.813720703125, 277.319091796875, 2048.0, 1393.725341796875]",2026-01-04 16:02:41
IMAG2312.JPG,animal,0.88,2026:01:13 08:19:48,"[1005.6488037109375, 1245.360107421875, 1191.765380859375, 1381.9395751953125]",2026-01-13 08:19:48
IMAG2306.JPG,animal,0.978,2026:01:13 05:21:15,"[0.40498048067092896, 51.722312927246094, 1327.836181640625, 1469.2984619140625]",2026-01-13 05:21:15
IMAG2460.JPG,animal,0.979,2026:01:17 05:49:33,"[0.6546875238418579, 0.542285144329071, 2048.0, 1472.135498046875]",2026-01-17 05:49:33
IMAG1380.JPG,Empty,0.0,2026:01:02 01:12:56,,2026-01-02 01:12:56
IMAG1394.JPG,animal,0.916,2026:01:02 07:10:01,"[1054.3282470703125, 1026.837158203125, 1245.6593017578125, 1206.820556640625]",2026-01-02 07:10:01
IMAG1425.JPG,Empty,0.0,2026:01:02 13:19:22,,2026-01-02 13:19:22
IMAG1343.JPG,animal,0.346,2026:01:01 17:20:03,"[1292.543212890625, 702.2388916015625, 1323.189208984375, 788.3762817382812]",2026-01-01 17:20:03
IMAG1357.JPG,animal,0.888,2026:01:01 19:48:09,"[655.0106811523438, 992.1087646484375, 852.7902221679688, 1259.2454833984375]",2026-01-01 19:48:09
IMAG0049.JPG,animal,0.937,2025:12:09 12:13:47,"[0.24912109971046448, 678.046875, 421.3134765625, 1283.6253662109375]",2025-12-09 12:13:47
IMAG1431.JPG,animal,0.871,2026:01:02 14:39:15,"[1297.84130859375, 183.3995819091797, 1497.9608154296875, 373.94818115234375]",2026-01-02 14:39:15
IMAG1431.JPG,animal,0.775,2026:01:02 14:39:15,"[768.0018310546875, 1054.04638671875, 846.1868896484375, 1156.2947998046875]",2026-01-02 14:39:15
IMAG1431.JPG,animal,0.766,2026:01:02 14:39:15,"[1580.644775390625, 478.9578552246094, 1693.446044921875, 580.947509765625]",2026-01-02 14:39:15
IMAG1431.JPG,animal,0.489,2026:01:02 14:39:15,"[1413.7706298828125, 999.1397705078125, 1649.0238037109375, 1062.628173828125]",2026-01-02 14:39:15
IMAG1431.JPG,animal,0.342,2026:01:02 14:39:15,"[1643.723876953125, 1073.969482421875, 1723.979248046875, 1134.255859375]",2026-01-02 14:39:15
IMAG2138.JPG,animal,0.925,2026:01:10 05:04:58,"[1375.4202880859375, 28.431446075439453, 1874.462158203125, 1131.627685546875]",2026-01-10 05:04:58
IMAG2138.JPG,animal,0.825,2026:01:10 05:04:58,"[1007.9939575195312, 556.7413940429688, 1577.424560546875, 1199.6793212890625]",2026-01-10 05:04:58
IMAG1419.JPG,animal,0.669,2026:01:02 12:02:17,"[728.5028076171875, 1046.0240478515625, 855.4290161132812, 1151.1390380859375]",2026-01-02 12:02:17
IMAG1419.JPG,animal,0.468,2026:01:02 12:02:17,"[403.6858825683594, 791.4251098632812, 487.07769775390625, 884.8699951171875]",2026-01-02 12:02:17
IMAG2110.JPG,animal,0.925,2026:01:09 23:15:41,"[1558.381591796875, 683.832275390625, 2048.0, 1137.6400146484375]",2026-01-09 23:15:41
IMAG0061.JPG,Empty,0.0,2025:12:09 15:36:17,,2025-12-09 15:36:17
IMAG0075.JPG,Empty,0.0,2025:12:09 19:49:50,,2025-12-09 19:49:50
IMAG2104.JPG,animal,0.759,2026:01:09 19:19:32,"[67.6011962890625, 1231.664306640625, 178.49417114257812, 1338.018310546875]",2026-01-09 19:19:32
IMAG2104.JPG,animal,0.689,2026:01:09 19:19:32,"[159.9364776611328, 1249.2366943359375, 255.2681121826172, 1340.973876953125]",2026-01-09 19:19:32
IMAG2104.JPG,animal,0.666,2026:01:09 19:19:32,"[1445.5654296875, 769.9144287109375, 1524.6513671875, 876.0595703125]",2026-01-09 19:19:32
IMAG2104.JPG,animal,0.46,2026:01:09 19:19:32,"[688.6476440429688, 1178.459716796875, 772.8494262695312, 1261.693359375]",2026-01-09 19:19:32
IMAG2104.JPG,animal,0.3,2026:01:09 19:19:32,"[879.3184814453125, 1158.96826171875, 989.2186279296875, 1242.0770263671875]",2026-01-09 19:19:32
IMAG1435.JPG,Empty,0.0,2026:01:02 15:30:24,,2026-01-02 15:30:24
IMAG1353.JPG,Empty,0.0,2026:01:01 19:02:36,,2026-01-01 19:02:36
IMAG0059.JPG,animal,0.72,2025:12:09 15:16:05,"[1566.6378173828125, 1056.088623046875, 1713.734130859375, 1125.49169921875]",2025-12-09 15:16:05
IMAG1347.JPG,animal,0.859,2026:01:01 18:00:32,"[1375.3948974609375, 397.7100524902344, 1469.359375, 533.8455200195312]",2026-01-01 18:00:32
IMAG1347.JPG,animal,0.835,2026:01:01 18:00:32,"[1595.386474609375, 392.92724609375, 1696.6285400390625, 491.3047790527344]",2026-01-01 18:00:32
IMAG1421.JPG,animal,0.309,2026:01:02 12:24:09,"[837.94482421875, 1094.69970703125, 879.59716796875, 1147.714111328125]",2026-01-02 12:24:09
IMAG2128.JPG,animal,0.973,2026:01:10 03:15:00,"[0.0, 0.6031249761581421, 2048.0, 1473.2357177734375]",2026-01-10 03:15:00
IMAG1409.JPG,Empty,0.0,2026:01:02 10:04:40,,2026-01-02 10:04:40
IMAG2100.JPG,animal,0.976,2026:01:09 18:14:26,"[512.8306274414062, 472.0057678222656, 1203.6119384765625, 1337.4403076171875]",2026-01-09 18:14:26
IMAG0071.JPG,Empty,0.0,2025:12:09 18:16:57,,2025-12-09 18:16:57
IMAG0065.JPG,Empty,0.0,2025:12:09 16:46:08,,2025-12-09 16:46:08
IMAG2114.JPG,animal,0.955,2026:01:10 00:27:48,"[588.9288330078125, 1081.820556640625, 1122.8170166015625, 1470.908203125]",2026-01-10 00:27:48
IMAG1390.JPG,Empty,0.0,2026:01:02 06:14:42,,2026-01-02 06:14:42
IMAG1384.JPG,Empty,0.0,2026:01:02 02:35:01,,2026-01-02 02:35:01
IMAG2458.JPG,animal,0.926,2026:01:17 05:20:16,"[0.0, 0.0, 680.1466064453125, 1439.8345947265625]",2026-01-17 05:20:16
IMAG1637.JPG,animal,0.791,2026:01:04 16:59:21,"[1678.8187255859375, 1028.284423828125, 1857.574951171875, 1126.535400390625]",2026-01-04 16:59:21
IMAG1623.JPG,animal,0.829,2026:01:04 13:54:24,"[554.3895263671875, 926.8533325195312, 718.4622802734375, 1150.149658203125]",2026-01-04 13:54:24
IMAG2464.JPG,animal,0.88,2026:01:17 06:48:24,"[1548.322998046875, 1.205224633216858, 2048.0, 1438.304443359375]",2026-01-17 06:48:24
IMAG2302.JPG,animal,0.949,2026:01:13 03:32:55,"[0.0, 0.40458983182907104, 761.3067626953125, 1086.6641845703125]",2026-01-13 03:32:55
IMAG2316.JPG,animal,0.869,2026:01:13 09:42:03,"[1038.015869140625, 1261.465576171875, 1101.8001708984375, 1386.1978759765625]",2026-01-13 09:42:03
IMAG2316.JPG,animal,0.545,2026:01:13 09:42:03,"[821.0090942382812, 1230.436279296875, 869.6153564453125, 1298.109130859375]",2026-01-13 09:42:03
IMAG2316.JPG,animal,0.502,2026:01:13 09:42:03,"[1052.80029296875, 1140.257080078125, 1181.813720703125, 1220.990478515625]",2026-01-13 09:42:03
IMAG2470.JPG,animal,0.881,2026:01:17 08:18:56,"[1483.8519287109375, 817.7799682617188, 1748.2191162109375, 1015.68017578125]",2026-01-17 08:18:56
IMAG1838.JPG,animal,0.95,2026:01:07 05:14:46,"[1076.916015625, 261.3102111816406, 2048.0, 1331.0364990234375]",2026-01-07 05:14:46
IMAG1810.JPG,Empty,0.0,2026:01:06 21:58:16,,2026-01-06 21:58:16
IMAG1804.JPG,animal,0.549,2026:01:06 19:47:32,"[1785.054931640625, 419.94873046875, 1919.304443359375, 520.4910278320312]",2026-01-06 19:47:32
IMAG1743.JPG,animal,0.847,2026:01:06 08:00:00,"[0.0, 1212.1107177734375, 221.778076171875, 1468.872314453125]",2026-01-06 08:00:00
IMAG1757.JPG,Empty,0.0,2026:01:06 10:31:37,,2026-01-06 10:31:37
IMAG2276.JPG,Empty,0.0,2026:01:12 10:27:54,,2026-01-12 10:27:54
IMAG2262.JPG,Empty,0.0,2026:01:12 06:33:08,,2026-01-12 06:33:08
IMAG2289.JPG,animal,0.946,2026:01:12 15:11:19,"[1188.4681396484375, 795.9715576171875, 1551.3529052734375, 1158.4239501953125]",2026-01-12 15:11:19
IMAG1958.JPG,animal,0.966,2026:01:08 07:15:28,"[976.8173828125, 907.84716796875, 1316.8414306640625, 1472.073974609375]",2026-01-08 07:15:28
IMAG1780.JPG,animal,0.975,2026:01:06 15:35:57,"[0.3221435546875, 224.3349151611328, 661.5989990234375, 1151.504150390625]",2026-01-06 15:35:57
IMAG1794.JPG,Empty,0.0,2026:01:06 18:02:38,,2026-01-06 18:02:38
IMAG1964.JPG,person,0.961,2026:01:08 08:25:15,"[0.03076171875, 2.0302734375, 827.5064697265625, 1469.882080078125]",2026-01-08 08:25:15
IMAG1970.JPG,Empty,0.0,2026:01:08 09:39:47,,2026-01-08 09:39:47
IMAG2048.JPG,animal,0.953,2026:01:09 02:19:42,"[1214.285400390625, 535.5396118164062, 1867.193359375, 1147.9820556640625]",2026-01-09 02:19:42
IMAG2048.JPG,animal,0.927,2026:01:09 02:19:42,"[9.929491996765137, 330.6739196777344, 1517.827392578125, 1471.6365966796875]",2026-01-09 02:19:42
IMAG2048.JPG,animal,0.598,2026:01:09 02:19:42,"[74.87129211425781, 823.7185668945312, 702.97509765625, 1427.831298828125]",2026-01-09 02:19:42
IMAG1541.JPG,Empty,0.0,2026:01:03 18:08:11,,2026-01-03 18:08:11
IMAG0139.JPG,animal,0.615,2025:12:10 16:56:37,"[1084.92724609375, 389.69927978515625, 1179.8604736328125, 469.2527770996094]",2025-12-10 16:56:37
IMAG0139.JPG,animal,0.539,2025:12:10 16:56:37,"[1251.3826904296875, 335.0188903808594, 1330.9024658203125, 397.46734619140625]",2025-12-10 16:56:37
IMAG0139.JPG,animal,0.324,2025:12:10 16:56:37,"[1712.2581787109375, 358.6661071777344, 1771.5078125, 428.11639404296875]",2025-12-10 16:56:37
IMAG0139.JPG,animal,0.292,2025:12:10 16:56:37,"[949.1331176757812, 691.9735717773438, 1025.95166015625, 770.3701171875]",2025-12-10 16:56:37
IMAG0139.JPG,animal,0.283,2025:12:10 16:56:37,"[1944.8150634765625, 442.57635498046875, 2039.0833740234375, 537.6436767578125]",2025-12-10 16:56:37
IMAG0139.JPG,animal,0.257,2025:12:10 16:56:37,"[884.0047607421875, 376.64886474609375, 930.8248901367188, 438.0476989746094]",2025-12-10 16:56:37
IMAG1555.JPG,Empty,0.0,2026:01:03 20:58:43,,2026-01-03 20:58:43
IMAG2074.JPG,Empty,0.0,2026:01:09 11:29:00,,2026-01-09 11:29:00
IMAG0105.JPG,Empty,0.0,2025:12:10 09:09:05,,2025-12-10 09:09:05
IMAG0111.JPG,Empty,0.0,2025:12:10 10:21:47,,2025-12-10 10:21:47
IMAG2060.JPG,Empty,0.0,2026:01:09 07:03:26,,2026-01-09 07:03:26
IMAG1569.JPG,animal,0.919,2026:01:04 00:13:25,"[0.2774902284145355, 689.5013427734375, 371.93438720703125, 1366.451416015625]",2026-01-04 00:13:25
IMAG1569.JPG,animal,0.901,2026:01:04 00:13:25,"[1030.59375, 620.5504150390625, 2021.9866943359375, 1182.296142578125]",2026-01-04 00:13:25
IMAG1569.JPG,animal,0.901,2026:01:04 00:13:25,"[494.03326416015625, 785.2237548828125, 849.5189208984375, 1169.079833984375]",2026-01-04 00:13:25
IMAG1582.JPG,animal,0.931,2026:01:04 03:38:36,"[0.0, 454.22344970703125, 810.7508544921875, 979.1927490234375]",2026-01-04 03:38:36
IMAG1596.JPG,Empty,0.0,2026:01:04 08:09:06,,2026-01-04 08:09:06
IMAG1597.JPG,animal,0.565,2026:01:04 08:19:07,"[77.2305679321289, 355.3493957519531, 267.42950439453125, 474.26019287109375]",2026-01-04 08:19:07
IMAG1597.JPG,animal,0.517,2026:01:04 08:19:07,"[383.69073486328125, 674.8527221679688, 460.8682556152344, 730.3670654296875]",2026-01-04 08:19:07
IMAG1597.JPG,animal,0.476,2026:01:04 08:19:07,"[535.2052001953125, 607.5648193359375, 597.9706420898438, 705.8707885742188]",2026-01-04 08:19:07
IMAG1597.JPG,animal,0.407,2026:01:04 08:19:07,"[1154.3619384765625, 1242.7841796875, 1264.240478515625, 1387.514892578125]",2026-01-04 08:19:07
IMAG1597.JPG,animal,0.272,2026:01:04 08:19:07,"[591.1602172851562, 1041.197509765625, 629.2655029296875, 1108.9583740234375]",2026-01-04 08:19:07
IMAG1583.JPG,Empty,0.0,2026:01:04 03:49:42,,2026-01-04 03:49:42
IMAG0110.JPG,Empty,0.0,2025:12:10 10:10:47,,2025-12-10 10:10:47
IMAG1568.JPG,animal,0.951,2026:01:04 00:03:24,"[62.416481018066406, 552.7188720703125, 877.4485473632812, 1302.53857421875]",2026-01-04 00:03:24
IMAG2061.JPG,animal,0.951,2026:01:09 07:14:56,"[1564.239501953125, 264.3688049316406, 2048.0, 1146.881591796875]",2026-01-09 07:14:56
IMAG2075.JPG,animal,0.357,2026:01:09 11:40:15,"[394.7023010253906, 769.9996337890625, 628.9766235351562, 950.0406494140625]",2026-01-09 11:40:15
IMAG0104.JPG,Empty,0.0,2025:12:10 08:58:41,,2025-12-10 08:58:41
IMAG1554.JPG,Empty,0.0,2026:01:03 20:47:52,,2026-01-03 20:47:52
IMAG1540.JPG,Empty,0.0,2026:01:03 17:58:07,,2026-01-03 17:58:07
IMAG2049.JPG,Empty,0.0,2026:01:09 02:36:50,,2026-01-09 02:36:50
IMAG0138.JPG,Empty,0.0,2025:12:10 16:46:17,,2025-12-10 16:46:17
IMAG1971.JPG,Empty,0.0,2026:01:08 09:52:01,,2026-01-08 09:52:01
IMAG1965.JPG,Empty,0.0,2026:01:08 08:43:12,,2026-01-08 08:43:12
IMAG1795.JPG,animal,0.926,2026:01:06 18:12:54,"[1252.3388671875, 816.4957275390625, 1466.376708984375, 1147.6995849609375]",2026-01-06 18:12:54
IMAG1795.JPG,animal,0.852,2026:01:06 18:12:54,"[836.9129028320312, 1207.42919921875, 1226.994384765625, 1475.810302734375]",2026-01-06 18:12:54
IMAG1795.JPG,animal,0.818,2026:01:06 18:12:54,"[635.6939697265625, 1060.0970458984375, 716.0023193359375, 1161.3267822265625]",2026-01-06 18:12:54
IMAG1795.JPG,animal,0.45,2026:01:06 18:12:54,"[644.2130126953125, 1262.8043212890625, 745.1387329101562, 1368.5064697265625]",2026-01-06 18:12:54
IMAG1795.JPG,animal,0.431,2026:01:06 18:12:54,"[294.60980224609375, 1183.637939453125, 399.9222717285156, 1360.9979248046875]",2026-01-06 18:12:54
IMAG1795.JPG,animal,0.332,2026:01:06 18:12:54,"[1052.774169921875, 1115.853759765625, 1115.2132568359375, 1183.7510986328125]",2026-01-06 18:12:54
IMAG1781.JPG,animal,0.627,2026:01:06 15:45:58,"[0.50732421875, 0.0, 1647.4398193359375, 1466.6275634765625]",2026-01-06 15:45:58
IMAG1781.JPG,animal,0.289,2026:01:06 15:45:58,"[1.08251953125, 6.4501953125, 553.0313720703125, 1447.8924560546875]",2026-01-06 15:45:58
IMAG1959.JPG,Empty,0.0,2026:01:08 07:28:46,,2026-01-08 07:28:46
IMAG2288.JPG,animal,0.948,2026:01:12 14:54:08,"[457.897705078125, 781.0149536132812, 720.5282592773438, 1351.832763671875]",2026-01-12 14:54:08
IMAG2263.JPG,animal,0.423,2026:01:12 06:56:15,"[1663.9951171875, 159.34609985351562, 2048.0, 1370.3306884765625]",2026-01-12 06:56:15
IMAG2263.JPG,animal,0.346,2026:01:12 06:56:15,"[1667.974853515625, 688.2149658203125, 1909.3021240234375, 1135.8673095703125]",2026-01-12 06:56:15
IMAG2277.JPG,Empty,0.0,2026:01:12 10:39:18,,2026-01-12 10:39:18
IMAG1756.JPG,animal,0.893,2026:01:06 10:21:00,"[1618.7572021484375, 930.3427734375, 1895.5325927734375, 1141.3441162109375]",2026-01-06 10:21:00
IMAG1756.JPG,animal,0.655,2026:01:06 10:21:00,"[1138.928466796875, 924.2379150390625, 1373.815673828125, 1378.356201171875]",2026-01-06 10:21:00
IMAG1742.JPG,animal,0.866,2026:01:06 07:26:26,"[136.69406127929688, 46.250572204589844, 338.8606872558594, 232.0146484375]",2026-01-06 07:26:26
IMAG1742.JPG,animal,0.776,2026:01:06 07:26:26,"[311.677490234375, 903.2892456054688, 475.4520568847656, 1051.7152099609375]",2026-01-06 07:26:26
IMAG1742.JPG,animal,0.67,2026:01:06 07:26:26,"[1090.5186767578125, 1214.6011962890625, 1262.211669921875, 1422.1549072265625]",2026-01-06 07:26:26
IMAG1805.JPG,Empty,0.0,2026:01:06 20:44:18,,2026-01-06 20:44:18
IMAG1811.JPG,Empty,0.0,2026:01:06 22:11:53,,2026-01-06 22:11:53
IMAG1839.JPG,animal,0.825,2026:01:07 05:24:46,"[991.4610595703125, 863.7672729492188, 1747.2728271484375, 1344.1170654296875]",2026-01-07 05:24:46
IMAG2317.JPG,animal,0.958,2026:01:13 09:53:29,"[0.4599243104457855, 659.1072998046875, 346.3409729003906, 1211.6007080078125]",2026-01-13 09:53:29
IMAG2317.JPG,animal,0.935,2026:01:13 09:53:29,"[288.8858947753906, 682.94921875, 575.562255859375, 1162.567626953125]",2026-01-13 09:53:29
IMAG2317.JPG,animal,0.851,2026:01:13 09:53:29,"[585.5406494140625, 918.8220825195312, 699.9878540039062, 1135.9130859375]",2026-01-13 09:53:29
IMAG2471.JPG,Empty,0.0,2026:01:17 08:33:09,,2026-01-17 08:33:09
IMAG2465.JPG,animal,0.968,2026:01:17 07:14:58,"[5.085424900054932, 582.6702270507812, 474.11846923828125, 1287.986083984375]",2026-01-17 07:14:58
IMAG2303.JPG,animal,0.849,2026:01:13 04:20:59,"[901.8092651367188, 901.0875244140625, 1155.5870361328125, 1100.843994140625]",2026-01-13 04:20:59
IMAG2303.JPG,animal,0.56,2026:01:13 04:20:59,"[609.3821411132812, 1035.253662109375, 788.3817138671875, 1134.275146484375]",2026-01-13 04:20:59
IMAG1622.JPG,Empty,0.0,2026:01:04 13:38:26,,2026-01-04 13:38:26
IMAG2459.JPG,animal,0.921,2026:01:17 05:39:33,"[0.8094726800918579, 0.868945300579071, 870.0179443359375, 722.6612548828125]",2026-01-17 05:39:33
IMAG1636.JPG,animal,0.847,2026:01:04 16:49:17,"[362.10540771484375, 1028.2664794921875, 463.172119140625, 1146.0577392578125]",2026-01-04 16:49:17
IMAG1636.JPG,animal,0.56,2026:01:04 16:49:17,"[792.8507080078125, 1298.6494140625, 894.99951171875, 1413.337890625]",2026-01-04 16:49:17
IMAG1385.JPG,animal,0.816,2026:01:02 03:02:29,"[1462.125244140625, 3.2220215797424316, 2048.0, 1173.5933837890625]",2026-01-02 03:02:29
IMAG1391.JPG,animal,0.908,2026:01:02 06:25:07,"[1016.7664794921875, 1263.680908203125, 1169.236083984375, 1387.8238525390625]",2026-01-02 06:25:07
IMAG0064.JPG,Empty,0.0,2025:12:09 16:35:35,,2025-12-09 16:35:35
IMAG2115.JPG,animal,0.969,2026:01:10 00:41:58,"[585.63623046875, 960.3673706054688, 1170.689208984375, 1471.5531005859375]",2026-01-10 00:41:58
IMAG2101.JPG,animal,0.851,2026:01:09 18:42:29,"[823.8739013671875, 1045.12353515625, 963.1378173828125, 1197.682373046875]",2026-01-09 18:42:29
IMAG2101.JPG,animal,0.593,2026:01:09 18:42:29,"[1594.891845703125, 1081.016357421875, 1710.3492431640625, 1140.5914306640625]",2026-01-09 18:42:29
IMAG1408.JPG,Empty,0.0,2026:01:02 09:52:32,,2026-01-02 09:52:32
IMAG0070.JPG,Empty,0.0,2025:12:09 18:06:49,,2025-12-09 18:06:49
IMAG1346.JPG,Empty,0.0,2026:01:01 17:50:30,,2026-01-01 17:50:30
IMAG0058.JPG,Empty,0.0,2025:12:09 14:51:59,,2025-12-09 14:51:59
IMAG2129.JPG,animal,0.95,2026:01:10 03:25:11,"[384.8924560546875, 1057.4371337890625, 1198.05615234375, 1472.452880859375]",2026-01-10 03:25:11
IMAG1420.JPG,animal,0.847,2026:01:02 12:12:18,"[1258.6939697265625, 295.0381164550781, 1527.3232421875, 466.72711181640625]",2026-01-02 12:12:18
IMAG1420.JPG,animal,0.759,2026:01:02 12:12:18,"[1328.2786865234375, 449.8311462402344, 1426.5738525390625, 562.1580200195312]",2026-01-02 12:12:18
IMAG1420.JPG,animal,0.756,2026:01:02 12:12:18,"[788.669677734375, 741.5997314453125, 897.7678833007812, 854.9940185546875]",2026-01-02 12:12:18
IMAG1420.JPG,animal,0.742,2026:01:02 12:12:18,"[928.2116088867188, 883.6302490234375, 1035.42822265625, 1015.5011596679688]",2026-01-02 12:12:18
IMAG1420.JPG,animal,0.679,2026:01:02 12:12:18,"[728.7569580078125, 1046.7039794921875, 844.8287353515625, 1146.5994873046875]",2026-01-02 12:12:18
IMAG1420.JPG,animal,0.636,2026:01:02 12:12:18,"[1030.4906005859375, 1000.9343872070312, 1144.415283203125, 1100.311279296875]",2026-01-02 12:12:18
IMAG1420.JPG,animal,0.607,2026:01:02 12:12:18,"[1192.531494140625, 139.29405212402344, 1327.93701171875, 200.1411590576172]",2026-01-02 12:12:18
IMAG1420.JPG,animal,0.566,2026:01:02 12:12:18,"[1304.380615234375, 691.0144653320312, 1344.6141357421875, 734.1198120117188]",2026-01-02 12:12:18
IMAG1420.JPG,animal,0.354,2026:01:02 12:12:18,"[951.1126098632812, 1235.506103515625, 1157.2322998046875, 1346.73876953125]",2026-01-02 12:12:18
IMAG1420.JPG,animal,0.335,2026:01:02 12:12:18,"[1162.343505859375, 795.7687377929688, 1199.9351806640625, 835.1144409179688]",2026-01-02 12:12:18
IMAG1434.JPG,Empty,0.0,2026:01:02 15:19:52,,2026-01-02 15:19:52
IMAG1352.JPG,animal,0.889,2026:01:01 18:51:59,"[320.431640625, 1226.745361328125, 604.6697998046875, 1472.074462890625]",2026-01-01 18:51:59
IMAG1352.JPG,animal,0.573,2026:01:01 18:51:59,"[0.0, 638.983642578125, 181.34982299804688, 822.4483642578125]",2026-01-01 18:51:59
IMAG1422.JPG,animal,0.482,2026:01:02 12:36:07,"[1062.695556640625, 516.2160034179688, 1131.256591796875, 563.2771606445312]",2026-01-02 12:36:07
IMAG1344.JPG,Empty,0.0,2026:01:01 17:30:10,,2026-01-01 17:30:10
IMAG1350.JPG,animal,0.747,2026:01:01 18:30:55,"[1781.748291015625, 200.55001831054688, 1887.8802490234375, 271.4545593261719]",2026-01-01 18:30:55
IMAG1350.JPG,animal,0.68,2026:01:01 18:30:55,"[1226.5552978515625, 1001.6287231445312, 1429.0260009765625, 1148.064453125]",2026-01-01 18:30:55
IMAG1350.JPG,animal,0.472,2026:01:01 18:30:55,"[1717.314453125, 461.49029541015625, 1806.048095703125, 519.1836547851562]",2026-01-01 18:30:55
IMAG1350.JPG,animal,0.457,2026:01:01 18:30:55,"[471.893798828125, 1171.2103271484375, 557.4819946289062, 1274.2369384765625]",2026-01-01 18:30:55
IMAG1436.JPG,Empty,0.0,2026:01:02 15:40:45,,2026-01-02 15:40:45
IMAG2117.JPG,animal,0.887,2026:01:10 01:07:52,"[1602.397705078125, 6.511034965515137, 2048.0, 1150.700439453125]",2026-01-10 01:07:52
IMAG0066.JPG,Empty,0.0,2025:12:09 17:00:05,,2025-12-09 17:00:05
IMAG1378.JPG,animal,0.769,2026:01:02 00:47:57,"[1624.6676025390625, 115.2779312133789, 2047.882080078125, 1242.5999755859375]",2026-01-02 00:47:57
IMAG0072.JPG,Empty,0.0,2025:12:09 18:59:20,,2025-12-09 18:59:20
IMAG2103.JPG,Empty,0.0,2026:01:09 19:09:31,,2026-01-09 19:09:31
IMAG1387.JPG,animal,0.911,2026:01:02 03:32:45,"[0.0, 1148.1737060546875, 315.338623046875, 1466.9910888671875]",2026-01-02 03:32:45
IMAG0099.JPG,animal,0.879,2025:12:10 07:50:39,"[1186.182373046875, 0.0, 2047.4859619140625, 1442.508544921875]",2025-12-10 07:50:39
IMAG1393.JPG,animal,0.799,2026:01:02 06:45:32,"[1467.953369140625, 903.27490234375, 1669.9859619140625, 1150.125732421875]",2026-01-02 06:45:32
IMAG2329.JPG,Empty,0.0,2026:01:13 13:42:55,,2026-01-13 13:42:55
IMAG1620.JPG,animal,0.861,2026:01:04 13:10:33,"[129.74423217773438, 829.9288940429688, 255.09487915039062, 1072.5797119140625]",2026-01-04 13:10:33
IMAG1634.JPG,Empty,0.0,2026:01:04 16:13:49,,2026-01-04 16:13:49
IMAG2315.JPG,animal,0.891,2026:01:13 09:11:18,"[1500.803466796875, 64.0394515991211, 2048.0, 1263.20703125]",2026-01-13 09:11:18
IMAG2301.JPG,animal,0.456,2026:01:13 03:22:43,"[1570.512939453125, 861.3525390625, 1910.459716796875, 1105.292724609375]",2026-01-13 03:22:43
IMAG1608.JPG,animal,0.896,2026:01:04 10:23:12,"[564.9960327148438, 982.92724609375, 651.1904907226562, 1133.4044189453125]",2026-01-04 10:23:12
IMAG1608.JPG,animal,0.884,2026:01:04 10:23:12,"[422.0960388183594, 979.7376098632812, 527.1229858398438, 1140.53271484375]",2026-01-04 10:23:12
IMAG1608.JPG,animal,0.873,2026:01:04 10:23:12,"[918.7413940429688, 992.3299560546875, 1031.5687255859375, 1120.013916015625]",2026-01-04 10:23:12
IMAG1608.JPG,animal,0.805,2026:01:04 10:23:12,"[0.0, 428.81756591796875, 208.196533203125, 650.07275390625]",2026-01-04 10:23:12
IMAG1608.JPG,animal,0.78,2026:01:04 10:23:12,"[673.7039794921875, 1019.064453125, 798.2486572265625, 1126.540771484375]",2026-01-04 10:23:12
IMAG2467.JPG,animal,0.46,2026:01:17 07:48:25,"[1028.412353515625, 1116.959228515625, 1097.23486328125, 1200.4683837890625]",2026-01-17 07:48:25
IMAG1807.JPG,Empty,0.0,2026:01:06 21:19:34,,2026-01-06 21:19:34
IMAG1813.JPG,Empty,0.0,2026:01:06 23:38:04,,2026-01-06 23:38:04
IMAG1754.JPG,Empty,0.0,2026:01:06 09:58:51,,2026-01-06 09:58:51
IMAG1740.JPG,animal,0.815,2026:01:06 06:56:39,"[1067.898193359375, 1249.088134765625, 1202.382568359375, 1406.6470947265625]",2026-01-06 06:56:39
IMAG1998.JPG,animal,0.848,2026:01:08 15:51:41,"[488.92462158203125, 1105.9915771484375, 601.2119140625, 1293.4046630859375]",2026-01-08 15:51:41
IMAG2249.JPG,animal,0.939,2026:01:12 00:25:56,"[848.0411987304688, 984.5252075195312, 1296.603271484375, 1390.3265380859375]",2026-01-12 00:25:56
IMAG1768.JPG,Empty,0.0,2026:01:06 12:57:58,,2026-01-06 12:57:58
IMAG2261.JPG,animal,0.962,2026:01:12 06:12:05,"[0.42333984375, 394.20831298828125, 541.7532348632812, 1365.976318359375]",2026-01-12 06:12:05
IMAG2275.JPG,Empty,0.0,2026:01:12 09:54:50,,2026-01-12 09:54:50
IMAG1797.JPG,animal,0.952,2026:01:06 18:33:03,"[1032.120849609375, 575.8038940429688, 2047.9443359375, 1139.251708984375]",2026-01-06 18:33:03
IMAG1783.JPG,animal,0.617,2026:01:06 16:06:04,"[773.0606689453125, 691.0902099609375, 912.14013671875, 772.9216918945312]",2026-01-06 16:06:04
IMAG1973.JPG,animal,0.91,2026:01:08 10:12:38,"[1823.219482421875, 965.1849365234375, 1939.026611328125, 1139.229736328125]",2026-01-08 10:12:38
IMAG1973.JPG,animal,0.777,2026:01:08 10:12:38,"[1018.9363403320312, 1224.5758056640625, 1194.2890625, 1406.7447509765625]",2026-01-08 10:12:38
IMAG1973.JPG,animal,0.752,2026:01:08 10:12:38,"[1104.190185546875, 1277.7730712890625, 1276.798828125, 1399.947998046875]",2026-01-08 10:12:38
IMAG1973.JPG,animal,0.292,2026:01:08 10:12:38,"[1092.396240234375, 1224.2532958984375, 1198.0755615234375, 1338.029052734375]",2026-01-08 10:12:38
IMAG1973.JPG,animal,0.254,2026:01:08 10:12:38,"[1009.9387817382812, 561.3184204101562, 1160.3946533203125, 622.7230834960938]",2026-01-08 10:12:38
IMAG1967.JPG,Empty,0.0,2026:01:08 09:06:01,,2026-01-08 09:06:01
IMAG1556.JPG,animal,0.605,2026:01:03 21:41:35,"[1601.461181640625, 825.1788940429688, 2040.532958984375, 1079.6168212890625]",2026-01-03 21:41:35
IMAG1542.JPG,Empty,0.0,2026:01:03 18:18:12,,2026-01-03 18:18:12
IMAG2063.JPG,animal,0.583,2026:01:09 07:51:57,"[1621.8206787109375, 1075.0447998046875, 1743.536376953125, 1145.198974609375]",2026-01-09 07:51:57
IMAG0112.JPG,animal,0.964,2025:12:10 10:33:56,"[302.0549011230469, 0.0, 797.7913208007812, 271.95245361328125]",2025-12-10 10:33:56
IMAG0112.JPG,animal,0.832,2025:12:10 10:33:56,"[549.8392944335938, 945.4191284179688, 765.822021484375, 1134.2073974609375]",2025-12-10 10:33:56
IMAG0106.JPG,Empty,0.0,2025:12:10 09:22:33,,2025-12-10 09:22:33
IMAG2077.JPG,Empty,0.0,2026:01:09 12:08:04,,2026-01-09 12:08:04
IMAG1595.JPG,animal,0.815,2026:01:04 07:58:36,"[748.2409057617188, 1288.807861328125, 844.9616088867188, 1401.5516357421875]",2026-01-04 07:58:36
IMAG1595.JPG,animal,0.756,2026:01:04 07:58:36,"[865.9931640625, 1153.5960693359375, 955.6920166015625, 1245.042236328125]",2026-01-04 07:58:36
IMAG1581.JPG,Empty,0.0,2026:01:04 03:27:44,,2026-01-04 03:27:44
IMAG2088.JPG,Empty,0.0,2026:01:09 15:42:23,,2026-01-09 15:42:23
IMAG2089.JPG,animal,0.968,2026:01:09 16:05:57,"[0.0, 362.9002990722656, 717.4244384765625, 1471.6492919921875]",2026-01-09 16:05:57
IMAG1580.JPG,Empty,0.0,2026:01:04 03:17:06,,2026-01-04 03:17:06
IMAG1594.JPG,animal,0.385,2026:01:04 07:48:11,"[1735.8304443359375, 476.33319091796875, 1809.0836181640625, 520.6409912109375]",2026-01-04 07:48:11
IMAG0107.JPG,animal,0.795,2025:12:10 09:32:34,"[790.3037109375, 1021.4835205078125, 877.8218994140625, 1123.543212890625]",2025-12-10 09:32:34
IMAG0107.JPG,animal,0.595,2025:12:10 09:32:34,"[974.2615356445312, 1179.0374755859375, 1105.7933349609375, 1289.9613037109375]",2025-12-10 09:32:34
IMAG0107.JPG,animal,0.271,2025:12:10 09:32:34,"[1030.471435546875, 1221.528076171875, 1145.255859375, 1319.2589111328125]",2025-12-10 09:32:34
IMAG2076.JPG,Empty,0.0,2026:01:09 11:52:00,,2026-01-09 11:52:00
IMAG2062.JPG,animal,0.618,2026:01:09 07:25:15,"[1765.037353515625, 802.4293212890625, 2048.0, 1134.968017578125]",2026-01-09 07:25:15
IMAG2062.JPG,animal,0.287,2026:01:09 07:25:15,"[1782.656982421875, 637.2760620117188, 1911.459716796875, 767.787109375]",2026-01-09 07:25:15
IMAG0113.JPG,Empty,0.0,2025:12:10 10:50:37,,2025-12-10 10:50:37
IMAG1543.JPG,animal,0.264,2026:01:03 18:30:51,"[1723.8359375, 510.468505859375, 1802.306640625, 593.5926513671875]",2026-01-03 18:30:51
IMAG1557.JPG,animal,0.913,2026:01:03 22:00:27,"[0.0, 241.28164672851562, 593.6065673828125, 1470.1353759765625]",2026-01-03 22:00:27
IMAG1966.JPG,Empty,0.0,2026:01:08 08:55:18,,2026-01-08 08:55:18
IMAG1972.JPG,Empty,0.0,2026:01:08 10:02:37,,2026-01-08 10:02:37
IMAG1782.JPG,animal,0.814,2026:01:06 15:55:58,"[633.5968017578125, 583.037353515625, 821.8099365234375, 757.4852294921875]",2026-01-06 15:55:58
IMAG1782.JPG,animal,0.794,2026:01:06 15:55:58,"[127.18648529052734, 106.58528137207031, 282.0877380371094, 283.2660827636719]",2026-01-06 15:55:58
IMAG1782.JPG,animal,0.714,2026:01:06 15:55:58,"[0.0, 911.8887939453125, 91.51553344726562, 1083.238037109375]",2026-01-06 15:55:58
IMAG1782.JPG,animal,0.707,2026:01:06 15:55:58,"[530.49169921875, 804.9171752929688, 629.4230346679688, 916.8253784179688]",2026-01-06 15:55:58
IMAG1782.JPG,animal,0.694,2026:01:06 15:55:58,"[229.0556640625, 273.68865966796875, 493.7901306152344, 427.59857177734375]",2026-01-06 15:55:58
IMAG1782.JPG,animal,0.685,2026:01:06 15:55:58,"[142.68502807617188, 787.88720703125, 260.94940185546875, 873.97119140625]",2026-01-06 15:55:58
IMAG1782.JPG,animal,0.649,2026:01:06 15:55:58,"[30.159168243408203, 660.9577026367188, 107.27821350097656, 748.27294921875]",2026-01-06 15:55:58
IMAG1796.JPG,Empty,0.0,2026:01:06 18:22:59,,2026-01-06 18:22:59
IMAG2274.JPG,Empty,0.0,2026:01:12 09:44:04,,2026-01-12 09:44:04
IMAG2260.JPG,animal,0.97,2026:01:12 04:35:43,"[1398.191650390625, 266.10980224609375, 2048.0, 1126.0784912109375]",2026-01-12 04:35:43
IMAG2260.JPG,animal,0.946,2026:01:12 04:35:43,"[446.7183532714844, 249.5337371826172, 984.5916137695312, 1332.613037109375]",2026-01-12 04:35:43
IMAG1769.JPG,animal,0.385,2026:01:06 13:08:36,"[964.9827270507812, 1364.2081298828125, 1042.163330078125, 1475.6805419921875]",2026-01-06 13:08:36
IMAG2248.JPG,animal,0.536,2026:01:12 00:13:53,"[1278.024658203125, 962.2052612304688, 1593.125732421875, 1143.204345703125]",2026-01-12 00:13:53
IMAG1999.JPG,animal,0.552,2026:01:08 16:04:01,"[543.183349609375, 1132.8883056640625, 619.887451171875, 1239.359130859375]",2026-01-08 16:04:01
IMAG1741.JPG,Empty,0.0,2026:01:06 07:16:25,,2026-01-06 07:16:25
IMAG1755.JPG,animal,0.402,2026:01:06 10:10:59,"[729.4647216796875, 393.78546142578125, 839.6585083007812, 466.6890563964844]",2026-01-06 10:10:59
IMAG1812.JPG,animal,0.895,2026:01:06 23:22:16,"[0.0, 2.8260741233825684, 536.0744018554688, 1008.1828002929688]",2026-01-06 23:22:16
IMAG1806.JPG,animal,0.678,2026:01:06 21:08:38,"[736.7313842773438, 637.8642578125, 1074.3099365234375, 915.3812255859375]",2026-01-06 21:08:38
IMAG1609.JPG,animal,0.873,2026:01:04 10:33:38,"[523.0633544921875, 973.1788940429688, 609.805908203125, 1139.8050537109375]",2026-01-04 10:33:38
IMAG1609.JPG,animal,0.856,2026:01:04 10:33:38,"[781.711181640625, 990.7301025390625, 887.20361328125, 1116.187255859375]",2026-01-04 10:33:38
IMAG1609.JPG,animal,0.846,2026:01:04 10:33:38,"[418.45355224609375, 982.6817626953125, 524.5039672851562, 1139.0487060546875]",2026-01-04 10:33:38
IMAG1609.JPG,animal,0.844,2026:01:04 10:33:38,"[651.0906372070312, 1006.8087158203125, 761.6111450195312, 1136.21435546875]",2026-01-04 10:33:38
IMAG1609.JPG,animal,0.831,2026:01:04 10:33:38,"[454.5660705566406, 1294.1947021484375, 645.7972412109375, 1471.655029296875]",2026-01-04 10:33:38
IMAG1609.JPG,animal,0.655,2026:01:04 10:33:38,"[328.78460693359375, 1066.775146484375, 423.3505859375, 1136.8160400390625]",2026-01-04 10:33:38
IMAG1609.JPG,animal,0.357,2026:01:04 10:33:38,"[581.7675170898438, 1191.3975830078125, 624.6363525390625, 1243.692138671875]",2026-01-04 10:33:38
IMAG1609.JPG,animal,0.32,2026:01:04 10:33:38,"[1264.232421875, 1046.8138427734375, 1294.584716796875, 1085.5601806640625]",2026-01-04 10:33:38
IMAG2300.JPG,animal,0.932,2026:01:13 03:06:49,"[0.0, 711.1804809570312, 394.2043762207031, 1285.510498046875]",2026-01-13 03:06:49
IMAG2466.JPG,animal,0.37,2026:01:17 07:37:11,"[816.737548828125, 1117.98779296875, 934.1182861328125, 1208.78466796875]",2026-01-17 07:37:11
IMAG2472.JPG,person,0.955,2026:01:17 09:53:07,"[0.0, 0.103515625, 2048.0, 1471.4814453125]",2026-01-17 09:53:07
IMAG2314.JPG,Empty,0.0,2026:01:13 08:43:17,,2026-01-13 08:43:17
IMAG1635.JPG,Empty,0.0,2026:01:04 16:38:58,,2026-01-04 16:38:58
IMAG1621.JPG,animal,0.939,2026:01:04 13:20:53,"[582.4306030273438, 847.0142822265625, 1058.4320068359375, 1209.6015625]",2026-01-04 13:20:53
IMAG2328.JPG,Empty,0.0,2026:01:13 13:25:38,,2026-01-13 13:25:38
IMAG1392.JPG,Empty,0.0,2026:01:02 06:35:25,,2026-01-02 06:35:25
IMAG0098.JPG,Empty,0.0,2025:12:10 07:40:39,,2025-12-10 07:40:39
IMAG1386.JPG,animal,0.887,2026:01:02 03:20:44,"[651.6767578125, 1056.9366455078125, 949.2281494140625, 1215.094482421875]",2026-01-02 03:20:44
IMAG0073.JPG,Empty,0.0,2025:12:09 19:13:52,,2025-12-09 19:13:52
IMAG2102.JPG,animal,0.729,2026:01:09 18:56:35,"[307.31353759765625, 1167.5836181640625, 442.14556884765625, 1254.4296875]",2026-01-09 18:56:35
IMAG2116.JPG,Empty,0.0,2026:01:10 00:56:21,,2026-01-10 00:56:21
IMAG1379.JPG,animal,0.936,2026:01:02 00:57:58,"[0.0, 1.3690917491912842, 2046.2269287109375, 1464.9967041015625]",2026-01-02 00:57:58
IMAG1379.JPG,animal,0.602,2026:01:02 00:57:58,"[353.8018798828125, 862.9353637695312, 542.5612182617188, 1346.050537109375]",2026-01-02 00:57:58
IMAG1379.JPG,animal,0.443,2026:01:02 00:57:58,"[1138.0955810546875, 836.6708984375, 1641.4437255859375, 1377.9136962890625]",2026-01-02 00:57:58
IMAG0067.JPG,Empty,0.0,2025:12:09 17:10:20,,2025-12-09 17:10:20
IMAG1351.JPG,Empty,0.0,2026:01:01 18:41:01,,2026-01-01 18:41:01
IMAG1437.JPG,Empty,0.0,2026:01:02 15:50:56,,2026-01-02 15:50:56
IMAG1423.JPG,animal,0.436,2026:01:02 12:51:03,"[469.9615173339844, 574.6195678710938, 899.35107421875, 769.1651611328125]",2026-01-02 12:51:03
IMAG1345.JPG,animal,0.866,2026:01:01 17:40:21,"[1814.1968994140625, 173.06338500976562, 2045.528564453125, 315.77447509765625]",2026-01-01 17:40:21
IMAG1478.JPG,Empty,0.0,2026:01:03 01:44:51,,2026-01-03 01:44:51
IMAG2171.JPG,Empty,0.0,2026:01:10 12:22:06,,2026-01-10 12:22:06
IMAG0014.JPG,animal,0.678,2025:12:08 18:54:05,"[1079.587158203125, 1254.6976318359375, 1174.048828125, 1395.741943359375]",2025-12-08 18:54:05
IMAG0014.JPG,animal,0.626,2025:12:08 18:54:05,"[774.3887939453125, 1237.837158203125, 923.0465087890625, 1344.7574462890625]",2025-12-08 18:54:05
IMAG0014.JPG,animal,0.597,2025:12:08 18:54:05,"[122.2359390258789, 1311.6453857421875, 245.5546875, 1421.714111328125]",2025-12-08 18:54:05
IMAG0014.JPG,animal,0.332,2025:12:08 18:54:05,"[1029.6663818359375, 1233.2618408203125, 1097.37109375, 1298.6375732421875]",2025-12-08 18:54:05
IMAG2165.JPG,person,0.928,2026:01:10 10:42:53,"[813.9033813476562, 768.08544921875, 1188.2366943359375, 1281.0242919921875]",2026-01-10 10:42:53
IMAG2165.JPG,person,0.897,2026:01:10 10:42:53,"[1071.6185302734375, 258.6234436035156, 1772.7818603515625, 1467.84375]",2026-01-10 10:42:53
IMAG2165.JPG,vehicle,0.607,2026:01:10 10:42:53,"[1049.314697265625, 939.7275390625, 2048.0, 1468.310546875]",2026-01-10 10:42:53
IMAG2165.JPG,person,0.476,2026:01:10 10:42:53,"[615.87158203125, 1366.992919921875, 737.7906494140625, 1469.3946533203125]",2026-01-10 10:42:53
IMAG2165.JPG,person,0.461,2026:01:10 10:42:53,"[1868.7418212890625, 2.5687499046325684, 2048.0, 1029.9931640625]",2026-01-10 10:42:53
IMAG1444.JPG,Empty,0.0,2026:01:02 17:21:05,,2026-01-02 17:21:05
IMAG1322.JPG,animal,0.283,2026:01:01 13:32:02,"[457.2618103027344, 977.0046997070312, 580.74658203125, 1079.575927734375]",2026-01-01 13:32:02
IMAG0028.JPG,animal,0.856,2025:12:09 06:44:11,"[1071.162841796875, 1215.2501220703125, 1167.06640625, 1344.1124267578125]",2025-12-09 06:44:11
IMAG0028.JPG,animal,0.71,2025:12:09 06:44:11,"[695.8260498046875, 1256.694091796875, 754.9124755859375, 1362.530029296875]",2025-12-09 06:44:11
IMAG1336.JPG,Empty,0.0,2026:01:01 16:07:45,,2026-01-01 16:07:45
IMAG1450.JPG,animal,0.761,2026:01:02 18:28:11,"[0.40577393770217896, 610.0113525390625, 118.60997009277344, 830.2448120117188]",2026-01-02 18:28:11
IMAG1450.JPG,animal,0.255,2026:01:02 18:28:11,"[779.8477783203125, 563.2196044921875, 863.2571411132812, 660.8465576171875]",2026-01-02 18:28:11
IMAG2159.JPG,animal,0.976,2026:01:10 09:33:37,"[0.640917956829071, 0.0, 1416.6884765625, 1469.582275390625]",2026-01-10 09:33:37
IMAG1487.JPG,animal,0.968,2026:01:03 07:21:54,"[0.2904052734375, 465.70599365234375, 787.66650390625, 1471.388916015625]",2026-01-03 07:21:54
IMAG1493.JPG,Empty,0.0,2026:01:03 08:26:50,,2026-01-03 08:26:50
IMAG2415.JPG,animal,0.969,2026:01:15 20:59:48,"[0.43999022245407104, 708.4508666992188, 997.2752075195312, 1472.228271484375]",2026-01-15 20:59:48
IMAG2373.JPG,Empty,0.0,2026:01:14 18:15:45,,2026-01-14 18:15:45
IMAG2367.JPG,Empty,0.0,2026:01:14 11:55:49,,2026-01-14 11:55:49
IMAG2401.JPG,animal,0.952,2026:01:15 14:29:51,"[336.4110412597656, 779.2718505859375, 672.9615478515625, 1149.23828125]",2026-01-15 14:29:51
IMAG2429.JPG,animal,0.934,2026:01:16 09:48:56,"[1062.2303466796875, 826.8980712890625, 1276.7022705078125, 1118.3531494140625]",2026-01-16 09:48:56
IMAG2429.JPG,animal,0.932,2026:01:16 09:48:56,"[844.2222900390625, 830.2112426757812, 1049.069091796875, 1120.310791015625]",2026-01-16 09:48:56
IMAG2429.JPG,animal,0.909,2026:01:16 09:48:56,"[77.4306869506836, 878.0236206054688, 326.4335021972656, 1163.0865478515625]",2026-01-16 09:48:56
IMAG2429.JPG,animal,0.909,2026:01:16 09:48:56,"[543.3369140625, 868.6345825195312, 748.4015502929688, 1137.230712890625]",2026-01-16 09:48:56
IMAG2429.JPG,animal,0.875,2026:01:16 09:48:56,"[292.4554748535156, 868.1755981445312, 595.3948974609375, 1150.7265625]",2026-01-16 09:48:56
IMAG1646.JPG,Empty,0.0,2026:01:04 18:55:59,,2026-01-04 18:55:59
IMAG1652.JPG,animal,0.936,2026:01:04 20:34:24,"[525.2230834960938, 801.4718627929688, 858.3157348632812, 1147.2701416015625]",2026-01-04 20:34:24
IMAG1652.JPG,animal,0.902,2026:01:04 20:34:24,"[0.12966307997703552, 766.2559814453125, 356.8792419433594, 1178.792724609375]",2026-01-04 20:34:24
IMAG1861.JPG,animal,0.947,2026:01:07 09:57:02,"[38.045860290527344, 695.65380859375, 314.5997619628906, 1169.7784423828125]",2026-01-07 09:57:02
IMAG1861.JPG,animal,0.905,2026:01:07 09:57:02,"[1141.696044921875, 650.6817016601562, 1284.8475341796875, 873.5779418945312]",2026-01-07 09:57:02
IMAG1861.JPG,animal,0.88,2026:01:07 09:57:02,"[232.269775390625, 137.86424255371094, 520.218505859375, 270.7711486816406]",2026-01-07 09:57:02
IMAG1861.JPG,animal,0.807,2026:01:07 09:57:02,"[1117.057373046875, 996.06396484375, 1184.3662109375, 1128.29541015625]",2026-01-07 09:57:02
IMAG1861.JPG,animal,0.79,2026:01:07 09:57:02,"[876.8406372070312, 1029.0865478515625, 978.92578125, 1142.4146728515625]",2026-01-07 09:57:02
IMAG1861.JPG,animal,0.719,2026:01:07 09:57:02,"[997.12841796875, 993.7835083007812, 1102.276611328125, 1134.5372314453125]",2026-01-07 09:57:02
IMAG1861.JPG,animal,0.708,2026:01:07 09:57:02,"[803.3477783203125, 1039.853759765625, 854.7291870117188, 1126.3857421875]",2026-01-07 09:57:02
IMAG1861.JPG,animal,0.678,2026:01:07 09:57:02,"[715.2606811523438, 1030.530517578125, 772.8970947265625, 1129.2523193359375]",2026-01-07 09:57:02
IMAG1861.JPG,animal,0.626,2026:01:07 09:57:02,"[380.4635314941406, 1052.2047119140625, 457.7151794433594, 1128.4482421875]",2026-01-07 09:57:02
IMAG1875.JPG,animal,0.426,2026:01:07 12:34:14,"[881.67578125, 1189.5758056640625, 1081.1361083984375, 1340.852294921875]",2026-01-07 12:34:14
IMAG1685.JPG,animal,0.418,2026:01:05 11:36:49,"[1665.879150390625, 749.3822631835938, 1827.720458984375, 918.1688232421875]",2026-01-05 11:36:49
IMAG1685.JPG,animal,0.328,2026:01:05 11:36:49,"[858.1798095703125, 923.4775390625, 920.6295776367188, 1099.957275390625]",2026-01-05 11:36:49
IMAG1691.JPG,Empty,0.0,2026:01:05 13:00:40,,2026-01-05 13:00:40
IMAG1849.JPG,animal,0.917,2026:01:07 07:47:26,"[1722.580322265625, 872.345703125, 1885.7252197265625, 1185.4010009765625]",2026-01-07 07:47:26
IMAG1849.JPG,animal,0.916,2026:01:07 07:47:26,"[1231.5394287109375, 640.287109375, 1446.6507568359375, 867.0081176757812]",2026-01-07 07:47:26
IMAG1849.JPG,animal,0.588,2026:01:07 07:47:26,"[1568.707763671875, 1018.7672729492188, 1678.181884765625, 1144.240966796875]",2026-01-07 07:47:26
IMAG1849.JPG,animal,0.561,2026:01:07 07:47:26,"[470.96051025390625, 1288.8291015625, 526.1937255859375, 1385.3919677734375]",2026-01-07 07:47:26
IMAG1849.JPG,animal,0.552,2026:01:07 07:47:26,"[773.2526245117188, 1293.532958984375, 834.9708251953125, 1399.955322265625]",2026-01-07 07:47:26
IMAG1849.JPG,animal,0.402,2026:01:07 07:47:26,"[1054.3929443359375, 1279.8414306640625, 1250.4332275390625, 1446.2886962890625]",2026-01-07 07:47:26
IMAG1849.JPG,animal,0.328,2026:01:07 07:47:26,"[1026.1392822265625, 1240.33544921875, 1181.126220703125, 1372.0997314453125]",2026-01-07 07:47:26
IMAG1849.JPG,animal,0.264,2026:01:07 07:47:26,"[351.6820068359375, 1138.0003662109375, 392.21917724609375, 1194.8177490234375]",2026-01-07 07:47:26
IMAG1849.JPG,animal,0.257,2026:01:07 07:47:26,"[1079.599853515625, 1413.695556640625, 1131.7230224609375, 1467.609130859375]",2026-01-07 07:47:26
IMAG2398.JPG,Empty,0.0,2026:01:15 13:34:06,,2026-01-15 13:34:06
IMAG2207.JPG,animal,0.705,2026:01:11 05:15:56,"[1625.75830078125, 410.71148681640625, 2047.526123046875, 1136.205810546875]",2026-01-11 05:15:56
IMAG2213.JPG,animal,0.459,2026:01:11 08:15:58,"[874.7767333984375, 1113.3939208984375, 954.5798950195312, 1189.244384765625]",2026-01-11 08:15:58
IMAG2213.JPG,animal,0.436,2026:01:11 08:15:58,"[672.2960205078125, 1203.4195556640625, 765.2096557617188, 1288.2591552734375]",2026-01-11 08:15:58
IMAG2213.JPG,animal,0.37,2026:01:11 08:15:58,"[1124.8319091796875, 1131.547607421875, 1231.6212158203125, 1211.943359375]",2026-01-11 08:15:58
IMAG2213.JPG,animal,0.303,2026:01:11 08:15:58,"[524.0059814453125, 1163.1246337890625, 593.8517456054688, 1231.9732666015625]",2026-01-11 08:15:58
IMAG2213.JPG,animal,0.254,2026:01:11 08:15:58,"[462.10565185546875, 1191.397216796875, 517.3087158203125, 1272.170166015625]",2026-01-11 08:15:58
IMAG1732.JPG,Empty,0.0,2026:01:06 00:10:48,,2026-01-06 00:10:48
IMAG1726.JPG,animal,0.815,2026:01:05 20:20:19,"[1445.425537109375, 0.0, 2047.905029296875, 1441.2901611328125]",2026-01-05 20:20:19
IMAG1915.JPG,animal,0.844,2026:01:07 19:26:46,"[322.3341979980469, 499.7264709472656, 478.06866455078125, 642.7981567382812]",2026-01-07 19:26:46
IMAG1915.JPG,animal,0.681,2026:01:07 19:26:46,"[782.58349609375, 1238.543212890625, 879.7838745117188, 1360.0653076171875]",2026-01-07 19:26:46
IMAG1915.JPG,animal,0.442,2026:01:07 19:26:46,"[917.3582153320312, 1206.822509765625, 1032.304443359375, 1322.004638671875]",2026-01-07 19:26:46
IMAG1915.JPG,animal,0.407,2026:01:07 19:26:46,"[787.4630126953125, 1281.74658203125, 947.1290283203125, 1421.5411376953125]",2026-01-07 19:26:46
IMAG1915.JPG,animal,0.375,2026:01:07 19:26:46,"[950.2735595703125, 1158.28759765625, 996.1795654296875, 1235.106201171875]",2026-01-07 19:26:46
IMAG1915.JPG,animal,0.259,2026:01:07 19:26:46,"[575.3397216796875, 1190.991455078125, 669.7882080078125, 1265.9925537109375]",2026-01-07 19:26:46
IMAG1901.JPG,animal,0.955,2026:01:07 17:01:03,"[0.0, 347.8416442871094, 1407.78125, 1473.4193115234375]",2026-01-07 17:01:03
IMAG1901.JPG,animal,0.919,2026:01:07 17:01:03,"[1584.737060546875, 873.6219482421875, 1836.1949462890625, 1140.30517578125]",2026-01-07 17:01:03
IMAG1901.JPG,animal,0.503,2026:01:07 17:01:03,"[1106.89111328125, 607.5479736328125, 1521.66552734375, 1153.279052734375]",2026-01-07 17:01:03
IMAG1901.JPG,animal,0.394,2026:01:07 17:01:03,"[617.6448364257812, 606.0401611328125, 1518.266357421875, 1288.88623046875]",2026-01-07 17:01:03
IMAG1901.JPG,animal,0.325,2026:01:07 17:01:03,"[326.7196044921875, 956.5780029296875, 963.32568359375, 1397.9266357421875]",2026-01-07 17:01:03
IMAG1929.JPG,animal,0.28,2026:01:07 23:20:54,"[269.78009033203125, 47.06361770629883, 634.5478515625, 233.88479614257812]",2026-01-07 23:20:54
IMAG2005.JPG,Empty,0.0,2026:01:08 17:08:57,,2026-01-08 17:08:57
IMAG0174.JPG,animal,0.851,2025:12:11 08:26:29,"[1837.1273193359375, 895.4871215820312, 1955.600830078125, 1137.298583984375]",2025-12-11 08:26:29
IMAG0174.JPG,animal,0.849,2025:12:11 08:26:29,"[1911.071533203125, 890.2393798828125, 2047.973388671875, 1162.983642578125]",2025-12-11 08:26:29
IMAG0174.JPG,animal,0.835,2025:12:11 08:26:29,"[1593.462158203125, 756.0618896484375, 1841.442626953125, 921.6710815429688]",2025-12-11 08:26:29
IMAG0174.JPG,animal,0.787,2025:12:11 08:26:29,"[760.3829956054688, 1358.652099609375, 958.1802978515625, 1471.8592529296875]",2025-12-11 08:26:29
IMAG0174.JPG,animal,0.748,2025:12:11 08:26:29,"[435.0672912597656, 1366.8681640625, 538.6553955078125, 1470.6654052734375]",2025-12-11 08:26:29
IMAG0174.JPG,animal,0.564,2025:12:11 08:26:29,"[790.0709228515625, 1224.88623046875, 917.6220703125, 1324.683349609375]",2025-12-11 08:26:29
IMAG0174.JPG,animal,0.25,2025:12:11 08:26:29,"[782.0451049804688, 1200.671630859375, 875.4480590820312, 1288.153564453125]",2025-12-11 08:26:29
IMAG0160.JPG,animal,0.85,2025:12:11 03:23:00,"[1242.9326171875, 790.205078125, 1470.002685546875, 1138.4779052734375]",2025-12-11 03:23:00
IMAG2011.JPG,animal,0.968,2026:01:08 18:12:05,"[0.581103503704071, 205.6640167236328, 1519.5511474609375, 1475.8853759765625]",2026-01-08 18:12:05
IMAG2011.JPG,animal,0.844,2026:01:08 18:12:05,"[251.1635284423828, 857.896484375, 1276.2125244140625, 1472.7181396484375]",2026-01-08 18:12:05
IMAG1518.JPG,animal,0.926,2026:01:03 13:35:37,"[1755.4466552734375, 921.2614135742188, 2011.702880859375, 1135.98291015625]",2026-01-03 13:35:37
IMAG1518.JPG,animal,0.839,2026:01:03 13:35:37,"[594.0533447265625, 1038.6226806640625, 738.3919677734375, 1136.1119384765625]",2026-01-03 13:35:37
IMAG2039.JPG,Empty,0.0,2026:01:09 00:20:01,,2026-01-09 00:20:01
IMAG1530.JPG,animal,0.474,2026:01:03 16:07:55,"[1728.6810302734375, 637.2078857421875, 1795.0751953125, 708.6389770507812]",2026-01-03 16:07:55
IMAG0148.JPG,Empty,0.0,2025:12:10 18:33:51,,2025-12-10 18:33:51
IMAG1524.JPG,Empty,0.0,2026:01:03 14:59:53,,2026-01-03 14:59:53
IMAG1295.JPG,animal,0.721,2026:01:01 08:22:37,"[705.5603637695312, 1074.8118896484375, 774.8455810546875, 1239.30859375]",2026-01-01 08:22:37
IMAG1295.JPG,animal,0.567,2026:01:01 08:22:37,"[511.10394287109375, 1036.9385986328125, 623.3939208984375, 1132.9471435546875]",2026-01-01 08:22:37
IMAG1294.JPG,Empty,0.0,2026:01:01 08:06:51,,2026-01-01 08:06:51
IMAG1525.JPG,Empty,0.0,2026:01:03 15:13:49,,2026-01-03 15:13:49
IMAG1531.JPG,animal,0.889,2026:01:03 16:18:53,"[670.2023315429688, 867.6663208007812, 914.0419921875, 1048.2381591796875]",2026-01-03 16:18:53
IMAG2038.JPG,Empty,0.0,2026:01:09 00:09:05,,2026-01-09 00:09:05
IMAG0149.JPG,Empty,0.0,2025:12:10 18:44:44,,2025-12-10 18:44:44
IMAG0161.JPG,animal,0.985,2025:12:11 03:33:02,"[1.5246093273162842, 0.0, 1699.6021728515625, 1468.4322509765625]",2025-12-11 03:33:02
IMAG1519.JPG,Empty,0.0,2026:01:03 13:46:15,,2026-01-03 13:46:15
IMAG2010.JPG,animal,0.958,2026:01:08 18:02:05,"[0.0, 695.0342407226562, 479.55224609375, 1401.3017578125]",2026-01-08 18:02:05
IMAG2010.JPG,animal,0.4,2026:01:08 18:02:05,"[921.8009033203125, 1040.7984619140625, 971.9684448242188, 1136.093994140625]",2026-01-08 18:02:05
IMAG2004.JPG,Empty,0.0,2026:01:08 16:58:42,,2026-01-08 16:58:42
IMAG0175.JPG,animal,0.799,2025:12:11 08:36:32,"[1456.24462890625, 924.1324462890625, 1943.2894287109375, 1222.359375]",2025-12-11 08:36:32
IMAG0175.JPG,animal,0.776,2025:12:11 08:36:32,"[1955.693115234375, 856.5621337890625, 2048.0, 1142.7320556640625]",2025-12-11 08:36:32
IMAG0175.JPG,animal,0.678,2025:12:11 08:36:32,"[1294.7283935546875, 953.2614135742188, 1530.023193359375, 1159.514404296875]",2025-12-11 08:36:32
IMAG0175.JPG,animal,0.667,2025:12:11 08:36:32,"[1160.0521240234375, 1017.9078979492188, 1364.701904296875, 1160.2459716796875]",2025-12-11 08:36:32
IMAG0175.JPG,animal,0.457,2025:12:11 08:36:32,"[1536.909912109375, 872.0897216796875, 1741.3685302734375, 1027.6671142578125]",2025-12-11 08:36:32
IMAG0175.JPG,animal,0.451,2025:12:11 08:36:32,"[643.4693603515625, 1180.530517578125, 695.5206909179688, 1260.754150390625]",2025-12-11 08:36:32
IMAG0175.JPG,animal,0.319,2025:12:11 08:36:32,"[738.1553955078125, 1305.481689453125, 854.0172119140625, 1418.6282958984375]",2025-12-11 08:36:32
IMAG1928.JPG,animal,0.965,2026:01:07 22:58:33,"[0.0, 820.2693481445312, 734.4110717773438, 1469.9349365234375]",2026-01-07 22:58:33
IMAG1900.JPG,animal,0.954,2026:01:07 16:51:02,"[148.6283721923828, 522.1600341796875, 1169.836181640625, 1410.0577392578125]",2026-01-07 16:51:02
IMAG1900.JPG,animal,0.936,2026:01:07 16:51:02,"[0.21358641982078552, 846.283203125, 278.99072265625, 1474.827880859375]",2026-01-07 16:51:02
IMAG1914.JPG,animal,0.938,2026:01:07 19:15:43,"[50.183937072753906, 1080.972412109375, 587.8424072265625, 1471.6241455078125]",2026-01-07 19:15:43
IMAG1727.JPG,Empty,0.0,2026:01:05 20:51:09,,2026-01-05 20:51:09
IMAG1733.JPG,animal,0.849,2026:01:06 00:38:02,"[1541.739501953125, 67.8292465209961, 2047.978515625, 1138.9892578125]",2026-01-06 00:38:02
IMAG2212.JPG,Empty,0.0,2026:01:11 08:05:55,,2026-01-11 08:05:55
IMAG2206.JPG,animal,0.926,2026:01:11 05:01:32,"[1015.9562377929688, 969.6178588867188, 1516.80859375, 1341.0203857421875]",2026-01-11 05:01:32
IMAG2399.JPG,Empty,0.0,2026:01:15 13:58:33,,2026-01-15 13:58:33
IMAG1848.JPG,animal,0.883,2026:01:07 07:37:25,"[1346.5283203125, 967.84716796875, 1629.291748046875, 1146.2196044921875]",2026-01-07 07:37:25
IMAG1848.JPG,animal,0.738,2026:01:07 07:37:25,"[1077.5399169921875, 1269.7786865234375, 1274.411376953125, 1407.1060791015625]",2026-01-07 07:37:25
IMAG1848.JPG,animal,0.696,2026:01:07 07:37:25,"[608.2060546875, 1374.655517578125, 720.1774291992188, 1467.1636962890625]",2026-01-07 07:37:25
IMAG1848.JPG,animal,0.606,2026:01:07 07:37:25,"[1039.4664306640625, 1240.513427734375, 1157.457275390625, 1339.4625244140625]",2026-01-07 07:37:25
IMAG1848.JPG,animal,0.559,2026:01:07 07:37:25,"[531.7975463867188, 1324.3560791015625, 592.7203979492188, 1430.422119140625]",2026-01-07 07:37:25
IMAG1690.JPG,animal,0.328,2026:01:05 12:41:18,"[1097.3167724609375, 968.3103637695312, 1275.0826416015625, 1081.9755859375]",2026-01-05 12:41:18
IMAG1690.JPG,animal,0.304,2026:01:05 12:41:18,"[1675.594482421875, 251.2513885498047, 1723.010498046875, 304.1302490234375]",2026-01-05 12:41:18
IMAG1684.JPG,Empty,0.0,2026:01:05 11:21:53,,2026-01-05 11:21:53
IMAG1874.JPG,animal,0.933,2026:01:07 12:19:54,"[1089.6541748046875, 854.1707153320312, 1387.81982421875, 1130.095458984375]",2026-01-07 12:19:54
IMAG1874.JPG,animal,0.859,2026:01:07 12:19:54,"[813.8395385742188, 1026.604248046875, 907.8864135742188, 1142.555419921875]",2026-01-07 12:19:54
IMAG1874.JPG,animal,0.846,2026:01:07 12:19:54,"[1754.2740478515625, 990.0744018554688, 1958.3646240234375, 1139.058837890625]",2026-01-07 12:19:54
IMAG1874.JPG,animal,0.837,2026:01:07 12:19:54,"[377.4298095703125, 1023.7545166015625, 475.42608642578125, 1145.541015625]",2026-01-07 12:19:54
IMAG1874.JPG,animal,0.82,2026:01:07 12:19:54,"[524.0045166015625, 1048.2591552734375, 626.6525268554688, 1146.5244140625]",2026-01-07 12:19:54
IMAG1874.JPG,animal,0.721,2026:01:07 12:19:54,"[686.4329833984375, 1057.199462890625, 765.2373657226562, 1142.941162109375]",2026-01-07 12:19:54
IMAG1874.JPG,animal,0.666,2026:01:07 12:19:54,"[1937.55859375, 1038.014892578125, 2047.365966796875, 1141.106201171875]",2026-01-07 12:19:54
IMAG1860.JPG,animal,0.815,2026:01:07 09:46:20,"[1389.297607421875, 1040.76904296875, 1548.415283203125, 1150.3748779296875]",2026-01-07 09:46:20
IMAG1860.JPG,animal,0.759,2026:01:07 09:46:20,"[1084.927978515625, 1306.7091064453125, 1273.324462890625, 1451.4581298828125]",2026-01-07 09:46:20
IMAG1860.JPG,animal,0.599,2026:01:07 09:46:20,"[1913.8082275390625, 166.37887573242188, 1982.693359375, 279.62823486328125]",2026-01-07 09:46:20
IMAG1860.JPG,animal,0.509,2026:01:07 09:46:20,"[1076.5125732421875, 1266.6912841796875, 1219.39306640625, 1346.727783203125]",2026-01-07 09:46:20
IMAG1860.JPG,animal,0.453,2026:01:07 09:46:20,"[1518.295654296875, 965.7432861328125, 1735.8714599609375, 1142.65869140625]",2026-01-07 09:46:20
IMAG1860.JPG,animal,0.363,2026:01:07 09:46:20,"[982.765625, 1257.0306396484375, 1067.0732421875, 1333.331298828125]",2026-01-07 09:46:20
IMAG1653.JPG,animal,0.927,2026:01:04 20:45:20,"[73.2982177734375, 771.2614135742188, 536.7449951171875, 1242.828369140625]",2026-01-04 20:45:20
IMAG1653.JPG,animal,0.908,2026:01:04 20:45:20,"[373.9811096191406, 781.5340576171875, 882.4236450195312, 1148.155029296875]",2026-01-04 20:45:20
IMAG2428.JPG,Empty,0.0,2026:01:16 09:36:47,,2026-01-16 09:36:47
IMAG1647.JPG,animal,0.893,2026:01:04 19:06:00,"[1197.1712646484375, 86.0550765991211, 2048.0, 1330.88720703125]",2026-01-04 19:06:00
IMAG2366.JPG,Empty,0.0,2026:01:14 11:44:02,,2026-01-14 11:44:02
IMAG2400.JPG,animal,0.846,2026:01:15 14:18:14,"[858.1458740234375, 672.4550170898438, 1082.533203125, 796.5554809570312]",2026-01-15 14:18:14
IMAG2414.JPG,Empty,0.0,2026:01:15 20:14:46,,2026-01-15 20:14:46
IMAG2372.JPG,Empty,0.0,2026:01:14 18:04:47,,2026-01-14 18:04:47
IMAG1492.JPG,animal,0.771,2026:01:03 08:14:55,"[962.1248779296875, 1209.3306884765625, 1096.106689453125, 1344.1259765625]",2026-01-03 08:14:55
IMAG1486.JPG,animal,0.934,2026:01:03 07:09:08,"[163.99496459960938, 331.2337951660156, 1670.6412353515625, 1472.577392578125]",2026-01-03 07:09:08
IMAG1486.JPG,animal,0.894,2026:01:03 07:09:08,"[1347.326416015625, 350.1809387207031, 2048.0, 1133.438232421875]",2026-01-03 07:09:08
IMAG1486.JPG,animal,0.759,2026:01:03 07:09:08,"[0.02845459058880806, 251.86239624023438, 271.5038146972656, 1163.691650390625]",2026-01-03 07:09:08
IMAG1486.JPG,animal,0.254,2026:01:03 07:09:08,"[0.0, 251.8312530517578, 115.46678161621094, 528.7806396484375]",2026-01-03 07:09:08
IMAG1337.JPG,Empty,0.0,2026:01:01 16:17:56,,2026-01-01 16:17:56
IMAG0029.JPG,Empty,0.0,2025:12:09 06:57:27,,2025-12-09 06:57:27
IMAG2158.JPG,animal,0.973,2026:01:10 09:22:58,"[1571.0855712890625, 381.26971435546875, 2046.595703125, 1073.731689453125]",2026-01-10 09:22:58
IMAG1451.JPG,animal,0.489,2026:01:02 18:38:29,"[833.0720825195312, 1022.6605224609375, 961.2996215820312, 1131.0015869140625]",2026-01-02 18:38:29
IMAG1445.JPG,Empty,0.0,2026:01:02 17:31:20,,2026-01-02 17:31:20
IMAG1323.JPG,Empty,0.0,2026:01:01 13:43:07,,2026-01-01 13:43:07
IMAG0015.JPG,animal,0.596,2025:12:08 19:04:14,"[784.1610107421875, 1243.45849609375, 872.6350708007812, 1354.840576171875]",2025-12-08 19:04:14
IMAG0015.JPG,animal,0.486,2025:12:08 19:04:14,"[1666.683837890625, 1006.3536987304688, 1800.9658203125, 1091.857177734375]",2025-12-08 19:04:14
IMAG2164.JPG,person,0.9,2026:01:10 10:32:51,"[765.470703125, 552.3294067382812, 968.1510009765625, 1196.4005126953125]",2026-01-10 10:32:51
IMAG2164.JPG,person,0.884,2026:01:10 10:32:51,"[1598.3421630859375, 467.19879150390625, 2048.0, 1043.5732421875]",2026-01-10 10:32:51
IMAG2170.JPG,Empty,0.0,2026:01:10 12:05:59,,2026-01-10 12:05:59
IMAG1479.JPG,animal,0.947,2026:01:03 02:39:16,"[532.2306518554688, 905.1070556640625, 1063.522705078125, 1263.304931640625]",2026-01-03 02:39:16
IMAG0001.JPG,person,0.967,2025:12:08 15:32:55,"[0.0, 0.0, 2048.0, 1470.3853759765625]",2025-12-08 15:32:55
IMAG2166.JPG,person,0.951,2026:01:10 10:53:00,"[126.5595703125, 490.7962341308594, 1030.580322265625, 1471.4521484375]",2026-01-10 10:53:00
IMAG2166.JPG,person,0.936,2026:01:10 10:53:00,"[1113.012451171875, 111.99018859863281, 1978.2847900390625, 1471.1448974609375]",2026-01-10 10:53:00
IMAG2166.JPG,person,0.516,2026:01:10 10:53:00,"[1835.6949462890625, 0.0, 2048.0, 1466.177734375]",2026-01-10 10:53:00
IMAG0017.JPG,animal,0.89,2025:12:08 20:37:17,"[613.7728271484375, 1060.395263671875, 1010.9549560546875, 1267.7984619140625]",2025-12-08 20:37:17
IMAG1309.JPG,Empty,0.0,2026:01:01 11:05:19,,2026-01-01 11:05:19
IMAG0003.JPG,animal,0.94,2025:12:08 16:46:54,"[966.9228515625, 581.927001953125, 1722.563720703125, 1249.4869384765625]",2025-12-08 16:46:54
IMAG2172.JPG,animal,0.94,2026:01:10 12:32:50,"[425.36798095703125, 1117.248291015625, 1269.8421630859375, 1473.3035888671875]",2026-01-10 12:32:50
IMAG1453.JPG,animal,0.879,2026:01:02 18:58:35,"[1171.7896728515625, 809.6185302734375, 1406.6129150390625, 1106.831787109375]",2026-01-02 18:58:35
IMAG1453.JPG,animal,0.582,2026:01:02 18:58:35,"[1038.80615234375, 1250.290283203125, 1266.3787841796875, 1391.5931396484375]",2026-01-02 18:58:35
IMAG1453.JPG,animal,0.485,2026:01:02 18:58:35,"[1063.9918212890625, 1082.3946533203125, 1315.453369140625, 1241.39306640625]",2026-01-02 18:58:35
IMAG1335.JPG,Empty,0.0,2026:01:01 15:53:25,,2026-01-01 15:53:25
IMAG1321.JPG,Empty,0.0,2026:01:01 13:21:03,,2026-01-01 13:21:03
IMAG1447.JPG,person,0.664,2026:01:02 17:55:30,"[225.47586059570312, 907.2451171875, 317.80340576171875, 1041.6705322265625]",2026-01-02 17:55:30
IMAG1447.JPG,person,0.625,2026:01:02 17:55:30,"[83.1943130493164, 910.97021484375, 138.7392120361328, 1022.5782470703125]",2026-01-02 17:55:30
IMAG2199.JPG,Empty,0.0,2026:01:11 02:05:39,,2026-01-11 02:05:39
IMAG1490.JPG,Empty,0.0,2026:01:03 07:52:57,,2026-01-03 07:52:57
IMAG1484.JPG,animal,0.628,2026:01:03 06:35:39,"[664.2890014648438, 1218.943115234375, 768.0474243164062, 1335.0601806640625]",2026-01-03 06:35:39
IMAG1484.JPG,animal,0.37,2026:01:03 06:35:39,"[1076.9527587890625, 1156.187255859375, 1185.9984130859375, 1244.4698486328125]",2026-01-03 06:35:39
IMAG2402.JPG,animal,0.938,2026:01:15 14:47:32,"[1579.744384765625, 761.9033813476562, 1837.353271484375, 1058.7681884765625]",2026-01-15 14:47:32
IMAG2364.JPG,Empty,0.0,2026:01:14 11:10:58,,2026-01-14 11:10:58
IMAG2370.JPG,Empty,0.0,2026:01:14 15:09:12,,2026-01-14 15:09:12
IMAG1679.JPG,animal,0.969,2026:01:05 10:10:49,"[306.57659912109375, 649.2277221679688, 748.31787109375, 1140.1693115234375]",2026-01-05 10:10:49
IMAG2416.JPG,animal,0.926,2026:01:15 21:16:25,"[613.4974975585938, 1072.820556640625, 957.9855346679688, 1267.554931640625]",2026-01-15 21:16:25
IMAG2358.JPG,Empty,0.0,2026:01:14 07:06:32,,2026-01-14 07:06:32
IMAG1889.JPG,animal,0.97,2026:01:07 14:54:49,"[372.1859436035156, 626.5353393554688, 1076.234130859375, 1421.318359375]",2026-01-07 14:54:49
IMAG1651.JPG,animal,0.954,2026:01:04 20:24:22,"[330.81744384765625, 751.9854736328125, 827.4224853515625, 1148.126708984375]",2026-01-04 20:24:22
IMAG1651.JPG,animal,0.951,2026:01:04 20:24:22,"[841.8655395507812, 686.6013793945312, 1251.6336669921875, 1117.018798828125]",2026-01-04 20:24:22
IMAG1645.JPG,Empty,0.0,2026:01:04 18:45:56,,2026-01-04 18:45:56
IMAG1876.JPG,animal,0.945,2026:01:07 12:44:16,"[1424.466796875, 869.80126953125, 1740.3450927734375, 1140.8143310546875]",2026-01-07 12:44:16
IMAG1876.JPG,animal,0.939,2026:01:07 12:44:16,"[108.16731262207031, 759.6892700195312, 803.4059448242188, 1464.2916259765625]",2026-01-07 12:44:16
IMAG1862.JPG,Empty,0.0,2026:01:07 10:07:26,,2026-01-07 10:07:26
IMAG1692.JPG,animal,0.773,2026:01:05 13:12:32,"[605.67236328125, 945.326171875, 871.0964965820312, 1135.375]",2026-01-05 13:12:32
IMAG1686.JPG,animal,0.796,2026:01:05 11:47:08,"[843.248046875, 912.8125, 951.0064697265625, 1133.009033203125]",2026-01-05 11:47:08
IMAG1686.JPG,animal,0.721,2026:01:05 11:47:08,"[1003.0578002929688, 749.9088134765625, 1301.071044921875, 837.5846557617188]",2026-01-05 11:47:08
IMAG1719.JPG,animal,0.576,2026:01:05 18:39:53,"[313.1590270996094, 646.7771606445312, 479.37078857421875, 716.3284912109375]",2026-01-05 18:39:53
IMAG1719.JPG,animal,0.384,2026:01:05 18:39:53,"[1551.752685546875, 389.0504455566406, 1652.8551025390625, 494.925048828125]",2026-01-05 18:39:53
IMAG2210.JPG,animal,0.949,2026:01:11 07:09:23,"[488.8599548339844, 1067.1549072265625, 1060.957275390625, 1472.1256103515625]",2026-01-11 07:09:23
IMAG2204.JPG,animal,0.872,2026:01:11 04:17:23,"[1568.643310546875, 35.905517578125, 2048.0, 1134.341064453125]",2026-01-11 04:17:23
IMAG1725.JPG,Empty,0.0,2026:01:05 20:01:37,,2026-01-05 20:01:37
IMAG1731.JPG,animal,0.894,2026:01:05 23:59:33,"[1519.7330322265625, 825.2828369140625, 2047.392333984375, 1125.078857421875]",2026-01-05 23:59:33
IMAG2238.JPG,animal,0.97,2026:01:11 17:02:15,"[1519.298583984375, 440.4400939941406, 2047.9566650390625, 1124.560791015625]",2026-01-11 17:02:15
IMAG1902.JPG,animal,0.926,2026:01:07 17:11:04,"[1441.407958984375, 659.7425537109375, 2047.806396484375, 1143.14453125]",2026-01-07 17:11:04
IMAG1902.JPG,animal,0.88,2026:01:07 17:11:04,"[2.690991163253784, 703.3489379882812, 652.91796875, 1303.5906982421875]",2026-01-07 17:11:04
IMAG1902.JPG,animal,0.561,2026:01:07 17:11:04,"[279.39691162109375, 722.6163330078125, 756.8428955078125, 1257.1070556640625]",2026-01-07 17:11:04
IMAG1916.JPG,animal,0.89,2026:01:07 19:37:28,"[1723.049560546875, 930.1287231445312, 1994.4918212890625, 1132.420654296875]",2026-01-07 19:37:28
IMAG1916.JPG,animal,0.868,2026:01:07 19:37:28,"[1036.448974609375, 1293.1656494140625, 1248.8843994140625, 1436.801513671875]",2026-01-07 19:37:28
IMAG1916.JPG,animal,0.625,2026:01:07 19:37:28,"[855.9547729492188, 393.59002685546875, 1198.91943359375, 817.6767578125]",2026-01-07 19:37:28
IMAG2012.JPG,Empty,0.0,2026:01:08 18:24:06,,2026-01-08 18:24:06
IMAG0163.JPG,animal,0.931,2025:12:11 05:21:46,"[1579.953369140625, 0.601367175579071, 2048.0, 1109.259521484375]",2025-12-11 05:21:46
IMAG0177.JPG,animal,0.829,2025:12:11 08:56:46,"[1542.968505859375, 967.5021362304688, 1714.8170166015625, 1130.3115234375]",2025-12-11 08:56:46
IMAG0177.JPG,animal,0.82,2025:12:11 08:56:46,"[1215.6416015625, 985.1481323242188, 1557.3853759765625, 1162.680419921875]",2025-12-11 08:56:46
IMAG0177.JPG,animal,0.318,2025:12:11 08:56:46,"[626.9599609375, 1116.8460693359375, 699.3543701171875, 1180.116943359375]",2025-12-11 08:56:46
IMAG2006.JPG,animal,0.916,2026:01:08 17:19:49,"[875.0318603515625, 1087.2562255859375, 1137.388916015625, 1348.6090087890625]",2026-01-08 17:19:49
IMAG1527.JPG,animal,0.952,2026:01:03 15:35:08,"[1266.1788330078125, 786.6863403320312, 1686.1031494140625, 1137.524658203125]",2026-01-03 15:35:08
IMAG1527.JPG,animal,0.922,2026:01:03 15:35:08,"[959.8304443359375, 1100.8929443359375, 1390.8658447265625, 1428.4427490234375]",2026-01-03 15:35:08
IMAG1533.JPG,Empty,0.0,2026:01:03 16:43:22,,2026-01-03 16:43:22
IMAG1282.JPG,Empty,0.0,2026:01:01 00:57:37,,2026-01-01 00:57:37
IMAG0188.JPG,animal,0.441,2025:12:11 11:47:27,"[1124.374755859375, 914.9686279296875, 1255.78466796875, 1097.468994140625]",2025-12-11 11:47:27
IMAG0188.JPG,animal,0.371,2025:12:11 11:47:27,"[1042.0413818359375, 1143.156005859375, 1103.240478515625, 1186.7275390625]",2025-12-11 11:47:27
IMAG0188.JPG,animal,0.298,2025:12:11 11:47:27,"[907.8177490234375, 1135.560791015625, 953.904296875, 1195.3052978515625]",2025-12-11 11:47:27
IMAG1296.JPG,Empty,0.0,2026:01:01 08:38:31,,2026-01-01 08:38:31
IMAG1297.JPG,animal,0.642,2026:01:01 08:48:57,"[926.2828369140625, 1235.756591796875, 1061.244140625, 1365.6480712890625]",2026-01-01 08:48:57
IMAG1283.JPG,Empty,0.0,2026:01:01 03:58:13,,2026-01-01 03:58:13
IMAG1532.JPG,Empty,0.0,2026:01:03 16:29:43,,2026-01-03 16:29:43
IMAG1526.JPG,Empty,0.0,2026:01:03 15:24:09,,2026-01-03 15:24:09
IMAG0176.JPG,animal,0.876,2025:12:11 08:46:32,"[0.0, 1.042932152748108, 782.5377197265625, 322.8382873535156]",2025-12-11 08:46:32
IMAG0176.JPG,animal,0.873,2025:12:11 08:46:32,"[1909.131103515625, 849.0216064453125, 2048.0, 1139.4678955078125]",2025-12-11 08:46:32
IMAG0176.JPG,animal,0.855,2025:12:11 08:46:32,"[1478.682861328125, 963.1002807617188, 1869.3199462890625, 1198.9952392578125]",2025-12-11 08:46:32
IMAG0176.JPG,animal,0.633,2025:12:11 08:46:32,"[1209.001953125, 944.9764404296875, 1350.248291015625, 1147.5733642578125]",2025-12-11 08:46:32
IMAG0176.JPG,animal,0.599,2025:12:11 08:46:32,"[1654.0980224609375, 809.06494140625, 1871.793701171875, 1018.3760986328125]",2025-12-11 08:46:32
IMAG0176.JPG,animal,0.558,2025:12:11 08:46:32,"[1290.129150390625, 674.8712158203125, 1402.119873046875, 744.3739013671875]",2025-12-11 08:46:32
IMAG0176.JPG,animal,0.556,2025:12:11 08:46:32,"[1289.8533935546875, 905.7042846679688, 1493.196533203125, 1175.932861328125]",2025-12-11 08:46:32
IMAG0176.JPG,animal,0.546,2025:12:11 08:46:32,"[543.7696533203125, 1281.63037109375, 651.1576538085938, 1367.795166015625]",2025-12-11 08:46:32
IMAG0176.JPG,animal,0.493,2025:12:11 08:46:32,"[1665.6683349609375, 580.5526123046875, 1787.7789306640625, 646.0217895507812]",2025-12-11 08:46:32
IMAG0176.JPG,animal,0.421,2025:12:11 08:46:32,"[1582.86279296875, 889.7435302734375, 1741.721923828125, 1041.62109375]",2025-12-11 08:46:32
IMAG0176.JPG,animal,0.399,2025:12:11 08:46:32,"[1084.0050048828125, 1282.459716796875, 1201.32177734375, 1476.126220703125]",2025-12-11 08:46:32
IMAG0176.JPG,animal,0.338,2025:12:11 08:46:32,"[414.70318603515625, 1290.10546875, 560.830322265625, 1414.7835693359375]",2025-12-11 08:46:32
IMAG0176.JPG,animal,0.326,2025:12:11 08:46:32,"[713.3946533203125, 1295.610595703125, 835.5885620117188, 1435.881591796875]",2025-12-11 08:46:32
IMAG0176.JPG,animal,0.306,2025:12:11 08:46:32,"[1020.7072143554688, 1272.287841796875, 1130.352294921875, 1470.0799560546875]",2025-12-11 08:46:32
IMAG0176.JPG,animal,0.259,2025:12:11 08:46:32,"[906.8651123046875, 1339.333984375, 972.2483520507812, 1474.141845703125]",2025-12-11 08:46:32
IMAG2007.JPG,animal,0.601,2026:01:08 17:29:58,"[474.0685119628906, 1160.645263671875, 541.5894775390625, 1242.3388671875]",2026-01-08 17:29:58
IMAG2013.JPG,animal,0.822,2026:01:08 18:35:30,"[718.2318115234375, 1188.0263671875, 848.6234130859375, 1467.9892578125]",2026-01-08 18:35:30
IMAG0162.JPG,animal,0.94,2025:12:11 04:20:06,"[692.0739135742188, 925.5072021484375, 1519.737060546875, 1326.2529296875]",2025-12-11 04:20:06
IMAG1917.JPG,Empty,0.0,2026:01:07 20:08:17,,2026-01-07 20:08:17
IMAG1903.JPG,animal,0.952,2026:01:07 17:21:27,"[0.27973634004592896, 794.8145751953125, 541.8475341796875, 1281.0994873046875]",2026-01-07 17:21:27
IMAG2239.JPG,animal,0.958,2026:01:11 17:12:43,"[1498.273681640625, 792.0578002929688, 1936.988525390625, 1130.749267578125]",2026-01-11 17:12:43
IMAG1730.JPG,animal,0.786,2026:01:05 23:27:04,"[1501.4169921875, 66.0055160522461, 2048.0, 1241.4873046875]",2026-01-05 23:27:04
IMAG1724.JPG,animal,0.88,2026:01:05 19:35:23,"[1395.0020751953125, 923.646484375, 1650.6253662109375, 1157.7288818359375]",2026-01-05 19:35:23
IMAG1724.JPG,animal,0.803,2026:01:05 19:35:23,"[1010.0611572265625, 1288.194580078125, 1248.2340087890625, 1399.4508056640625]",2026-01-05 19:35:23
IMAG2205.JPG,Empty,0.0,2026:01:11 04:32:05,,2026-01-11 04:32:05
IMAG2211.JPG,animal,0.702,2026:01:11 07:26:57,"[60.59648513793945, 0.6041259765625, 226.18984985351562, 95.83492279052734]",2026-01-11 07:26:57
IMAG2211.JPG,animal,0.676,2026:01:11 07:26:57,"[415.13922119140625, 450.29058837890625, 520.9329833984375, 538.6558227539062]",2026-01-11 07:26:57
IMAG2211.JPG,animal,0.638,2026:01:11 07:26:57,"[132.8455352783203, 295.14434814453125, 210.86740112304688, 383.14501953125]",2026-01-11 07:26:57
IMAG2211.JPG,animal,0.583,2026:01:11 07:26:57,"[782.1675415039062, 592.130615234375, 845.83349609375, 633.5179443359375]",2026-01-11 07:26:57
IMAG2211.JPG,animal,0.504,2026:01:11 07:26:57,"[340.5107116699219, 803.5256958007812, 410.9676208496094, 872.7723388671875]",2026-01-11 07:26:57
IMAG2211.JPG,animal,0.465,2026:01:11 07:26:57,"[27.224681854248047, 181.46664428710938, 114.1151351928711, 270.02374267578125]",2026-01-11 07:26:57
IMAG2211.JPG,animal,0.376,2026:01:11 07:26:57,"[6.747045993804932, 223.62850952148438, 124.49920654296875, 356.73504638671875]",2026-01-11 07:26:57
IMAG2211.JPG,animal,0.328,2026:01:11 07:26:57,"[1123.032470703125, 955.2174072265625, 1283.966552734375, 1029.2294921875]",2026-01-11 07:26:57
IMAG1718.JPG,Empty,0.0,2026:01:05 18:28:59,,2026-01-05 18:28:59
IMAG1687.JPG,animal,0.264,2026:01:05 12:08:23,"[428.48419189453125, 821.2561645507812, 540.3017578125, 881.2756958007812]",2026-01-05 12:08:23
IMAG1693.JPG,Empty,0.0,2026:01:05 13:22:33,,2026-01-05 13:22:33
IMAG1863.JPG,Empty,0.0,2026:01:07 10:18:40,,2026-01-07 10:18:40
IMAG1877.JPG,animal,0.847,2026:01:07 12:54:23,"[932.1135864257812, 957.7122802734375, 1096.23486328125, 1303.944091796875]",2026-01-07 12:54:23
IMAG1877.JPG,animal,0.261,2026:01:07 12:54:23,"[891.3113403320312, 1194.3695068359375, 1085.352294921875, 1319.665283203125]",2026-01-07 12:54:23
IMAG1644.JPG,Empty,0.0,2026:01:04 18:25:03,,2026-01-04 18:25:03
IMAG1650.JPG,animal,0.81,2026:01:04 20:14:20,"[1629.8621826171875, 754.7145385742188, 2047.83984375, 1073.03466796875]",2026-01-04 20:14:20
IMAG1888.JPG,animal,0.97,2026:01:07 14:44:48,"[0.8829101324081421, 465.41015625, 1233.1068115234375, 1430.833740234375]",2026-01-07 14:44:48
IMAG2359.JPG,animal,0.866,2026:01:14 07:28:04,"[1564.443115234375, 932.5731201171875, 1725.5052490234375, 1160.2432861328125]",2026-01-14 07:28:04
IMAG2359.JPG,animal,0.283,2026:01:14 07:28:04,"[884.0010986328125, 1168.8851318359375, 1032.34619140625, 1265.347412109375]",2026-01-14 07:28:04
IMAG1678.JPG,animal,0.649,2026:01:05 10:00:30,"[1828.611328125, 780.5763549804688, 2044.827392578125, 1014.0787353515625]",2026-01-05 10:00:30
IMAG2371.JPG,animal,0.378,2026:01:14 17:53:58,"[1064.921142578125, 1119.8040771484375, 1106.7572021484375, 1183.8148193359375]",2026-01-14 17:53:58
IMAG2417.JPG,animal,0.863,2026:01:15 22:19:03,"[1623.8836669921875, 33.630027770996094, 2048.0, 1150.6175537109375]",2026-01-15 22:19:03
IMAG2403.JPG,animal,0.95,2026:01:15 15:08:23,"[182.4766387939453, 832.2088012695312, 632.8366088867188, 1157.7808837890625]",2026-01-15 15:08:23
IMAG2365.JPG,Empty,0.0,2026:01:14 11:32:25,,2026-01-14 11:32:25
IMAG1485.JPG,animal,0.506,2026:01:03 06:59:07,"[1039.8795166015625, 1074.040771484375, 1221.0657958984375, 1222.5235595703125]",2026-01-03 06:59:07
IMAG1485.JPG,animal,0.263,2026:01:03 06:59:07,"[166.27679443359375, 1050.280029296875, 249.9730987548828, 1143.0167236328125]",2026-01-03 06:59:07
IMAG1491.JPG,Empty,0.0,2026:01:03 08:04:33,,2026-01-03 08:04:33
IMAG2198.JPG,animal,0.842,2026:01:11 01:43:44,"[0.0, 1065.265869140625, 360.9766845703125, 1275.892578125]",2026-01-11 01:43:44
IMAG1320.JPG,animal,0.751,2026:01:01 13:10:38,"[505.2469787597656, 937.3878784179688, 710.2667846679688, 1137.5306396484375]",2026-01-01 13:10:38
IMAG1320.JPG,animal,0.261,2026:01:01 13:10:38,"[898.8822021484375, 798.4906005859375, 939.2884521484375, 856.9845581054688]",2026-01-01 13:10:38
IMAG1446.JPG,animal,0.725,2026:01:02 17:45:03,"[1026.792236328125, 1267.662841796875, 1242.770263671875, 1383.413330078125]",2026-01-02 17:45:03
IMAG1446.JPG,animal,0.604,2026:01:02 17:45:03,"[1249.676025390625, 759.7188720703125, 1398.2606201171875, 874.5256958007812]",2026-01-02 17:45:03
IMAG1452.JPG,Empty,0.0,2026:01:02 18:48:34,,2026-01-02 18:48:34
IMAG1334.JPG,Empty,0.0,2026:01:01 15:40:21,,2026-01-01 15:40:21
IMAG0002.JPG,Empty,0.0,2025:12:08 16:36:34,,2025-12-08 16:36:34
IMAG2173.JPG,animal,0.54,2026:01:10 12:43:31,"[1109.1083984375, 1108.953857421875, 1201.6025390625, 1181.6763916015625]",2026-01-10 12:43:31
IMAG2173.JPG,animal,0.472,2026:01:10 12:43:31,"[1104.61865234375, 948.17626953125, 1237.55810546875, 1028.01904296875]",2026-01-10 12:43:31
IMAG2167.JPG,vehicle,0.311,2026:01:10 11:04:48,"[628.9285888671875, 425.46966552734375, 2043.8863525390625, 1472.1734619140625]",2026-01-10 11:04:48
IMAG2167.JPG,person,0.293,2026:01:10 11:04:48,"[0.0, 952.9797973632812, 76.98936462402344, 1478.019287109375]",2026-01-10 11:04:48
IMAG1308.JPG,Empty,0.0,2026:01:01 10:51:17,,2026-01-01 10:51:17
IMAG0016.JPG,animal,0.59,2025:12:08 19:14:36,"[673.1649169921875, 1001.77783203125, 784.0989990234375, 1137.49951171875]",2025-12-08 19:14:36
IMAG1330.JPG,animal,0.888,2026:01:01 15:00:09,"[1210.6820068359375, 688.7245483398438, 1404.1875, 989.4602661132812]",2026-01-01 15:00:09
IMAG1456.JPG,Empty,0.0,2026:01:02 19:31:38,,2026-01-02 19:31:38
IMAG1442.JPG,animal,0.493,2026:01:02 16:54:47,"[1174.9345703125, 256.2217102050781, 1342.724365234375, 353.95257568359375]",2026-01-02 16:54:47
IMAG1324.JPG,animal,0.617,2026:01:01 13:53:16,"[909.6051635742188, 43.1872444152832, 988.58447265625, 131.11920166015625]",2026-01-01 13:53:16
IMAG1324.JPG,animal,0.451,2026:01:01 13:53:16,"[1368.3302001953125, 78.51725769042969, 1468.7667236328125, 136.3167724609375]",2026-01-01 13:53:16
IMAG1324.JPG,animal,0.252,2026:01:01 13:53:16,"[1385.3638916015625, 25.371179580688477, 1460.763427734375, 56.535072326660156]",2026-01-01 13:53:16
IMAG0012.JPG,Empty,0.0,2025:12:08 18:33:18,,2025-12-08 18:33:18
IMAG2163.JPG,person,0.901,2026:01:10 10:22:36,"[726.7135620117188, 876.759765625, 1191.4171142578125, 1346.106201171875]",2026-01-10 10:22:36
IMAG2163.JPG,person,0.846,2026:01:10 10:22:36,"[1255.72119140625, 0.0, 2048.0, 1405.491943359375]",2026-01-10 10:22:36
IMAG2163.JPG,vehicle,0.252,2026:01:10 10:22:36,"[1179.83740234375, 926.5718994140625, 2048.0, 1471.3128662109375]",2026-01-10 10:22:36
IMAG2177.JPG,animal,0.893,2026:01:10 13:41:12,"[887.5530395507812, 1016.06884765625, 1080.072998046875, 1177.743896484375]",2026-01-10 13:41:12
IMAG2177.JPG,animal,0.273,2026:01:10 13:41:12,"[1710.5198974609375, 1370.56591796875, 1820.3460693359375, 1470.3292236328125]",2026-01-10 13:41:12
IMAG0006.JPG,animal,0.535,2025:12:08 17:32:01,"[897.5787963867188, 528.6329956054688, 999.9108276367188, 597.7096557617188]",2025-12-08 17:32:01
IMAG0006.JPG,animal,0.375,2025:12:08 17:32:01,"[1074.0755615234375, 1115.920654296875, 1244.567138671875, 1219.3475341796875]",2025-12-08 17:32:01
IMAG1318.JPG,Empty,0.0,2026:01:01 12:48:40,,2026-01-01 12:48:40
IMAG1495.JPG,Empty,0.0,2026:01:03 08:47:03,,2026-01-03 08:47:03
IMAG1481.JPG,Empty,0.0,2026:01:03 03:59:57,,2026-01-03 03:59:57
IMAG2188.JPG,Empty,0.0,2026:01:10 17:33:11,,2026-01-10 17:33:11
IMAG1654.JPG,Empty,0.0,2026:01:04 21:18:54,,2026-01-04 21:18:54
IMAG1898.JPG,animal,0.788,2026:01:07 16:30:55,"[913.2310791015625, 1143.307373046875, 1141.8629150390625, 1301.093505859375]",2026-01-07 16:30:55
IMAG1898.JPG,animal,0.352,2026:01:07 16:30:55,"[1328.7220458984375, 209.72021484375, 1379.3841552734375, 285.2814025878906]",2026-01-07 16:30:55
IMAG1898.JPG,animal,0.255,2026:01:07 16:30:55,"[1753.078369140625, 229.5143280029297, 1796.9833984375, 286.1686706542969]",2026-01-07 16:30:55
IMAG1640.JPG,Empty,0.0,2026:01:04 17:36:30,,2026-01-04 17:36:30
IMAG2349.JPG,animal,0.756,2026:01:14 02:01:56,"[1050.5811767578125, 859.2813720703125, 1218.370361328125, 1067.62158203125]",2026-01-14 02:01:56
IMAG1668.JPG,animal,0.854,2026:01:05 07:15:27,"[1493.7265625, 954.8345947265625, 1685.3743896484375, 1138.869384765625]",2026-01-05 07:15:27
IMAG1668.JPG,animal,0.375,2026:01:05 07:15:27,"[1715.9996337890625, 728.6446533203125, 1822.724609375, 811.5593872070312]",2026-01-05 07:15:27
IMAG2361.JPG,Empty,0.0,2026:01:14 09:03:29,,2026-01-14 09:03:29
IMAG2407.JPG,Empty,0.0,2026:01:15 16:33:45,,2026-01-15 16:33:45
IMAG2413.JPG,animal,0.973,2026:01:15 19:21:08,"[0.04704589769244194, 719.20947265625, 462.412109375, 1322.197509765625]",2026-01-15 19:21:08
IMAG2375.JPG,Empty,0.0,2026:01:14 19:29:12,,2026-01-14 19:29:12
IMAG1697.JPG,Empty,0.0,2026:01:05 14:15:29,,2026-01-05 14:15:29
IMAG1683.JPG,animal,0.955,2026:01:05 11:09:04,"[980.4152221679688, 556.2774658203125, 1414.5582275390625, 940.7755126953125]",2026-01-05 11:09:04
IMAG1873.JPG,Empty,0.0,2026:01:07 12:09:54,,2026-01-07 12:09:54
IMAG1867.JPG,Empty,0.0,2026:01:07 11:04:41,,2026-01-07 11:04:41
IMAG2229.JPG,Empty,0.0,2026:01:11 15:02:38,,2026-01-11 15:02:38
IMAG1720.JPG,animal,0.925,2026:01:05 18:49:56,"[199.1039276123047, 74.13387298583984, 495.60565185546875, 286.01251220703125]",2026-01-05 18:49:56
IMAG1720.JPG,animal,0.815,2026:01:05 18:49:56,"[787.8572998046875, 701.045166015625, 881.9432373046875, 802.8560791015625]",2026-01-05 18:49:56
IMAG1720.JPG,animal,0.804,2026:01:05 18:49:56,"[1073.0238037109375, 1225.7305908203125, 1251.142822265625, 1365.067626953125]",2026-01-05 18:49:56
IMAG1720.JPG,animal,0.791,2026:01:05 18:49:56,"[182.1640167236328, 666.80810546875, 295.3407287597656, 755.4078369140625]",2026-01-05 18:49:56
IMAG1720.JPG,animal,0.625,2026:01:05 18:49:56,"[570.84033203125, 774.0257568359375, 672.3634643554688, 839.0465087890625]",2026-01-05 18:49:56
IMAG1720.JPG,animal,0.547,2026:01:05 18:49:56,"[1712.374267578125, 457.3611755371094, 1830.787841796875, 540.0322875976562]",2026-01-05 18:49:56
IMAG1720.JPG,animal,0.452,2026:01:05 18:49:56,"[912.5280151367188, 1163.68408203125, 1032.994384765625, 1244.162353515625]",2026-01-05 18:49:56
IMAG1720.JPG,animal,0.399,2026:01:05 18:49:56,"[1020.3248901367188, 1152.6273193359375, 1148.9307861328125, 1234.467041015625]",2026-01-05 18:49:56
IMAG1720.JPG,animal,0.26,2026:01:05 18:49:56,"[915.3117065429688, 1196.9727783203125, 1048.3372802734375, 1307.1925048828125]",2026-01-05 18:49:56
IMAG1734.JPG,animal,0.827,2026:01:06 00:52:12,"[1624.150146484375, 75.2420883178711, 2047.926025390625, 1172.534912109375]",2026-01-06 00:52:12
IMAG2215.JPG,Empty,0.0,2026:01:11 08:47:08,,2026-01-11 08:47:08
IMAG2201.JPG,animal,0.498,2026:01:11 02:41:38,"[1249.164306640625, 826.0220947265625, 2047.9342041015625, 1468.3287353515625]",2026-01-11 02:41:38
IMAG1708.JPG,animal,0.949,2026:01:05 16:38:11,"[1394.3177490234375, 779.1814575195312, 1620.723876953125, 1143.9271240234375]",2026-01-05 16:38:11
IMAG1907.JPG,animal,0.981,2026:01:07 18:02:31,"[271.84368896484375, 315.3116149902344, 1555.5804443359375, 1469.813720703125]",2026-01-07 18:02:31
IMAG1907.JPG,animal,0.939,2026:01:07 18:02:31,"[0.0, 793.458984375, 246.73574829101562, 1280.343017578125]",2026-01-07 18:02:31
IMAG1913.JPG,Empty,0.0,2026:01:07 19:05:42,,2026-01-07 19:05:42
IMAG1522.JPG,animal,0.736,2026:01:03 14:36:47,"[590.7801513671875, 924.2140502929688, 736.392333984375, 1108.1744384765625]",2026-01-03 14:36:47
IMAG1536.JPG,animal,0.942,2026:01:03 17:17:42,"[1817.6402587890625, 779.2572021484375, 2047.943359375, 1135.2113037109375]",2026-01-03 17:17:42
IMAG1536.JPG,animal,0.912,2026:01:03 17:17:42,"[958.0945434570312, 1233.090087890625, 1294.665283203125, 1464.511474609375]",2026-01-03 17:17:42
IMAG0166.JPG,animal,0.947,2025:12:11 06:25:03,"[1517.7174072265625, 747.5416870117188, 2044.716552734375, 1096.1619873046875]",2025-12-11 06:25:03
IMAG2017.JPG,animal,0.96,2026:01:08 19:22:05,"[1477.601806640625, 650.8416137695312, 2018.0396728515625, 1143.4000244140625]",2026-01-08 19:22:05
IMAG2003.JPG,Empty,0.0,2026:01:08 16:48:18,,2026-01-08 16:48:18
IMAG0172.JPG,animal,0.938,2025:12:11 08:06:26,"[1173.9605712890625, 131.78268432617188, 1409.0621337890625, 389.73944091796875]",2025-12-11 08:06:26
IMAG0172.JPG,animal,0.871,2025:12:11 08:06:26,"[1614.5654296875, 865.2999267578125, 1965.8916015625, 1155.237548828125]",2025-12-11 08:06:26
IMAG0172.JPG,animal,0.76,2025:12:11 08:06:26,"[1511.667236328125, 872.1002807617188, 1655.0638427734375, 1141.77490234375]",2025-12-11 08:06:26
IMAG0172.JPG,animal,0.747,2025:12:11 08:06:26,"[1293.439208984375, 981.1407470703125, 1643.196044921875, 1185.4930419921875]",2025-12-11 08:06:26
IMAG0172.JPG,animal,0.744,2025:12:11 08:06:26,"[683.6384887695312, 1297.448974609375, 743.4983520507812, 1382.9237060546875]",2025-12-11 08:06:26
IMAG0172.JPG,animal,0.71,2025:12:11 08:06:26,"[573.3829345703125, 1324.79052734375, 701.82861328125, 1449.7540283203125]",2025-12-11 08:06:26
IMAG0172.JPG,animal,0.7,2025:12:11 08:06:26,"[1946.2232666015625, 943.1644287109375, 2047.7099609375, 1131.701171875]",2025-12-11 08:06:26
IMAG0172.JPG,animal,0.691,2025:12:11 08:06:26,"[1139.8865966796875, 988.2034912109375, 1384.7227783203125, 1165.198974609375]",2025-12-11 08:06:26
IMAG0172.JPG,animal,0.683,2025:12:11 08:06:26,"[1534.052734375, 504.72216796875, 1620.600341796875, 566.46435546875]",2025-12-11 08:06:26
IMAG0172.JPG,animal,0.547,2025:12:11 08:06:26,"[675.918212890625, 1390.7919921875, 857.7662963867188, 1472.0804443359375]",2025-12-11 08:06:26
IMAG0172.JPG,animal,0.534,2025:12:11 08:06:26,"[625.3170166015625, 1211.1614990234375, 688.7967529296875, 1298.000244140625]",2025-12-11 08:06:26
IMAG0172.JPG,animal,0.512,2025:12:11 08:06:26,"[740.2664794921875, 1220.230712890625, 805.2246704101562, 1341.064697265625]",2025-12-11 08:06:26
IMAG0172.JPG,animal,0.445,2025:12:11 08:06:26,"[452.071044921875, 1179.5609130859375, 545.2138061523438, 1245.9560546875]",2025-12-11 08:06:26
IMAG0172.JPG,animal,0.438,2025:12:11 08:06:26,"[825.7297973632812, 1228.6976318359375, 872.7706298828125, 1315.8466796875]",2025-12-11 08:06:26
IMAG0172.JPG,animal,0.376,2025:12:11 08:06:26,"[1649.6810302734375, 536.6806030273438, 1737.2252197265625, 589.7387084960938]",2025-12-11 08:06:26
IMAG0172.JPG,animal,0.366,2025:12:11 08:06:26,"[954.1866455078125, 1295.863037109375, 1048.09521484375, 1450.8516845703125]",2025-12-11 08:06:26
IMAG0172.JPG,animal,0.355,2025:12:11 08:06:26,"[23.853490829467773, 1180.030517578125, 60.97046661376953, 1232.401611328125]",2025-12-11 08:06:26
IMAG1287.JPG,animal,0.84,2026:01:01 06:42:46,"[1114.044677734375, 1260.2825927734375, 1223.955810546875, 1398.8050537109375]",2026-01-01 06:42:46
IMAG1287.JPG,animal,0.783,2026:01:01 06:42:46,"[1399.317138671875, 980.2484130859375, 1545.244873046875, 1139.3922119140625]",2026-01-01 06:42:46
IMAG1287.JPG,animal,0.661,2026:01:01 06:42:46,"[961.1134033203125, 359.943115234375, 1025.8546142578125, 418.87652587890625]",2026-01-01 06:42:46
IMAG1287.JPG,animal,0.655,2026:01:01 06:42:46,"[1027.0736083984375, 1279.2935791015625, 1117.0474853515625, 1373.636962890625]",2026-01-01 06:42:46
IMAG1287.JPG,animal,0.493,2026:01:01 06:42:46,"[1411.2255859375, 227.20346069335938, 1498.3082275390625, 298.2532653808594]",2026-01-01 06:42:46
IMAG1287.JPG,animal,0.251,2026:01:01 06:42:46,"[747.0894165039062, 837.8541259765625, 805.6137084960938, 890.517578125]",2026-01-01 06:42:46
IMAG1293.JPG,Empty,0.0,2026:01:01 07:56:08,,2026-01-01 07:56:08
IMAG1292.JPG,Empty,0.0,2026:01:01 07:39:08,,2026-01-01 07:39:08
IMAG1286.JPG,Empty,0.0,2026:01:01 06:32:42,,2026-01-01 06:32:42
IMAG2002.JPG,animal,0.938,2026:01:08 16:34:35,"[556.327392578125, 847.5767822265625, 954.3377685546875, 1264.1793212890625]",2026-01-08 16:34:35
IMAG2002.JPG,animal,0.903,2026:01:08 16:34:35,"[929.5067138671875, 1078.1689453125, 1173.973388671875, 1339.522705078125]",2026-01-08 16:34:35
IMAG0173.JPG,animal,0.898,2025:12:11 08:16:28,"[367.91204833984375, 251.699462890625, 549.9930419921875, 399.6891174316406]",2025-12-11 08:16:28
IMAG0173.JPG,animal,0.827,2025:12:11 08:16:28,"[1913.533447265625, 854.3544921875, 2048.0, 1157.295166015625]",2025-12-11 08:16:28
IMAG0173.JPG,animal,0.794,2025:12:11 08:16:28,"[1462.529296875, 904.8395385742188, 1722.7421875, 1165.352294921875]",2025-12-11 08:16:28
IMAG0173.JPG,animal,0.786,2025:12:11 08:16:28,"[1295.26220703125, 938.2557373046875, 1549.601806640625, 1178.9471435546875]",2025-12-11 08:16:28
IMAG0173.JPG,animal,0.594,2025:12:11 08:16:28,"[431.8838806152344, 1347.91015625, 619.4127807617188, 1470.429931640625]",2025-12-11 08:16:28
IMAG0173.JPG,animal,0.573,2025:12:11 08:16:28,"[1625.5933837890625, 897.1447143554688, 1903.082763671875, 1135.444091796875]",2025-12-11 08:16:28
IMAG0173.JPG,animal,0.553,2025:12:11 08:16:28,"[309.47039794921875, 486.9244079589844, 384.2515563964844, 552.9588623046875]",2025-12-11 08:16:28
IMAG0173.JPG,animal,0.5,2025:12:11 08:16:28,"[703.369873046875, 1298.739013671875, 890.4953002929688, 1443.22119140625]",2025-12-11 08:16:28
IMAG0173.JPG,animal,0.459,2025:12:11 08:16:28,"[525.399658203125, 1398.2991943359375, 684.047607421875, 1472.7135009765625]",2025-12-11 08:16:28
IMAG0173.JPG,animal,0.443,2025:12:11 08:16:28,"[915.525390625, 1367.619873046875, 1009.3453369140625, 1474.46875]",2025-12-11 08:16:28
IMAG0173.JPG,animal,0.425,2025:12:11 08:16:28,"[763.2631225585938, 1198.9866943359375, 812.6859130859375, 1288.005615234375]",2025-12-11 08:16:28
IMAG0173.JPG,animal,0.415,2025:12:11 08:16:28,"[646.5902099609375, 1388.126708984375, 766.9989624023438, 1471.5579833984375]",2025-12-11 08:16:28
IMAG0173.JPG,animal,0.374,2025:12:11 08:16:28,"[1121.7275390625, 965.2301635742188, 1354.946533203125, 1137.38818359375]",2025-12-11 08:16:28
IMAG0173.JPG,animal,0.333,2025:12:11 08:16:28,"[1362.8997802734375, 461.6957092285156, 1443.9954833984375, 530.4462890625]",2025-12-11 08:16:28
IMAG0173.JPG,animal,0.288,2025:12:11 08:16:28,"[667.720703125, 1194.971923828125, 715.5535888671875, 1271.5267333984375]",2025-12-11 08:16:28
IMAG0173.JPG,animal,0.288,2025:12:11 08:16:28,"[683.2408447265625, 1061.4959716796875, 899.9705810546875, 1184.9669189453125]",2025-12-11 08:16:28
IMAG0167.JPG,animal,0.956,2025:12:11 06:35:06,"[325.74884033203125, 453.4324645996094, 1260.722900390625, 1395.799560546875]",2025-12-11 06:35:06
IMAG0167.JPG,animal,0.868,2025:12:11 06:35:06,"[0.184814453125, 25.024755477905273, 544.4630126953125, 1007.1300659179688]",2025-12-11 06:35:06
IMAG2016.JPG,Empty,0.0,2026:01:08 19:11:16,,2026-01-08 19:11:16
IMAG1537.JPG,animal,0.908,2026:01:03 17:27:53,"[985.4249877929688, 1220.0433349609375, 1286.6839599609375, 1474.3394775390625]",2026-01-03 17:27:53
IMAG1537.JPG,animal,0.865,2026:01:03 17:27:53,"[928.7512817382812, 941.48779296875, 1096.575927734375, 1126.076904296875]",2026-01-03 17:27:53
IMAG1523.JPG,Empty,0.0,2026:01:03 14:49:40,,2026-01-03 14:49:40
IMAG1912.JPG,Empty,0.0,2026:01:07 18:53:10,,2026-01-07 18:53:10
IMAG1906.JPG,animal,0.908,2026:01:07 17:52:31,"[1328.0694580078125, 973.1350708007812, 1597.365478515625, 1160.25244140625]",2026-01-07 17:52:31
IMAG1906.JPG,animal,0.815,2026:01:07 17:52:31,"[0.00945434533059597, 814.3282470703125, 119.1097412109375, 1283.7852783203125]",2026-01-07 17:52:31
IMAG1709.JPG,animal,0.499,2026:01:05 16:48:12,"[926.5234375, 1140.3182373046875, 997.1599731445312, 1222.303466796875]",2026-01-05 16:48:12
IMAG1709.JPG,animal,0.362,2026:01:05 16:48:12,"[885.97265625, 852.5206298828125, 927.12890625, 896.4356689453125]",2026-01-05 16:48:12
IMAG1709.JPG,animal,0.344,2026:01:05 16:48:12,"[1064.19189453125, 1121.337646484375, 1126.499267578125, 1189.603515625]",2026-01-05 16:48:12
IMAG2200.JPG,animal,0.869,2026:01:11 02:15:51,"[1121.5755615234375, 985.9102783203125, 1458.555908203125, 1237.6697998046875]",2026-01-11 02:15:51
IMAG2214.JPG,animal,0.652,2026:01:11 08:26:00,"[619.7518310546875, 1201.2681884765625, 711.4381103515625, 1290.3544921875]",2026-01-11 08:26:00
IMAG2214.JPG,animal,0.556,2026:01:11 08:26:00,"[973.6407470703125, 1212.6673583984375, 1111.7862548828125, 1319.2161865234375]",2026-01-11 08:26:00
IMAG1735.JPG,animal,0.256,2026:01:06 01:41:59,"[1238.5904541015625, 913.4920043945312, 1504.426513671875, 1143.168212890625]",2026-01-06 01:41:59
IMAG1721.JPG,Empty,0.0,2026:01:05 19:00:07,,2026-01-05 19:00:07
IMAG2228.JPG,Empty,0.0,2026:01:11 14:10:17,,2026-01-11 14:10:17
IMAG1866.JPG,Empty,0.0,2026:01:07 10:53:10,,2026-01-07 10:53:10
IMAG1872.JPG,animal,0.878,2026:01:07 11:57:04,"[167.19125366210938, 846.7625732421875, 517.6790771484375, 1287.145751953125]",2026-01-07 11:57:04
IMAG1872.JPG,animal,0.816,2026:01:07 11:57:04,"[649.8931884765625, 700.6466064453125, 1194.5093994140625, 1349.7841796875]",2026-01-07 11:57:04
IMAG1872.JPG,animal,0.702,2026:01:07 11:57:04,"[740.9963989257812, 993.7589111328125, 1219.8468017578125, 1383.337158203125]",2026-01-07 11:57:04
IMAG1682.JPG,animal,0.837,2026:01:05 10:56:28,"[726.2532348632812, 915.4382934570312, 813.7337646484375, 1111.65625]",2026-01-05 10:56:28
IMAG1682.JPG,animal,0.78,2026:01:05 10:56:28,"[610.6260986328125, 911.9598388671875, 672.9574584960938, 1127.467041015625]",2026-01-05 10:56:28
IMAG1696.JPG,Empty,0.0,2026:01:05 13:56:54,,2026-01-05 13:56:54
IMAG2412.JPG,animal,0.974,2026:01:15 19:05:23,"[0.0, 30.160594940185547, 945.0452880859375, 1467.4144287109375]",2026-01-15 19:05:23
IMAG2374.JPG,Empty,0.0,2026:01:14 18:36:18,,2026-01-14 18:36:18
IMAG2360.JPG,animal,0.839,2026:01:14 07:57:43,"[1023.66259765625, 1128.221435546875, 1114.385498046875, 1219.380126953125]",2026-01-14 07:57:43
IMAG2360.JPG,animal,0.542,2026:01:14 07:57:43,"[885.2243041992188, 1115.2642822265625, 976.1348876953125, 1223.369140625]",2026-01-14 07:57:43
IMAG1669.JPG,Empty,0.0,2026:01:05 07:48:23,,2026-01-05 07:48:23
IMAG2406.JPG,Empty,0.0,2026:01:15 16:07:21,,2026-01-15 16:07:21
IMAG2348.JPG,animal,0.978,2026:01:13 22:57:39,"[1.908593773841858, 94.66552734375, 1136.2818603515625, 1470.7938232421875]",2026-01-13 22:57:39
IMAG1641.JPG,animal,0.345,2026:01:04 17:52:18,"[479.95721435546875, 1273.441162109375, 586.2418212890625, 1410.243896484375]",2026-01-04 17:52:18
IMAG1899.JPG,animal,0.932,2026:01:07 16:41:01,"[198.2288360595703, 840.2291259765625, 350.3676452636719, 1346.5992431640625]",2026-01-07 16:41:01
IMAG1899.JPG,animal,0.694,2026:01:07 16:41:01,"[1148.1993408203125, 1096.9520263671875, 1433.4102783203125, 1301.0499267578125]",2026-01-07 16:41:01
IMAG1655.JPG,animal,0.884,2026:01:04 21:29:37,"[1030.516845703125, 958.7478637695312, 1331.1654052734375, 1202.216064453125]",2026-01-04 21:29:37
IMAG2189.JPG,animal,0.866,2026:01:10 18:17:29,"[1720.8450927734375, 927.1989135742188, 1847.5006103515625, 1120.8973388671875]",2026-01-10 18:17:29
IMAG1480.JPG,animal,0.334,2026:01:03 02:52:03,"[1408.094482421875, 923.2054443359375, 1938.1048583984375, 1129.867919921875]",2026-01-03 02:52:03
IMAG1480.JPG,animal,0.295,2026:01:03 02:52:03,"[1408.51220703125, 919.5430908203125, 2046.4234619140625, 1460.305908203125]",2026-01-03 02:52:03
IMAG1494.JPG,animal,0.902,2026:01:03 08:37:00,"[1861.7047119140625, 883.8629150390625, 1994.43359375, 1141.242431640625]",2026-01-03 08:37:00
IMAG2176.JPG,animal,0.875,2026:01:10 13:22:36,"[838.39453125, 852.9144287109375, 1004.9642333984375, 1104.978271484375]",2026-01-10 13:22:36
IMAG1319.JPG,Empty,0.0,2026:01:01 12:59:01,,2026-01-01 12:59:01
IMAG0007.JPG,animal,0.877,2025:12:08 17:42:02,"[1002.9671630859375, 705.4732666015625, 1127.6763916015625, 879.6725463867188]",2025-12-08 17:42:02
IMAG0013.JPG,Empty,0.0,2025:12:08 18:43:57,,2025-12-08 18:43:57
IMAG2162.JPG,person,0.944,2026:01:10 10:12:35,"[1543.6236572265625, 1.6232421398162842, 2047.4791259765625, 1128.328857421875]",2026-01-10 10:12:35
IMAG1443.JPG,animal,0.891,2026:01:02 17:06:34,"[1435.00634765625, 896.5810546875, 1675.152587890625, 1152.7386474609375]",2026-01-02 17:06:34
IMAG1325.JPG,Empty,0.0,2026:01:01 14:04:08,,2026-01-01 14:04:08
IMAG1331.JPG,Empty,0.0,2026:01:01 15:10:10,,2026-01-01 15:10:10
IMAG1457.JPG,Empty,0.0,2026:01:02 19:54:55,,2026-01-02 19:54:55
IMAG0039.JPG,animal,0.799,2025:12:09 08:53:40,"[659.275634765625, 1016.3438720703125, 906.9318237304688, 1151.9207763671875]",2025-12-09 08:53:40
IMAG1327.JPG,animal,0.534,2026:01:01 14:25:23,"[1740.1226806640625, 338.30804443359375, 1816.717529296875, 401.19915771484375]",2026-01-01 14:25:23
IMAG1327.JPG,animal,0.485,2026:01:01 14:25:23,"[973.3291015625, 650.7001342773438, 1032.694091796875, 702.0532836914062]",2026-01-01 14:25:23
IMAG1327.JPG,animal,0.484,2026:01:01 14:25:23,"[1554.581787109375, 50.647735595703125, 1636.196044921875, 149.26315307617188]",2026-01-01 14:25:23
IMAG2148.JPG,vehicle,0.936,2026:01:10 07:16:00,"[293.365234375, 722.0309448242188, 1185.44873046875, 1105.64892578125]",2026-01-10 07:16:00
IMAG2148.JPG,person,0.682,2026:01:10 07:16:00,"[455.584228515625, 676.2545166015625, 592.0220336914062, 851.4431762695312]",2026-01-10 07:16:00
IMAG1441.JPG,Empty,0.0,2026:01:02 16:42:07,,2026-01-02 16:42:07
IMAG1455.JPG,animal,0.489,2026:01:02 19:20:06,"[833.1018676757812, 1141.986083984375, 1000.3082885742188, 1241.200439453125]",2026-01-02 19:20:06
IMAG1333.JPG,Empty,0.0,2026:01:01 15:30:17,,2026-01-01 15:30:17
IMAG0005.JPG,Empty,0.0,2025:12:08 17:14:41,,2025-12-08 17:14:41
IMAG2174.JPG,Empty,0.0,2026:01:10 12:56:03,,2026-01-10 12:56:03
IMAG2160.JPG,animal,0.97,2026:01:10 09:43:37,"[0.20380859076976776, 421.6207580566406, 539.3840942382812, 1205.2640380859375]",2026-01-10 09:43:37
IMAG1469.JPG,animal,0.976,2026:01:02 23:02:47,"[0.0, 200.3237762451172, 813.5789794921875, 1470.110107421875]",2026-01-02 23:02:47
IMAG1469.JPG,animal,0.975,2026:01:02 23:02:47,"[1073.806396484375, 252.9918975830078, 2048.0, 1134.081787109375]",2026-01-02 23:02:47
IMAG0011.JPG,Empty,0.0,2025:12:08 18:23:14,,2025-12-08 18:23:14
IMAG1482.JPG,animal,0.949,2026:01:03 05:56:21,"[1696.9820556640625, 794.9276123046875, 2048.0, 1126.301025390625]",2026-01-03 05:56:21
IMAG1496.JPG,animal,0.253,2026:01:03 08:59:45,"[866.7741088867188, 641.4422607421875, 913.9405517578125, 688.8546142578125]",2026-01-03 08:59:45
IMAG1643.JPG,Empty,0.0,2026:01:04 18:15:00,,2026-01-04 18:15:00
IMAG2438.JPG,animal,0.969,2026:01:16 15:08:50,"[0.06101074069738388, 462.15423583984375, 444.2471618652344, 1303.058837890625]",2026-01-16 15:08:50
IMAG1657.JPG,animal,0.833,2026:01:05 00:12:10,"[1491.566650390625, 89.99267578125, 2048.0, 1136.3377685546875]",2026-01-05 00:12:10
IMAG2376.JPG,animal,0.933,2026:01:14 23:48:30,"[1483.6622314453125, 651.8673095703125, 2048.0, 1136.200439453125]",2026-01-14 23:48:30
IMAG2410.JPG,Empty,0.0,2026:01:15 18:26:11,,2026-01-15 18:26:11
IMAG2404.JPG,animal,0.679,2026:01:15 15:22:00,"[0.0, 574.3128662109375, 323.0738830566406, 1067.802734375]",2026-01-15 15:22:00
IMAG2362.JPG,Empty,0.0,2026:01:14 10:48:00,,2026-01-14 10:48:00
IMAG2389.JPG,Empty,0.0,2026:01:15 09:44:56,,2026-01-15 09:44:56
IMAG1680.JPG,Empty,0.0,2026:01:05 10:31:45,,2026-01-05 10:31:45
IMAG1858.JPG,animal,0.948,2026:01:07 09:26:11,"[1712.918701171875, 945.7890625, 1982.1890869140625, 1141.763671875]",2026-01-07 09:26:11
IMAG1694.JPG,Empty,0.0,2026:01:05 13:36:40,,2026-01-05 13:36:40
IMAG1864.JPG,Empty,0.0,2026:01:07 10:29:03,,2026-01-07 10:29:03
IMAG1870.JPG,animal,0.948,2026:01:07 11:34:48,"[695.387939453125, 752.2403564453125, 966.8203125, 1308.910888671875]",2026-01-07 11:34:48
IMAG1737.JPG,animal,0.801,2026:01:06 05:57:51,"[1453.559814453125, 0.0, 2048.0, 1461.272216796875]",2026-01-06 05:57:51
IMAG1723.JPG,Empty,0.0,2026:01:05 19:25:20,,2026-01-05 19:25:20
IMAG2202.JPG,animal,0.943,2026:01:11 02:53:40,"[0.04902343824505806, 0.664355456829071, 764.6975708007812, 1030.331787109375]",2026-01-11 02:53:40
IMAG2216.JPG,animal,0.282,2026:01:11 08:58:39,"[1675.1044921875, 351.1990966796875, 1767.345947265625, 409.95538330078125]",2026-01-11 08:58:39
IMAG1938.JPG,Empty,0.0,2026:01:08 02:09:14,,2026-01-08 02:09:14
IMAG1910.JPG,animal,0.972,2026:01:07 18:32:51,"[0.0, 0.0, 656.94677734375, 1427.18994140625]",2026-01-07 18:32:51
IMAG1910.JPG,person,0.436,2026:01:07 18:32:51,"[770.3307495117188, 1139.9296875, 932.9407348632812, 1352.5924072265625]",2026-01-07 18:32:51
IMAG1910.JPG,animal,0.415,2026:01:07 18:32:51,"[770.7053833007812, 1138.8355712890625, 920.0252685546875, 1355.8841552734375]",2026-01-07 18:32:51
IMAG1904.JPG,animal,0.97,2026:01:07 17:31:29,"[409.2679748535156, 543.6680908203125, 1274.743408203125, 1418.736572265625]",2026-01-07 17:31:29
IMAG1904.JPG,animal,0.914,2026:01:07 17:31:29,"[0.2789062559604645, 860.22998046875, 217.49166870117188, 1240.7127685546875]",2026-01-07 17:31:29
IMAG1535.JPG,animal,0.937,2026:01:03 17:07:01,"[1214.125244140625, 832.8790283203125, 1437.3612060546875, 1140.3087158203125]",2026-01-03 17:07:01
IMAG1521.JPG,Empty,0.0,2026:01:03 14:11:53,,2026-01-03 14:11:53
IMAG2028.JPG,Empty,0.0,2026:01:08 21:49:23,,2026-01-08 21:49:23
IMAG0159.JPG,animal,0.964,2025:12:11 02:38:00,"[461.7466735839844, 660.0091552734375, 1419.0452880859375, 1474.90234375]",2025-12-11 02:38:00
IMAG0171.JPG,animal,0.961,2025:12:11 07:56:25,"[1111.111083984375, 379.76275634765625, 1601.243896484375, 637.8407592773438]",2025-12-11 07:56:25
IMAG0171.JPG,animal,0.872,2025:12:11 07:56:25,"[1213.36962890625, 965.3142700195312, 1499.294677734375, 1159.758056640625]",2025-12-11 07:56:25
IMAG0171.JPG,animal,0.828,2025:12:11 07:56:25,"[639.8126831054688, 1306.973388671875, 758.9759521484375, 1387.569580078125]",2025-12-11 07:56:25
IMAG0171.JPG,animal,0.822,2025:12:11 07:56:25,"[559.2490844726562, 413.17047119140625, 822.4443359375, 505.48687744140625]",2025-12-11 07:56:25
IMAG0171.JPG,animal,0.796,2025:12:11 07:56:25,"[294.201171875, 1210.446044921875, 406.423583984375, 1289.8299560546875]",2025-12-11 07:56:25
IMAG0171.JPG,animal,0.727,2025:12:11 07:56:25,"[770.7435302734375, 1230.896240234375, 863.318359375, 1336.729736328125]",2025-12-11 07:56:25
IMAG0171.JPG,animal,0.607,2025:12:11 07:56:25,"[689.0045166015625, 1185.0369873046875, 770.1306762695312, 1248.7794189453125]",2025-12-11 07:56:25
IMAG0171.JPG,animal,0.269,2025:12:11 07:56:25,"[768.0736083984375, 1194.46728515625, 832.3978271484375, 1304.7489013671875]",2025-12-11 07:56:25
IMAG1509.JPG,Empty,0.0,2026:01:03 11:32:18,,2026-01-03 11:32:18
IMAG2000.JPG,animal,0.924,2026:01:08 16:14:19,"[1637.411865234375, 645.9768676757812, 1877.6771240234375, 808.1295166015625]",2026-01-08 16:14:19
IMAG2000.JPG,animal,0.91,2026:01:08 16:14:19,"[52.585044860839844, 952.3547973632812, 168.57266235351562, 1180.1834716796875]",2026-01-08 16:14:19
IMAG2014.JPG,Empty,0.0,2026:01:08 18:46:35,,2026-01-08 18:46:35
IMAG0165.JPG,animal,0.957,2025:12:11 05:46:45,"[1.114843726158142, 15.157861709594727, 1291.4349365234375, 1470.313720703125]",2025-12-11 05:46:45
IMAG0165.JPG,animal,0.776,2025:12:11 05:46:45,"[1416.276123046875, 88.0570297241211, 2047.290771484375, 1467.1422119140625]",2025-12-11 05:46:45
IMAG0165.JPG,animal,0.537,2025:12:11 05:46:45,"[58.59394454956055, 814.8482666015625, 1315.158447265625, 1456.7044677734375]",2025-12-11 05:46:45
IMAG0165.JPG,animal,0.467,2025:12:11 05:46:45,"[828.3185424804688, 310.2423400878906, 1715.9329833984375, 1143.7467041015625]",2025-12-11 05:46:45
IMAG1290.JPG,animal,0.582,2026:01:01 07:15:54,"[615.9932861328125, 679.9071044921875, 679.5435791015625, 736.4193115234375]",2026-01-01 07:15:54
IMAG1284.JPG,Empty,0.0,2026:01:01 04:12:12,,2026-01-01 04:12:12
IMAG1285.JPG,animal,0.87,2026:01:01 05:31:13,"[1081.49169921875, 1028.8536376953125, 1347.650146484375, 1221.1329345703125]",2026-01-01 05:31:13
IMAG1291.JPG,Empty,0.0,2026:01:01 07:25:55,,2026-01-01 07:25:55
IMAG2015.JPG,Empty,0.0,2026:01:08 18:59:13,,2026-01-08 18:59:13
IMAG0164.JPG,animal,0.707,2025:12:11 05:36:45,"[1502.5904541015625, 0.9203125238418579, 2048.0, 1161.5399169921875]",2025-12-11 05:36:45
IMAG0170.JPG,animal,0.649,2025:12:11 07:46:24,"[1437.0867919921875, 66.24836730957031, 1589.437255859375, 145.43722534179688]",2025-12-11 07:46:24
IMAG2001.JPG,Empty,0.0,2026:01:08 16:24:22,,2026-01-08 16:24:22
IMAG1508.JPG,Empty,0.0,2026:01:03 11:21:36,,2026-01-03 11:21:36
IMAG2029.JPG,animal,0.829,2026:01:08 22:13:11,"[954.0763549804688, 1061.256591796875, 1041.3841552734375, 1210.06396484375]",2026-01-08 22:13:11
IMAG1520.JPG,Empty,0.0,2026:01:03 14:00:26,,2026-01-03 14:00:26
IMAG0158.JPG,animal,0.926,2025:12:11 01:41:21,"[0.0, 109.76274108886719, 609.6478271484375, 1451.4683837890625]",2025-12-11 01:41:21
IMAG1534.JPG,animal,0.854,2026:01:03 16:56:48,"[1103.713623046875, 1082.013916015625, 1268.3709716796875, 1216.6767578125]",2026-01-03 16:56:48
IMAG1905.JPG,Empty,0.0,2026:01:07 17:41:47,,2026-01-07 17:41:47
IMAG1911.JPG,animal,0.931,2026:01:07 18:42:51,"[1335.215087890625, 879.9600830078125, 1652.6285400390625, 1191.991943359375]",2026-01-07 18:42:51
IMAG1911.JPG,animal,0.92,2026:01:07 18:42:51,"[1223.737548828125, 631.2073974609375, 1575.088623046875, 848.7542724609375]",2026-01-07 18:42:51
IMAG1911.JPG,animal,0.896,2026:01:07 18:42:51,"[1750.2738037109375, 927.8509521484375, 1968.623046875, 1141.706298828125]",2026-01-07 18:42:51
IMAG1911.JPG,animal,0.887,2026:01:07 18:42:51,"[1189.1038818359375, 989.0665283203125, 1405.503173828125, 1152.837646484375]",2026-01-07 18:42:51
IMAG1911.JPG,animal,0.775,2026:01:07 18:42:51,"[966.7464599609375, 1037.9970703125, 1223.7154541015625, 1242.3187255859375]",2026-01-07 18:42:51
IMAG1911.JPG,animal,0.425,2026:01:07 18:42:51,"[492.21746826171875, 1322.895751953125, 551.6396484375, 1414.146240234375]",2026-01-07 18:42:51
IMAG1939.JPG,animal,0.964,2026:01:08 02:19:16,"[0.0, 0.2715820372104645, 2048.0, 1471.5035400390625]",2026-01-08 02:19:16
IMAG2217.JPG,Empty,0.0,2026:01:11 09:21:56,,2026-01-11 09:21:56
IMAG2203.JPG,animal,0.965,2026:01:11 03:03:41,"[37.586181640625, 142.5322723388672, 1070.2935791015625, 1401.5970458984375]",2026-01-11 03:03:41
IMAG1722.JPG,animal,0.832,2026:01:05 19:11:49,"[1443.0845947265625, 928.58984375, 1667.9410400390625, 1133.1292724609375]",2026-01-05 19:11:49
IMAG1722.JPG,animal,0.634,2026:01:05 19:11:49,"[999.5809326171875, 803.4425659179688, 1111.528564453125, 870.0056762695312]",2026-01-05 19:11:49
IMAG1722.JPG,animal,0.28,2026:01:05 19:11:49,"[1205.3612060546875, 753.5181884765625, 1276.492431640625, 810.2560424804688]",2026-01-05 19:11:49
IMAG1736.JPG,Empty,0.0,2026:01:06 02:57:24,,2026-01-06 02:57:24
IMAG1871.JPG,animal,0.958,2026:01:07 11:47:04,"[0.0077148438431322575, 511.8214416503906, 580.6674194335938, 1435.5338134765625]",2026-01-07 11:47:04
IMAG1865.JPG,Empty,0.0,2026:01:07 10:39:35,,2026-01-07 10:39:35
IMAG1695.JPG,Empty,0.0,2026:01:05 13:46:45,,2026-01-05 13:46:45
IMAG1859.JPG,animal,0.544,2026:01:07 09:36:18,"[877.2247924804688, 1220.6435546875, 959.0855712890625, 1326.8187255859375]",2026-01-07 09:36:18
IMAG1859.JPG,animal,0.511,2026:01:07 09:36:18,"[762.2739868164062, 1370.2298583984375, 871.1500244140625, 1449.3638916015625]",2026-01-07 09:36:18
IMAG1859.JPG,animal,0.43,2026:01:07 09:36:18,"[1157.03466796875, 1264.216064453125, 1328.9688720703125, 1393.234130859375]",2026-01-07 09:36:18
IMAG1681.JPG,Empty,0.0,2026:01:05 10:46:21,,2026-01-05 10:46:21
IMAG2388.JPG,Empty,0.0,2026:01:15 09:32:14,,2026-01-15 09:32:14
IMAG2405.JPG,animal,0.946,2026:01:15 15:32:07,"[960.1697387695312, 784.634765625, 1282.5478515625, 1124.4755859375]",2026-01-15 15:32:07
IMAG2363.JPG,Empty,0.0,2026:01:14 10:58:37,,2026-01-14 10:58:37
IMAG2377.JPG,animal,0.7,2026:01:15 05:01:14,"[316.14495849609375, 1086.931396484375, 529.5946655273438, 1239.4052734375]",2026-01-15 05:01:14
IMAG2411.JPG,Empty,0.0,2026:01:15 18:43:10,,2026-01-15 18:43:10
IMAG2439.JPG,Empty,0.0,2026:01:16 17:20:38,,2026-01-16 17:20:38
IMAG1656.JPG,animal,0.643,2026:01:04 22:40:15,"[1398.7398681640625, 897.3353271484375, 1730.906005859375, 1096.3173828125]",2026-01-04 22:40:15
IMAG1642.JPG,Empty,0.0,2026:01:04 18:04:35,,2026-01-04 18:04:35
IMAG1497.JPG,Empty,0.0,2026:01:03 09:10:48,,2026-01-03 09:10:48
IMAG1483.JPG,Empty,0.0,2026:01:03 06:20:47,,2026-01-03 06:20:47
IMAG1468.JPG,animal,0.929,2026:01:02 22:52:46,"[935.8956909179688, 676.7156372070312, 1608.3843994140625, 1196.3997802734375]",2026-01-02 22:52:46
IMAG1468.JPG,animal,0.846,2026:01:02 22:52:46,"[1808.148681640625, 186.0561065673828, 2048.0, 1115.836669921875]",2026-01-02 22:52:46
IMAG1468.JPG,animal,0.72,2026:01:02 22:52:46,"[1630.514892578125, 830.4030151367188, 1886.4058837890625, 1078.9725341796875]",2026-01-02 22:52:46
IMAG2161.JPG,animal,0.361,2026:01:10 10:00:46,"[0.21296386420726776, 9.710199356079102, 69.61167907714844, 199.62606811523438]",2026-01-10 10:00:46
IMAG0010.JPG,animal,0.611,2025:12:08 18:12:25,"[336.81109619140625, 1255.2498779296875, 394.4220275878906, 1360.08740234375]",2025-12-08 18:12:25
IMAG0010.JPG,animal,0.406,2025:12:08 18:12:25,"[704.8150634765625, 1161.132568359375, 785.3114013671875, 1249.00390625]",2025-12-08 18:12:25
IMAG0004.JPG,Empty,0.0,2025:12:08 17:04:26,,2025-12-08 17:04:26
IMAG2175.JPG,animal,0.932,2026:01:10 13:09:05,"[732.5211181640625, 385.76348876953125, 1095.6353759765625, 646.8370971679688]",2026-01-10 13:09:05
IMAG1454.JPG,animal,0.969,2026:01:02 19:08:38,"[1427.21533203125, 599.6856689453125, 1901.526611328125, 1136.090087890625]",2026-01-02 19:08:38
IMAG1332.JPG,Empty,0.0,2026:01:01 15:20:14,,2026-01-01 15:20:14
IMAG1326.JPG,animal,0.877,2026:01:01 14:15:16,"[613.867919921875, 938.98779296875, 799.3012084960938, 1110.58740234375]",2026-01-01 14:15:16
IMAG0038.JPG,animal,0.543,2025:12:09 08:43:11,"[1057.67236328125, 804.0447998046875, 1145.401123046875, 862.31689453125]",2025-12-09 08:43:11
IMAG1440.JPG,Empty,0.0,2026:01:02 16:30:31,,2026-01-02 16:30:31
IMAG2149.JPG,animal,0.974,2026:01:10 07:26:02,"[1039.1431884765625, 145.07608032226562, 1761.433349609375, 1137.538818359375]",2026-01-10 07:26:02
IMAG2150.JPG,animal,0.977,2026:01:10 07:42:30,"[1318.4818115234375, 231.92538452148438, 2047.672119140625, 1134.2855224609375]",2026-01-10 07:42:30
IMAG1459.JPG,Empty,0.0,2026:01:02 20:25:41,,2026-01-02 20:25:41
IMAG0021.JPG,animal,0.936,2025:12:09 02:17:47,"[0.24167481064796448, 772.1322021484375, 473.26885986328125, 1165.0648193359375]",2025-12-09 02:17:47
IMAG0035.JPG,animal,0.872,2025:12:09 07:59:23,"[922.9225463867188, 674.21484375, 1117.28466796875, 794.3375854492188]",2025-12-09 07:59:23
IMAG2144.JPG,animal,0.912,2026:01:10 06:30:42,"[463.323486328125, 1048.072021484375, 803.7396240234375, 1274.213134765625]",2026-01-10 06:30:42
IMAG1465.JPG,animal,0.743,2026:01:02 22:22:43,"[1629.0823974609375, 477.9214782714844, 2048.0, 1194.005126953125]",2026-01-02 22:22:43
IMAG1303.JPG,Empty,0.0,2026:01:01 09:58:00,,2026-01-01 09:58:00
IMAG0009.JPG,animal,0.68,2025:12:08 18:02:17,"[1130.276611328125, 1302.309326171875, 1268.211669921875, 1457.8863525390625]",2025-12-08 18:02:17
IMAG0009.JPG,animal,0.405,2025:12:08 18:02:17,"[855.8327026367188, 1127.8426513671875, 963.2229614257812, 1242.755126953125]",2025-12-08 18:02:17
IMAG0009.JPG,animal,0.396,2025:12:08 18:02:17,"[737.545654296875, 1244.095947265625, 811.4140014648438, 1351.734130859375]",2025-12-08 18:02:17
IMAG1317.JPG,animal,0.891,2026:01:01 12:37:08,"[1557.4796142578125, 644.8353271484375, 1755.451416015625, 761.4207763671875]",2026-01-01 12:37:08
IMAG2178.JPG,Empty,0.0,2026:01:10 13:55:01,,2026-01-10 13:55:01
IMAG1471.JPG,animal,0.956,2026:01:02 23:22:49,"[1130.728759765625, 488.3177185058594, 2046.1611328125, 1348.8717041015625]",2026-01-02 23:22:49
IMAG1471.JPG,animal,0.937,2026:01:02 23:22:49,"[0.3587890565395355, 0.0, 886.2916259765625, 1469.5152587890625]",2026-01-02 23:22:49
IMAG2193.JPG,animal,0.961,2026:01:10 19:25:22,"[749.1885986328125, 1056.394287109375, 1291.0343017578125, 1474.3177490234375]",2026-01-10 19:25:22
IMAG2187.JPG,Empty,0.0,2026:01:10 17:16:22,,2026-01-10 17:16:22
IMAG2434.JPG,animal,0.956,2026:01:16 12:18:57,"[1542.337158203125, 806.7775268554688, 1812.83203125, 1133.658203125]",2026-01-16 12:18:57
IMAG1883.JPG,animal,0.974,2026:01:07 13:54:39,"[0.08256836235523224, 265.5982360839844, 1520.1656494140625, 1469.896484375]",2026-01-07 13:54:39
IMAG1883.JPG,animal,0.857,2026:01:07 13:54:39,"[363.0121154785156, 895.9884643554688, 716.0916137695312, 1242.7349853515625]",2026-01-07 13:54:39
IMAG1883.JPG,animal,0.855,2026:01:07 13:54:39,"[1304.068603515625, 471.4248046875, 2048.0, 1143.907958984375]",2026-01-07 13:54:39
IMAG1883.JPG,animal,0.802,2026:01:07 13:54:39,"[1627.8116455078125, 890.5597534179688, 1844.779052734375, 1138.7701416015625]",2026-01-07 13:54:39
IMAG2352.JPG,animal,0.871,2026:01:14 03:28:00,"[1140.407470703125, 879.9176635742188, 1456.093017578125, 1155.47314453125]",2026-01-14 03:28:00
IMAG2346.JPG,animal,0.827,2026:01:13 21:56:05,"[1527.836181640625, 3.1150879859924316, 2048.0, 1156.91015625]",2026-01-13 21:56:05
IMAG1897.JPG,animal,0.944,2026:01:07 16:20:11,"[1321.6397705078125, 792.5530395507812, 1662.884033203125, 1146.317138671875]",2026-01-07 16:20:11
IMAG2420.JPG,animal,0.977,2026:01:16 05:31:47,"[0.14365234971046448, 0.17768554389476776, 1122.68408203125, 1470.066162109375]",2026-01-16 05:31:47
IMAG2408.JPG,Empty,0.0,2026:01:15 16:56:31,,2026-01-15 16:56:31
IMAG1667.JPG,Empty,0.0,2026:01:05 07:05:25,,2026-01-05 07:05:25
IMAG1673.JPG,Empty,0.0,2026:01:05 08:55:37,,2026-01-05 08:55:37
IMAG2391.JPG,Empty,0.0,2026:01:15 10:58:37,,2026-01-15 10:58:37
IMAG1698.JPG,Empty,0.0,2026:01:05 14:26:03,,2026-01-05 14:26:03
IMAG1840.JPG,Empty,0.0,2026:01:07 05:36:54,,2026-01-07 05:36:54
IMAG1854.JPG,animal,0.803,2026:01:07 08:39:03,"[556.470703125, 1250.257080078125, 687.5836791992188, 1366.538330078125]",2026-01-07 08:39:03
IMAG1854.JPG,animal,0.756,2026:01:07 08:39:03,"[811.6026611328125, 1168.0218505859375, 891.1658935546875, 1264.326904296875]",2026-01-07 08:39:03
IMAG1854.JPG,animal,0.65,2026:01:07 08:39:03,"[1070.9954833984375, 1248.4720458984375, 1147.9576416015625, 1425.464599609375]",2026-01-07 08:39:03
IMAG1854.JPG,animal,0.519,2026:01:07 08:39:03,"[408.54022216796875, 1225.406005859375, 479.23162841796875, 1299.404541015625]",2026-01-07 08:39:03
IMAG1854.JPG,animal,0.487,2026:01:07 08:39:03,"[1054.2144775390625, 1129.158447265625, 1143.967529296875, 1201.6492919921875]",2026-01-07 08:39:03
IMAG1854.JPG,animal,0.402,2026:01:07 08:39:03,"[977.7428588867188, 1196.389892578125, 1081.343505859375, 1266.6995849609375]",2026-01-07 08:39:03
IMAG1854.JPG,animal,0.389,2026:01:07 08:39:03,"[997.2662963867188, 1234.5634765625, 1133.551513671875, 1344.6962890625]",2026-01-07 08:39:03
IMAG2385.JPG,animal,0.98,2026:01:15 08:30:30,"[0.0, 0.13579101860523224, 2047.4749755859375, 1472.6949462890625]",2026-01-15 08:30:30
IMAG1868.JPG,Empty,0.0,2026:01:07 11:14:45,,2026-01-07 11:14:45
IMAG2226.JPG,Empty,0.0,2026:01:11 13:42:19,,2026-01-11 13:42:19
IMAG2232.JPG,Empty,0.0,2026:01:11 15:49:43,,2026-01-11 15:49:43
IMAG1713.JPG,Empty,0.0,2026:01:05 17:30:14,,2026-01-05 17:30:14
IMAG1707.JPG,animal,0.855,2026:01:05 16:27:59,"[1329.4161376953125, 101.7832260131836, 1481.83544921875, 278.1613464355469]",2026-01-05 16:27:59
IMAG1707.JPG,animal,0.828,2026:01:05 16:27:59,"[1750.8883056640625, 500.43450927734375, 1931.140625, 613.5155029296875]",2026-01-05 16:27:59
IMAG1707.JPG,animal,0.603,2026:01:05 16:27:59,"[1839.2672119140625, 401.2738342285156, 1918.3375244140625, 485.9837951660156]",2026-01-05 16:27:59
IMAG1707.JPG,animal,0.539,2026:01:05 16:27:59,"[1923.5787353515625, 377.896484375, 2047.3599853515625, 448.966796875]",2026-01-05 16:27:59
IMAG1707.JPG,animal,0.538,2026:01:05 16:27:59,"[900.2941284179688, 1131.623779296875, 959.9779052734375, 1193.4251708984375]",2026-01-05 16:27:59
IMAG1707.JPG,animal,0.455,2026:01:05 16:27:59,"[937.6068115234375, 1170.5142822265625, 1011.9328002929688, 1234.477783203125]",2026-01-05 16:27:59
IMAG1707.JPG,animal,0.371,2026:01:05 16:27:59,"[1063.627685546875, 1160.8616943359375, 1169.3089599609375, 1216.5218505859375]",2026-01-05 16:27:59
IMAG1707.JPG,animal,0.322,2026:01:05 16:27:59,"[1002.1575317382812, 1144.776123046875, 1061.619873046875, 1228.314208984375]",2026-01-05 16:27:59
IMAG1934.JPG,animal,0.936,2026:01:08 01:19:51,"[112.80537414550781, 108.6587905883789, 647.2154541015625, 1421.731201171875]",2026-01-08 01:19:51
IMAG1934.JPG,animal,0.923,2026:01:08 01:19:51,"[1013.7662353515625, 548.5157470703125, 1844.4720458984375, 1241.989990234375]",2026-01-08 01:19:51
IMAG1934.JPG,animal,0.738,2026:01:08 01:19:51,"[0.18172606825828552, 703.3038330078125, 249.4521026611328, 1070.831298828125]",2026-01-08 01:19:51
IMAG1920.JPG,Empty,0.0,2026:01:07 20:43:07,,2026-01-07 20:43:07
IMAG1908.JPG,animal,0.901,2026:01:07 18:12:35,"[1349.970947265625, 974.3426513671875, 1566.9320068359375, 1159.57373046875]",2026-01-07 18:12:35
IMAG1908.JPG,animal,0.376,2026:01:07 18:12:35,"[885.5125122070312, 1214.41015625, 997.8841552734375, 1361.3304443359375]",2026-01-07 18:12:35
IMAG2024.JPG,Empty,0.0,2026:01:08 21:06:33,,2026-01-08 21:06:33
IMAG0155.JPG,animal,0.902,2025:12:10 21:48:18,"[586.3526611328125, 1063.28564453125, 917.9691162109375, 1223.392333984375]",2025-12-10 21:48:18
IMAG0141.JPG,Empty,0.0,2025:12:10 17:19:06,,2025-12-10 17:19:06
IMAG1539.JPG,Empty,0.0,2026:01:03 17:48:05,,2026-01-03 17:48:05
IMAG2030.JPG,Empty,0.0,2026:01:08 22:25:46,,2026-01-08 22:25:46
IMAG1511.JPG,Empty,0.0,2026:01:03 12:11:18,,2026-01-03 12:11:18
IMAG2018.JPG,animal,0.959,2026:01:08 19:39:14,"[1426.028076171875, 856.8309326171875, 1730.1243896484375, 1094.2901611328125]",2026-01-08 19:39:14
IMAG0169.JPG,animal,0.573,2025:12:11 07:11:50,"[684.0869750976562, 1349.630615234375, 761.6752319335938, 1471.712646484375]",2025-12-11 07:11:50
IMAG0169.JPG,animal,0.356,2025:12:11 07:11:50,"[892.8323974609375, 1114.062744140625, 979.6788940429688, 1192.3092041015625]",2025-12-11 07:11:50
IMAG0169.JPG,animal,0.267,2025:12:11 07:11:50,"[1153.404541015625, 1296.1019287109375, 1267.2711181640625, 1433.228271484375]",2025-12-11 07:11:50
IMAG0169.JPG,animal,0.25,2025:12:11 07:11:50,"[1079.0423583984375, 1246.5616455078125, 1183.9644775390625, 1335.14111328125]",2025-12-11 07:11:50
IMAG1505.JPG,animal,0.8,2026:01:03 10:48:10,"[775.90185546875, 1046.096923828125, 898.59716796875, 1145.0362548828125]",2026-01-03 10:48:10
IMAG1505.JPG,animal,0.456,2026:01:03 10:48:10,"[522.2218627929688, 1242.9012451171875, 593.86865234375, 1307.13525390625]",2026-01-03 10:48:10
IMAG1288.JPG,Empty,0.0,2026:01:01 06:53:53,,2026-01-01 06:53:53
IMAG0182.JPG,animal,0.94,2025:12:11 10:18:17,"[1290.3387451171875, 934.5769653320312, 1614.280029296875, 1141.8232421875]",2025-12-11 10:18:17
IMAG0182.JPG,animal,0.824,2025:12:11 10:18:17,"[1713.950927734375, 914.27099609375, 1883.984619140625, 1153.916748046875]",2025-12-11 10:18:17
IMAG0182.JPG,animal,0.691,2025:12:11 10:18:17,"[685.0503540039062, 1317.442138671875, 804.038330078125, 1440.1455078125]",2025-12-11 10:18:17
IMAG0182.JPG,animal,0.573,2025:12:11 10:18:17,"[1817.8701171875, 910.2262573242188, 1914.1939697265625, 1132.4376220703125]",2025-12-11 10:18:17
IMAG0182.JPG,animal,0.561,2025:12:11 10:18:17,"[548.988037109375, 1385.1337890625, 639.659423828125, 1471.6357421875]",2025-12-11 10:18:17
IMAG0182.JPG,animal,0.507,2025:12:11 10:18:17,"[929.2791137695312, 1208.369384765625, 989.05078125, 1331.899658203125]",2025-12-11 10:18:17
IMAG0182.JPG,animal,0.366,2025:12:11 10:18:17,"[958.4763793945312, 1258.488525390625, 1034.653076171875, 1367.99755859375]",2025-12-11 10:18:17
IMAG0182.JPG,animal,0.285,2025:12:11 10:18:17,"[1090.4281005859375, 1165.096435546875, 1191.4769287109375, 1239.78271484375]",2025-12-11 10:18:17
IMAG0182.JPG,animal,0.283,2025:12:11 10:18:17,"[939.6246948242188, 1180.7193603515625, 1038.8836669921875, 1278.3492431640625]",2025-12-11 10:18:17
IMAG0182.JPG,animal,0.267,2025:12:11 10:18:17,"[946.5509033203125, 1294.103759765625, 1036.00146484375, 1427.5966796875]",2025-12-11 10:18:17
IMAG0183.JPG,animal,0.932,2025:12:11 10:28:29,"[1698.129638671875, 895.5753784179688, 2046.942626953125, 1150.0361328125]",2025-12-11 10:28:29
IMAG0183.JPG,animal,0.831,2025:12:11 10:28:29,"[1499.434326171875, 1005.8502197265625, 1684.5179443359375, 1153.772216796875]",2025-12-11 10:28:29
IMAG0183.JPG,animal,0.821,2025:12:11 10:28:29,"[1608.9951171875, 911.3922729492188, 1830.5560302734375, 1148.11376953125]",2025-12-11 10:28:29
IMAG0183.JPG,animal,0.593,2025:12:11 10:28:29,"[958.1056518554688, 1214.9620361328125, 1115.190673828125, 1318.03271484375]",2025-12-11 10:28:29
IMAG0183.JPG,animal,0.498,2025:12:11 10:28:29,"[997.8689575195312, 1299.276611328125, 1124.9417724609375, 1410.8695068359375]",2025-12-11 10:28:29
IMAG1289.JPG,Empty,0.0,2026:01:01 07:05:54,,2026-01-01 07:05:54
IMAG1504.JPG,animal,0.87,2026:01:03 10:38:04,"[908.0690307617188, 756.7837524414062, 1067.899169921875, 903.8576049804688]",2026-01-03 10:38:04
IMAG1504.JPG,animal,0.588,2026:01:03 10:38:04,"[751.9036865234375, 1045.843017578125, 810.8651123046875, 1137.1719970703125]",2026-01-03 10:38:04
IMAG2019.JPG,Empty,0.0,2026:01:08 20:01:42,,2026-01-08 20:01:42
IMAG1510.JPG,animal,0.885,2026:01:03 11:50:45,"[546.191650390625, 916.2052612304688, 712.3261108398438, 1150.300048828125]",2026-01-03 11:50:45
IMAG0168.JPG,animal,0.373,2025:12:11 07:01:47,"[1036.012451171875, 1102.5023193359375, 1123.631103515625, 1175.998291015625]",2025-12-11 07:01:47
IMAG0140.JPG,Empty,0.0,2025:12:10 17:07:13,,2025-12-10 17:07:13
IMAG2031.JPG,animal,0.327,2026:01:08 22:36:48,"[864.7443237304688, 677.5455932617188, 1081.354736328125, 877.63623046875]",2026-01-08 22:36:48
IMAG1538.JPG,animal,0.876,2026:01:03 17:38:01,"[1826.864013671875, 1021.7503662109375, 2009.287109375, 1136.6966552734375]",2026-01-03 17:38:01
IMAG1538.JPG,animal,0.553,2026:01:03 17:38:01,"[894.7311401367188, 979.5221557617188, 985.0930786132812, 1044.169677734375]",2026-01-03 17:38:01
IMAG2025.JPG,animal,0.436,2026:01:08 21:17:29,"[0.0, 3.851489305496216, 624.2820434570312, 425.83563232421875]",2026-01-08 21:17:29
IMAG0154.JPG,animal,0.957,2025:12:10 20:36:43,"[0.0, 1.5373046398162842, 602.1393432617188, 1250.7344970703125]",2025-12-10 20:36:43
IMAG1909.JPG,animal,0.967,2026:01:07 18:22:50,"[1193.9046630859375, 617.1809692382812, 1873.177001953125, 1197.030029296875]",2026-01-07 18:22:50
IMAG1921.JPG,Empty,0.0,2026:01:07 20:59:02,,2026-01-07 20:59:02
IMAG1935.JPG,animal,0.801,2026:01:08 01:29:52,"[1878.737060546875, 812.5173950195312, 2047.74609375, 1124.6295166015625]",2026-01-08 01:29:52
IMAG1935.JPG,animal,0.67,2026:01:08 01:29:52,"[1059.311767578125, 866.8385620117188, 1335.4014892578125, 1060.7596435546875]",2026-01-08 01:29:52
IMAG1706.JPG,animal,0.88,2026:01:05 16:17:54,"[728.8134765625, 755.0584716796875, 983.2130737304688, 971.15673828125]",2026-01-05 16:17:54
IMAG1706.JPG,animal,0.856,2026:01:05 16:17:54,"[1004.8322143554688, 1248.0345458984375, 1149.235595703125, 1345.976806640625]",2026-01-05 16:17:54
IMAG1706.JPG,animal,0.816,2026:01:05 16:17:54,"[241.1657257080078, 1332.0762939453125, 373.34124755859375, 1425.22900390625]",2026-01-05 16:17:54
IMAG1706.JPG,animal,0.67,2026:01:05 16:17:54,"[1138.237060546875, 1137.368408203125, 1227.918701171875, 1222.505859375]",2026-01-05 16:17:54
IMAG1706.JPG,animal,0.622,2026:01:05 16:17:54,"[1000.3297119140625, 1138.2313232421875, 1115.8294677734375, 1246.67919921875]",2026-01-05 16:17:54
IMAG1706.JPG,animal,0.483,2026:01:05 16:17:54,"[882.8977661132812, 1188.9166259765625, 1021.6387939453125, 1329.5211181640625]",2026-01-05 16:17:54
IMAG1706.JPG,animal,0.4,2026:01:05 16:17:54,"[947.2899169921875, 1116.5499267578125, 1068.246826171875, 1213.9354248046875]",2026-01-05 16:17:54
IMAG1706.JPG,animal,0.327,2026:01:05 16:17:54,"[826.4442138671875, 1178.904052734375, 878.29736328125, 1248.6031494140625]",2026-01-05 16:17:54
IMAG1706.JPG,animal,0.322,2026:01:05 16:17:54,"[987.5514526367188, 1077.673095703125, 1014.9430541992188, 1122.1787109375]",2026-01-05 16:17:54
IMAG1712.JPG,Empty,0.0,2026:01:05 17:20:03,,2026-01-05 17:20:03
IMAG2233.JPG,animal,0.964,2026:01:11 16:00:52,"[1771.125, 695.2232666015625, 2047.8125, 1130.3551025390625]",2026-01-11 16:00:52
IMAG2227.JPG,Empty,0.0,2026:01:11 13:59:24,,2026-01-11 13:59:24
IMAG1869.JPG,animal,0.929,2026:01:07 11:24:47,"[1617.988525390625, 968.5558471679688, 1858.726806640625, 1136.126708984375]",2026-01-07 11:24:47
IMAG1869.JPG,animal,0.269,2026:01:07 11:24:47,"[908.2720947265625, 1217.6702880859375, 1057.915283203125, 1326.6878662109375]",2026-01-07 11:24:47
IMAG2384.JPG,animal,0.925,2026:01:15 08:20:30,"[1293.752685546875, 159.8102569580078, 2047.8297119140625, 1153.93505859375]",2026-01-15 08:20:30
IMAG2384.JPG,animal,0.878,2026:01:15 08:20:30,"[1043.35546875, 807.8074340820312, 1278.849853515625, 1146.9732666015625]",2026-01-15 08:20:30
IMAG2384.JPG,animal,0.281,2026:01:15 08:20:30,"[1039.406982421875, 876.2928466796875, 1182.0721435546875, 1136.017333984375]",2026-01-15 08:20:30
IMAG1855.JPG,animal,0.662,2026:01:07 08:51:04,"[1450.2069091796875, 788.0763549804688, 1576.824951171875, 876.830078125]",2026-01-07 08:51:04
IMAG1855.JPG,animal,0.476,2026:01:07 08:51:04,"[543.5174560546875, 1058.5762939453125, 587.4649658203125, 1148.324462890625]",2026-01-07 08:51:04
IMAG1841.JPG,Empty,0.0,2026:01:07 06:18:32,,2026-01-07 06:18:32
IMAG1699.JPG,Empty,0.0,2026:01:05 14:53:01,,2026-01-05 14:53:01
IMAG2390.JPG,animal,0.566,2026:01:15 10:08:42,"[216.27572631835938, 877.5706176757812, 303.72198486328125, 938.8385620117188]",2026-01-15 10:08:42
IMAG2390.JPG,animal,0.373,2026:01:15 10:08:42,"[0.07976684719324112, 705.3150634765625, 120.9345703125, 1073.0806884765625]",2026-01-15 10:08:42
IMAG1672.JPG,Empty,0.0,2026:01:05 08:42:09,,2026-01-05 08:42:09
IMAG2409.JPG,Empty,0.0,2026:01:15 17:11:05,,2026-01-15 17:11:05
IMAG1666.JPG,animal,0.367,2026:01:05 06:55:19,"[961.8262939453125, 777.34521484375, 1015.8533935546875, 838.0574951171875]",2026-01-05 06:55:19
IMAG1896.JPG,animal,0.955,2026:01:07 16:09:31,"[278.5335998535156, 830.2374267578125, 658.0059814453125, 1375.647216796875]",2026-01-07 16:09:31
IMAG2347.JPG,animal,0.874,2026:01:13 22:47:39,"[261.3470458984375, 1098.498291015625, 801.3206787109375, 1365.5003662109375]",2026-01-13 22:47:39
IMAG2421.JPG,animal,0.844,2026:01:16 06:31:39,"[1421.394287109375, 943.5174560546875, 1603.2244873046875, 1147.347900390625]",2026-01-16 06:31:39
IMAG2421.JPG,animal,0.803,2026:01:16 06:31:39,"[990.9212646484375, 1204.1572265625, 1112.808837890625, 1350.1527099609375]",2026-01-16 06:31:39
IMAG2421.JPG,animal,0.564,2026:01:16 06:31:39,"[1127.07861328125, 1147.8006591796875, 1229.873779296875, 1248.2108154296875]",2026-01-16 06:31:39
IMAG2421.JPG,animal,0.382,2026:01:16 06:31:39,"[922.9850463867188, 1158.6058349609375, 1005.3190307617188, 1262.9625244140625]",2026-01-16 06:31:39
IMAG2435.JPG,Empty,0.0,2026:01:16 13:33:55,,2026-01-16 13:33:55
IMAG2353.JPG,animal,0.591,2026:01:14 03:38:53,"[1506.734130859375, 851.9837646484375, 1818.0823974609375, 1080.4521484375]",2026-01-14 03:38:53
IMAG1882.JPG,animal,0.931,2026:01:07 13:44:38,"[151.56820678710938, 500.1145935058594, 1327.5064697265625, 1429.4652099609375]",2026-01-07 13:44:38
IMAG1882.JPG,animal,0.705,2026:01:07 13:44:38,"[0.0, 770.4597778320312, 255.503662109375, 1308.077392578125]",2026-01-07 13:44:38
IMAG1882.JPG,animal,0.59,2026:01:07 13:44:38,"[1116.5872802734375, 630.8065795898438, 1675.0699462890625, 1137.777099609375]",2026-01-07 13:44:38
IMAG1882.JPG,animal,0.546,2026:01:07 13:44:38,"[1130.102294921875, 524.5238647460938, 2048.0, 1399.5074462890625]",2026-01-07 13:44:38
IMAG2186.JPG,Empty,0.0,2026:01:10 16:57:04,,2026-01-10 16:57:04
IMAG2192.JPG,animal,0.861,2026:01:10 19:11:38,"[31.036914825439453, 325.0926208496094, 511.9365234375, 701.038818359375]",2026-01-10 19:11:38
IMAG1316.JPG,animal,0.46,2026:01:01 12:26:17,"[1636.688232421875, 698.6047973632812, 1703.4931640625, 753.4329833984375]",2026-01-01 12:26:17
IMAG1316.JPG,animal,0.355,2026:01:01 12:26:17,"[1419.474365234375, 561.2840576171875, 1480.360107421875, 614.3115844726562]",2026-01-01 12:26:17
IMAG0008.JPG,animal,0.335,2025:12:08 17:52:09,"[919.1378173828125, 816.2576293945312, 1071.589111328125, 907.9541015625]",2025-12-08 17:52:09
IMAG1470.JPG,animal,0.926,2026:01:02 23:12:48,"[1194.6029052734375, 0.0, 2048.0, 1395.3994140625]",2026-01-02 23:12:48
IMAG2179.JPG,animal,0.907,2026:01:10 14:18:12,"[442.50225830078125, 1054.1009521484375, 775.3304443359375, 1280.400146484375]",2026-01-10 14:18:12
IMAG1464.JPG,Empty,0.0,2026:01:02 21:52:03,,2026-01-02 21:52:03
IMAG1302.JPG,animal,0.761,2026:01:01 09:47:50,"[839.7478637695312, 1021.6031494140625, 892.6448974609375, 1136.739990234375]",2026-01-01 09:47:50
IMAG0034.JPG,animal,0.922,2025:12:09 07:49:14,"[625.9807739257812, 754.834228515625, 788.12939453125, 939.1209106445312]",2025-12-09 07:49:14
IMAG0034.JPG,animal,0.885,2025:12:09 07:49:14,"[1050.38232421875, 1262.876953125, 1282.31591796875, 1383.458984375]",2025-12-09 07:49:14
IMAG2145.JPG,animal,0.914,2026:01:10 06:41:58,"[341.37847900390625, 1133.571533203125, 1977.2259521484375, 1472.648193359375]",2026-01-10 06:41:58
IMAG1458.JPG,Empty,0.0,2026:01:02 20:15:03,,2026-01-02 20:15:03
IMAG2151.JPG,animal,0.97,2026:01:10 07:59:06,"[1394.0845947265625, 319.24554443359375, 2048.0, 1131.029052734375]",2026-01-10 07:59:06
IMAG0020.JPG,animal,0.969,2025:12:08 22:56:58,"[0.32368165254592896, 850.6463012695312, 887.4189453125, 1470.9957275390625]",2025-12-08 22:56:58
IMAG2147.JPG,animal,0.939,2026:01:10 07:03:19,"[357.95172119140625, 482.7613220214844, 858.9334106445312, 1093.182861328125]",2026-01-10 07:03:19
IMAG0036.JPG,Empty,0.0,2025:12:09 08:18:22,,2025-12-09 08:18:22
IMAG1328.JPG,animal,0.869,2026:01:01 14:36:01,"[561.7529296875, 893.4168701171875, 918.8048095703125, 1122.34033203125]",2026-01-01 14:36:01
IMAG0022.JPG,animal,0.86,2025:12:09 03:39:59,"[1512.582275390625, 86.5738754272461, 2048.0, 1123.3056640625]",2025-12-09 03:39:59
IMAG2153.JPG,animal,0.977,2026:01:10 08:24:15,"[1125.6724853515625, 22.846729278564453, 2048.0, 1130.9697265625]",2026-01-10 08:24:15
IMAG1472.JPG,animal,0.915,2026:01:02 23:32:50,"[1060.245361328125, 576.8064575195312, 1646.346435546875, 1241.4088134765625]",2026-01-02 23:32:50
IMAG1472.JPG,animal,0.799,2026:01:02 23:32:50,"[1427.4810791015625, 262.8173828125, 2048.0, 1127.062744140625]",2026-01-02 23:32:50
IMAG1314.JPG,animal,0.925,2026:01:01 12:03:10,"[1086.13525390625, 908.7604370117188, 1401.68603515625, 1143.39208984375]",2026-01-01 12:03:10
IMAG1300.JPG,Empty,0.0,2026:01:01 09:26:02,,2026-01-01 09:26:02
IMAG1466.JPG,animal,0.958,2026:01:02 22:32:44,"[1109.067626953125, 472.19329833984375, 2046.8043212890625, 1326.2396240234375]",2026-01-02 22:32:44
IMAG1466.JPG,animal,0.923,2026:01:02 22:32:44,"[290.48724365234375, 663.9461669921875, 617.7003173828125, 1278.661376953125]",2026-01-02 22:32:44
IMAG1466.JPG,animal,0.445,2026:01:02 22:32:44,"[1466.4432373046875, 627.3328247070312, 2048.0, 1144.229248046875]",2026-01-02 22:32:44
IMAG2184.JPG,animal,0.392,2026:01:10 15:56:52,"[1962.9417724609375, 805.5480346679688, 2048.0, 1114.055419921875]",2026-01-10 15:56:52
IMAG1499.JPG,animal,0.889,2026:01:03 09:35:28,"[1559.4013671875, 933.4857177734375, 1702.269287109375, 1131.9068603515625]",2026-01-03 09:35:28
IMAG1499.JPG,animal,0.615,2026:01:03 09:35:28,"[762.1566162109375, 1036.782958984375, 815.6785278320312, 1135.9443359375]",2026-01-03 09:35:28
IMAG2190.JPG,Empty,0.0,2026:01:10 18:30:05,,2026-01-10 18:30:05
IMAG2423.JPG,Empty,0.0,2026:01:16 06:56:13,,2026-01-16 06:56:13
IMAG2345.JPG,animal,0.847,2026:01:13 20:20:44,"[1532.298828125, 277.7921447753906, 2048.0, 1147.8997802734375]",2026-01-13 20:20:44
IMAG1894.JPG,animal,0.818,2026:01:07 15:46:25,"[1149.15771484375, 1080.481201171875, 1349.8897705078125, 1330.7581787109375]",2026-01-07 15:46:25
IMAG1880.JPG,animal,0.977,2026:01:07 13:24:35,"[0.0, 660.1179809570312, 1046.494140625, 1468.983154296875]",2026-01-07 13:24:35
IMAG1880.JPG,animal,0.908,2026:01:07 13:24:35,"[1077.34033203125, 994.0482177734375, 1278.97802734375, 1327.213623046875]",2026-01-07 13:24:35
IMAG1658.JPG,animal,0.971,2026:01:05 00:22:11,"[245.0789031982422, 453.34814453125, 1136.1929931640625, 1324.9998779296875]",2026-01-05 00:22:11
IMAG2351.JPG,animal,0.639,2026:01:14 03:16:14,"[1222.96240234375, 878.0178833007812, 1526.745849609375, 1072.0714111328125]",2026-01-14 03:16:14
IMAG2437.JPG,animal,0.923,2026:01:16 14:12:40,"[1594.733154296875, 312.0426330566406, 2048.0, 1160.8824462890625]",2026-01-16 14:12:40
IMAG1670.JPG,animal,0.773,2026:01:05 08:19:45,"[1211.2845458984375, 225.7552490234375, 1358.5390625, 318.4079895019531]",2026-01-05 08:19:45
IMAG1670.JPG,animal,0.387,2026:01:05 08:19:45,"[1380.5888671875, 440.33026123046875, 1431.3978271484375, 468.33367919921875]",2026-01-05 08:19:45
IMAG1670.JPG,animal,0.371,2026:01:05 08:19:45,"[1774.338623046875, 626.4024658203125, 1809.087890625, 694.0094604492188]",2026-01-05 08:19:45
IMAG1670.JPG,animal,0.269,2026:01:05 08:19:45,"[906.123046875, 1123.398681640625, 1016.1716918945312, 1241.8076171875]",2026-01-05 08:19:45
IMAG2379.JPG,Empty,0.0,2026:01:15 07:15:05,,2026-01-15 07:15:05
IMAG1664.JPG,animal,0.88,2026:01:05 06:34:02,"[1059.0458984375, 1245.0426025390625, 1154.3623046875, 1437.0921630859375]",2026-01-05 06:34:02
IMAG1857.JPG,Empty,0.0,2026:01:07 09:16:11,,2026-01-07 09:16:11
IMAG2386.JPG,Empty,0.0,2026:01:15 08:53:03,,2026-01-15 08:53:03
IMAG2392.JPG,Empty,0.0,2026:01:15 11:08:50,,2026-01-15 11:08:50
IMAG1843.JPG,Empty,0.0,2026:01:07 06:43:46,,2026-01-07 06:43:46
IMAG2231.JPG,animal,0.949,2026:01:11 15:36:28,"[1765.0589599609375, 767.04638671875, 2048.0, 1132.7401123046875]",2026-01-11 15:36:28
IMAG1738.JPG,Empty,0.0,2026:01:06 06:21:14,,2026-01-06 06:21:14
IMAG2225.JPG,Empty,0.0,2026:01:11 13:05:37,,2026-01-11 13:05:37
IMAG1704.JPG,animal,0.594,2026:01:05 15:47:25,"[647.8709716796875, 1326.462158203125, 888.1444091796875, 1472.3349609375]",2026-01-05 15:47:25
IMAG2219.JPG,Empty,0.0,2026:01:11 10:39:39,,2026-01-11 10:39:39
IMAG1710.JPG,animal,0.957,2026:01:05 16:59:58,"[1060.0406494140625, 790.3712768554688, 1337.834228515625, 1081.281982421875]",2026-01-05 16:59:58
IMAG1710.JPG,animal,0.816,2026:01:05 16:59:58,"[567.46533203125, 1200.1602783203125, 629.5992431640625, 1309.5330810546875]",2026-01-05 16:59:58
IMAG1710.JPG,animal,0.722,2026:01:05 16:59:58,"[0.0, 625.1832275390625, 106.42692565917969, 731.7257080078125]",2026-01-05 16:59:58
IMAG1710.JPG,animal,0.524,2026:01:05 16:59:58,"[1055.206298828125, 1137.4024658203125, 1114.9951171875, 1193.0762939453125]",2026-01-05 16:59:58
IMAG1710.JPG,animal,0.517,2026:01:05 16:59:58,"[1110.0252685546875, 1139.06494140625, 1206.151123046875, 1223.7059326171875]",2026-01-05 16:59:58
IMAG1710.JPG,animal,0.5,2026:01:05 16:59:58,"[882.1213989257812, 1087.072021484375, 929.5760498046875, 1197.992919921875]",2026-01-05 16:59:58
IMAG1710.JPG,animal,0.402,2026:01:05 16:59:58,"[932.72021484375, 1155.160400390625, 980.99853515625, 1211.7442626953125]",2026-01-05 16:59:58
IMAG1710.JPG,animal,0.399,2026:01:05 16:59:58,"[981.5364990234375, 1130.492919921875, 1036.1455078125, 1185.294189453125]",2026-01-05 16:59:58
IMAG1923.JPG,animal,0.962,2026:01:07 21:54:02,"[1073.325927734375, 568.224609375, 1647.584228515625, 1144.28125]",2026-01-07 21:54:02
IMAG1937.JPG,animal,0.94,2026:01:08 01:49:54,"[0.7247070074081421, 0.0, 1354.59228515625, 1469.28173828125]",2026-01-08 01:49:54
IMAG1937.JPG,animal,0.937,2026:01:08 01:49:54,"[1006.1355590820312, 617.7019653320312, 1858.9739990234375, 1293.7515869140625]",2026-01-08 01:49:54
IMAG1937.JPG,animal,0.701,2026:01:08 01:49:54,"[0.33027344942092896, 883.7994384765625, 855.283203125, 1378.964599609375]",2026-01-08 01:49:54
IMAG2033.JPG,Empty,0.0,2026:01:08 23:04:12,,2026-01-08 23:04:12
IMAG0142.JPG,animal,0.263,2025:12:10 17:31:34,"[1846.602294921875, 942.2799682617188, 1907.421142578125, 1006.69384765625]",2025-12-10 17:31:34
IMAG0156.JPG,animal,0.855,2025:12:11 01:09:08,"[1621.0533447265625, 122.069580078125, 2047.9013671875, 1131.399658203125]",2025-12-11 01:09:08
IMAG2027.JPG,Empty,0.0,2026:01:08 21:38:38,,2026-01-08 21:38:38
IMAG1506.JPG,animal,0.359,2026:01:03 11:00:11,"[918.6763916015625, 1205.196533203125, 1091.8095703125, 1320.932861328125]",2026-01-03 11:00:11
IMAG1512.JPG,Empty,0.0,2026:01:03 12:21:21,,2026-01-03 12:21:21
IMAG0181.JPG,animal,0.896,2025:12:11 10:08:13,"[1527.3648681640625, 967.9345703125, 1780.510986328125, 1123.078125]",2025-12-11 10:08:13
IMAG0181.JPG,animal,0.813,2025:12:11 10:08:13,"[1281.8648681640625, 973.8292236328125, 1549.8843994140625, 1136.9698486328125]",2025-12-11 10:08:13
IMAG0181.JPG,animal,0.762,2025:12:11 10:08:13,"[1195.5277099609375, 994.6541748046875, 1387.3798828125, 1130.70068359375]",2025-12-11 10:08:13
IMAG0181.JPG,animal,0.283,2025:12:11 10:08:13,"[0.0, 367.3802795410156, 102.94828796386719, 487.3247985839844]",2025-12-11 10:08:13
IMAG0181.JPG,animal,0.261,2025:12:11 10:08:13,"[1170.1781005859375, 1134.2811279296875, 1216.209716796875, 1191.5753173828125]",2025-12-11 10:08:13
IMAG0180.JPG,animal,0.816,2025:12:11 09:58:09,"[923.69775390625, 1246.3828125, 1102.7899169921875, 1381.279296875]",2025-12-11 09:58:09
IMAG0180.JPG,animal,0.761,2025:12:11 09:58:09,"[1308.310791015625, 806.5202026367188, 1497.9586181640625, 880.55126953125]",2025-12-11 09:58:09
IMAG0180.JPG,animal,0.446,2025:12:11 09:58:09,"[1131.035400390625, 1240.067138671875, 1223.624267578125, 1351.4381103515625]",2025-12-11 09:58:09
IMAG0180.JPG,animal,0.302,2025:12:11 09:58:09,"[976.3372802734375, 1096.2662353515625, 1165.6998291015625, 1222.0377197265625]",2025-12-11 09:58:09
IMAG1513.JPG,Empty,0.0,2026:01:03 12:33:07,,2026-01-03 12:33:07
IMAG1507.JPG,animal,0.497,2026:01:03 11:10:24,"[1154.13232421875, 1285.4447021484375, 1244.234619140625, 1412.184814453125]",2026-01-03 11:10:24
IMAG0157.JPG,animal,0.873,2025:12:11 01:22:17,"[1615.183349609375, 0.0, 2047.943359375, 1413.6575927734375]",2025-12-11 01:22:17
IMAG2026.JPG,Empty,0.0,2026:01:08 21:27:33,,2026-01-08 21:27:33
IMAG2032.JPG,animal,0.939,2026:01:08 22:47:58,"[165.37612915039062, 1013.0123291015625, 1469.9052734375, 1472.1513671875]",2026-01-08 22:47:58
IMAG0143.JPG,animal,0.691,2025:12:10 17:41:50,"[947.4033203125, 545.3021240234375, 1067.9547119140625, 690.5970458984375]",2025-12-10 17:41:50
IMAG1936.JPG,animal,0.974,2026:01:08 01:39:53,"[0.0, 3.338818311691284, 1561.972412109375, 1468.9888916015625]",2026-01-08 01:39:53
IMAG1936.JPG,animal,0.878,2026:01:08 01:39:53,"[1010.3644409179688, 487.74285888671875, 2047.884033203125, 1199.7384033203125]",2026-01-08 01:39:53
IMAG1922.JPG,Empty,0.0,2026:01:07 21:43:38,,2026-01-07 21:43:38
IMAG1711.JPG,animal,0.714,2026:01:05 17:10:00,"[1141.4752197265625, 1256.2154541015625, 1269.6168212890625, 1422.4599609375]",2026-01-05 17:10:00
IMAG1711.JPG,animal,0.662,2026:01:05 17:10:00,"[1109.6895751953125, 1261.9017333984375, 1173.311279296875, 1388.069091796875]",2026-01-05 17:10:00
IMAG2218.JPG,Empty,0.0,2026:01:11 10:19:00,,2026-01-11 10:19:00
IMAG1705.JPG,animal,0.856,2026:01:05 16:07:52,"[1033.2138671875, 1271.6436767578125, 1228.2672119140625, 1390.5880126953125]",2026-01-05 16:07:52
IMAG2224.JPG,Empty,0.0,2026:01:11 12:29:34,,2026-01-11 12:29:34
IMAG1739.JPG,animal,0.977,2026:01:06 06:33:47,"[0.05195312574505806, 163.83877563476562, 1063.1602783203125, 1470.046630859375]",2026-01-06 06:33:47
IMAG2230.JPG,animal,0.841,2026:01:11 15:21:57,"[962.73583984375, 1248.728271484375, 1131.826904296875, 1398.6087646484375]",2026-01-11 15:21:57
IMAG1842.JPG,Empty,0.0,2026:01:07 06:33:36,,2026-01-07 06:33:36
IMAG2393.JPG,animal,0.496,2026:01:15 11:29:56,"[644.571044921875, 1138.681396484375, 708.4945678710938, 1249.131591796875]",2026-01-15 11:29:56
IMAG2393.JPG,animal,0.487,2026:01:15 11:29:56,"[1425.640625, 806.5880737304688, 1543.898681640625, 875.5142822265625]",2026-01-15 11:29:56
IMAG2387.JPG,Empty,0.0,2026:01:15 09:03:44,,2026-01-15 09:03:44
IMAG1856.JPG,animal,0.781,2026:01:07 09:03:18,"[1199.682861328125, 830.8660278320312, 1378.834716796875, 1058.458984375]",2026-01-07 09:03:18
IMAG1665.JPG,animal,0.818,2026:01:05 06:45:17,"[1138.834716796875, 1238.9962158203125, 1295.0653076171875, 1390.5762939453125]",2026-01-05 06:45:17
IMAG1665.JPG,animal,0.579,2026:01:05 06:45:17,"[911.4996948242188, 1175.5452880859375, 1085.710693359375, 1297.5618896484375]",2026-01-05 06:45:17
IMAG2378.JPG,animal,0.947,2026:01:15 07:00:58,"[1620.799072265625, 661.2362060546875, 2047.8607177734375, 1139.9833984375]",2026-01-15 07:00:58
IMAG1671.JPG,Empty,0.0,2026:01:05 08:32:06,,2026-01-05 08:32:06
IMAG2350.JPG,animal,0.871,2026:01:14 02:59:28,"[1599.2965087890625, 257.55670166015625, 2048.0, 1168.2486572265625]",2026-01-14 02:59:28
IMAG1659.JPG,animal,0.851,2026:01:05 00:59:14,"[1616.3707275390625, 10.13427734375, 2047.936279296875, 1360.81103515625]",2026-01-05 00:59:14
IMAG1881.JPG,animal,0.906,2026:01:07 13:34:37,"[0.0, 1.1311523914337158, 1122.700927734375, 1460.392333984375]",2026-01-07 13:34:37
IMAG1881.JPG,animal,0.826,2026:01:07 13:34:37,"[1485.8782958984375, 549.0818481445312, 1948.5260009765625, 1143.929443359375]",2026-01-07 13:34:37
IMAG1881.JPG,animal,0.742,2026:01:07 13:34:37,"[1166.63916015625, 633.7579345703125, 1516.1688232421875, 1213.2196044921875]",2026-01-07 13:34:37
IMAG1881.JPG,animal,0.439,2026:01:07 13:34:37,"[752.818603515625, 633.7469482421875, 1141.58447265625, 1455.5784912109375]",2026-01-07 13:34:37
IMAG1881.JPG,animal,0.398,2026:01:07 13:34:37,"[1064.938720703125, 727.3175048828125, 1315.78076171875, 1199.639892578125]",2026-01-07 13:34:37
IMAG1881.JPG,animal,0.384,2026:01:07 13:34:37,"[0.7575927972793579, 474.783203125, 751.9713745117188, 1433.220703125]",2026-01-07 13:34:37
IMAG1881.JPG,animal,0.359,2026:01:07 13:34:37,"[1764.7281494140625, 373.61407470703125, 2048.0, 1178.8128662109375]",2026-01-07 13:34:37
IMAG2436.JPG,animal,0.937,2026:01:16 14:01:42,"[1533.861083984375, 767.2658081054688, 1860.7779541015625, 1060.3333740234375]",2026-01-16 14:01:42
IMAG2422.JPG,Empty,0.0,2026:01:16 06:41:57,,2026-01-16 06:41:57
IMAG1895.JPG,animal,0.919,2026:01:07 15:56:38,"[199.60264587402344, 904.5588989257812, 427.658447265625, 1177.8240966796875]",2026-01-07 15:56:38
IMAG1895.JPG,animal,0.831,2026:01:07 15:56:38,"[1086.948974609375, 1068.7645263671875, 1295.808349609375, 1261.029541015625]",2026-01-07 15:56:38
IMAG2344.JPG,Empty,0.0,2026:01:13 19:27:20,,2026-01-13 19:27:20
IMAG2191.JPG,Empty,0.0,2026:01:10 18:58:29,,2026-01-10 18:58:29
IMAG1498.JPG,Empty,0.0,2026:01:03 09:23:41,,2026-01-03 09:23:41
IMAG2185.JPG,animal,0.679,2026:01:10 16:45:06,"[1069.370361328125, 1008.5612182617188, 1233.0966796875, 1112.1170654296875]",2026-01-10 16:45:06
IMAG1301.JPG,animal,0.8,2026:01:01 09:37:21,"[843.15576171875, 1022.5885620117188, 896.4157104492188, 1135.489990234375]",2026-01-01 09:37:21
IMAG1467.JPG,animal,0.974,2026:01:02 22:42:45,"[1116.1695556640625, 257.78057861328125, 1827.3519287109375, 1239.427490234375]",2026-01-02 22:42:45
IMAG1473.JPG,animal,0.931,2026:01:02 23:42:51,"[241.84365844726562, 533.9168701171875, 1139.0755615234375, 1342.759033203125]",2026-01-02 23:42:51
IMAG1473.JPG,animal,0.794,2026:01:02 23:42:51,"[0.0, 474.2955017089844, 293.7266540527344, 994.6561279296875]",2026-01-02 23:42:51
IMAG1473.JPG,animal,0.762,2026:01:02 23:42:51,"[1020.9542236328125, 613.32958984375, 1695.7535400390625, 1146.10986328125]",2026-01-02 23:42:51
IMAG1315.JPG,Empty,0.0,2026:01:01 12:16:13,,2026-01-01 12:16:13
IMAG0023.JPG,animal,0.828,2025:12:09 04:11:37,"[662.0257568359375, 1044.688720703125, 865.8108520507812, 1225.661376953125]",2025-12-09 04:11:37
IMAG2152.JPG,Empty,0.0,2026:01:10 08:13:50,,2026-01-10 08:13:50
IMAG2146.JPG,Empty,0.0,2026:01:10 06:52:41,,2026-01-10 06:52:41
IMAG1329.JPG,animal,0.844,2026:01:01 14:46:56,"[772.9407958984375, 1006.5081787109375, 908.3707275390625, 1140.197265625]",2026-01-01 14:46:56
IMAG0037.JPG,Empty,0.0,2025:12:09 08:28:28,,2025-12-09 08:28:28
IMAG1311.JPG,animal,0.45,2026:01:01 11:29:21,"[452.5242614746094, 839.2722778320312, 524.630615234375, 879.1121215820312]",2026-01-01 11:29:21
IMAG1477.JPG,animal,0.755,2026:01:03 01:09:43,"[1618.1416015625, 199.818603515625, 2047.968505859375, 1201.4136962890625]",2026-01-03 01:09:43
IMAG1463.JPG,animal,0.578,2026:01:02 21:11:16,"[1375.815673828125, 875.4176635742188, 1541.2618408203125, 1044.33740234375]",2026-01-02 21:11:16
IMAG1463.JPG,animal,0.385,2026:01:02 21:11:16,"[1142.54248046875, 886.1171875, 1403.660888671875, 1079.385009765625]",2026-01-02 21:11:16
IMAG1305.JPG,Empty,0.0,2026:01:01 10:19:11,,2026-01-01 10:19:11
IMAG0033.JPG,animal,0.88,2025:12:09 07:37:39,"[279.7894592285156, 246.0921173095703, 546.9119262695312, 446.2355041503906]",2025-12-09 07:37:39
IMAG0033.JPG,animal,0.642,2025:12:09 07:37:39,"[1877.5072021484375, 1007.0228271484375, 2048.0, 1131.2747802734375]",2025-12-09 07:37:39
IMAG2142.JPG,Empty,0.0,2026:01:10 06:00:35,,2026-01-10 06:00:35
IMAG2156.JPG,animal,0.328,2026:01:10 09:00:49,"[433.4432678222656, 1093.9384765625, 581.6279296875, 1167.833251953125]",2026-01-10 09:00:49
IMAG0027.JPG,Empty,0.0,2025:12:09 06:34:10,,2025-12-09 06:34:10
IMAG1339.JPG,Empty,0.0,2026:01:01 16:38:19,,2026-01-01 16:38:19
IMAG2181.JPG,Empty,0.0,2026:01:10 15:14:58,,2026-01-10 15:14:58
IMAG1488.JPG,animal,0.761,2026:01:03 07:31:59,"[1083.4234619140625, 1276.1644287109375, 1261.034423828125, 1378.916748046875]",2026-01-03 07:31:59
IMAG1488.JPG,animal,0.409,2026:01:03 07:31:59,"[1051.912353515625, 1173.54345703125, 1171.1754150390625, 1247.8074951171875]",2026-01-03 07:31:59
IMAG1488.JPG,animal,0.333,2026:01:03 07:31:59,"[1262.504638671875, 517.691162109375, 1335.572998046875, 578.3546142578125]",2026-01-03 07:31:59
IMAG1488.JPG,animal,0.271,2026:01:03 07:31:59,"[943.8551025390625, 1169.466064453125, 1064.2740478515625, 1252.9339599609375]",2026-01-03 07:31:59
IMAG2195.JPG,Empty,0.0,2026:01:10 23:57:10,,2026-01-10 23:57:10
IMAG1675.JPG,Empty,0.0,2026:01:05 09:18:09,,2026-01-05 09:18:09
IMAG2368.JPG,Empty,0.0,2026:01:14 12:58:29,,2026-01-14 12:58:29
IMAG1661.JPG,animal,0.927,2026:01:05 05:24:19,"[1492.5068359375, 396.2152404785156, 2047.702880859375, 1146.898193359375]",2026-01-05 05:24:19
IMAG2340.JPG,animal,0.433,2026:01:13 18:33:41,"[530.0293579101562, 1089.056884765625, 657.194091796875, 1152.50341796875]",2026-01-13 18:33:41
IMAG1891.JPG,animal,0.919,2026:01:07 15:14:51,"[1212.5419921875, 475.0018005371094, 2048.0, 1153.997314453125]",2026-01-07 15:14:51
IMAG1891.JPG,animal,0.616,2026:01:07 15:14:51,"[1015.8435668945312, 811.9729614257812, 1607.825927734375, 1166.594970703125]",2026-01-07 15:14:51
IMAG1649.JPG,Empty,0.0,2026:01:04 19:32:16,,2026-01-04 19:32:16
IMAG2426.JPG,Empty,0.0,2026:01:16 07:49:17,,2026-01-16 07:49:17
IMAG2432.JPG,animal,0.94,2026:01:16 11:10:03,"[257.9328308105469, 810.4515380859375, 399.9338073730469, 1160.16796875]",2026-01-16 11:10:03
IMAG2432.JPG,animal,0.9,2026:01:16 11:10:03,"[480.94140625, 807.8372802734375, 586.9586791992188, 1101.645751953125]",2026-01-16 11:10:03
IMAG2432.JPG,animal,0.892,2026:01:16 11:10:03,"[1106.153564453125, 804.3179931640625, 1241.620849609375, 1096.1302490234375]",2026-01-16 11:10:03
IMAG2432.JPG,animal,0.886,2026:01:16 11:10:03,"[828.1344604492188, 876.4222412109375, 985.9034423828125, 1115.833740234375]",2026-01-16 11:10:03
IMAG2432.JPG,animal,0.869,2026:01:16 11:10:03,"[972.06640625, 811.5101318359375, 1106.811767578125, 1091.3929443359375]",2026-01-16 11:10:03
IMAG1885.JPG,animal,0.963,2026:01:07 14:14:41,"[83.63713073730469, 841.6085815429688, 557.3010864257812, 1467.885986328125]",2026-01-07 14:14:41
IMAG1885.JPG,animal,0.93,2026:01:07 14:14:41,"[1110.543701171875, 441.3497619628906, 2047.5054931640625, 1384.715576171875]",2026-01-07 14:14:41
IMAG2354.JPG,animal,0.962,2026:01:14 03:54:21,"[0.0, 0.0, 699.2796630859375, 1351.8756103515625]",2026-01-14 03:54:21
IMAG1852.JPG,person,0.808,2026:01:07 08:17:30,"[429.09893798828125, 498.0130310058594, 1790.87109375, 1475.383056640625]",2026-01-07 08:17:30
IMAG2383.JPG,animal,0.907,2026:01:15 08:10:28,"[337.9713439941406, 506.2528381347656, 1238.523193359375, 1390.3621826171875]",2026-01-15 08:10:28
IMAG2383.JPG,animal,0.88,2026:01:15 08:10:28,"[1149.446044921875, 542.8114013671875, 1904.360595703125, 1209.310302734375]",2026-01-15 08:10:28
IMAG2383.JPG,animal,0.822,2026:01:15 08:10:28,"[1803.1624755859375, 604.8699340820312, 2048.0, 1140.6595458984375]",2026-01-15 08:10:28
IMAG2397.JPG,Empty,0.0,2026:01:15 13:08:55,,2026-01-15 13:08:55
IMAG1846.JPG,animal,0.97,2026:01:07 07:17:12,"[47.3564453125, 129.331787109375, 1199.311767578125, 1467.5830078125]",2026-01-07 07:17:12
IMAG1846.JPG,animal,0.949,2026:01:07 07:17:12,"[1704.416259765625, 702.7048950195312, 1980.2962646484375, 1145.1715087890625]",2026-01-07 07:17:12
IMAG1846.JPG,animal,0.34,2026:01:07 07:17:12,"[1669.2672119140625, 911.1530151367188, 1768.029296875, 1005.2848510742188]",2026-01-07 07:17:12
IMAG1846.JPG,animal,0.255,2026:01:07 07:17:12,"[1343.687255859375, 165.54653930664062, 1441.51318359375, 243.0376434326172]",2026-01-07 07:17:12
IMAG1701.JPG,Empty,0.0,2026:01:05 15:16:15,,2026-01-05 15:16:15
IMAG2208.JPG,animal,0.958,2026:01:11 05:51:27,"[397.3480224609375, 1055.323974609375, 947.6222534179688, 1469.279541015625]",2026-01-11 05:51:27
IMAG1715.JPG,Empty,0.0,2026:01:05 17:55:08,,2026-01-05 17:55:08
IMAG2234.JPG,animal,0.974,2026:01:11 16:17:31,"[1113.7890625, 612.0816040039062, 1617.707763671875, 1218.744140625]",2026-01-11 16:17:31
IMAG1729.JPG,animal,0.333,2026:01:05 22:41:58,"[1007.552734375, 817.4396362304688, 1563.6246337890625, 1363.5902099609375]",2026-01-05 22:41:58
IMAG1729.JPG,person,0.324,2026:01:05 22:41:58,"[1004.8988037109375, 820.3591918945312, 1564.827880859375, 1378.183349609375]",2026-01-05 22:41:58
IMAG2220.JPG,animal,0.936,2026:01:11 10:55:02,"[799.0502319335938, 848.3532104492188, 957.07275390625, 1121.61474609375]",2026-01-11 10:55:02
IMAG2220.JPG,animal,0.925,2026:01:11 10:55:02,"[298.2186584472656, 890.9846801757812, 504.43377685546875, 1133.6268310546875]",2026-01-11 10:55:02
IMAG1926.JPG,animal,0.804,2026:01:07 22:31:59,"[1274.7066650390625, 325.75311279296875, 1708.20703125, 616.8507690429688]",2026-01-07 22:31:59
IMAG1932.JPG,animal,0.92,2026:01:08 00:50:37,"[1677.189208984375, 390.18927001953125, 2048.0, 1125.580322265625]",2026-01-08 00:50:37
IMAG1503.JPG,animal,0.642,2026:01:03 10:18:09,"[709.6658325195312, 1032.1383056640625, 773.5403442382812, 1137.4000244140625]",2026-01-03 10:18:09
IMAG1517.JPG,Empty,0.0,2026:01:03 13:25:33,,2026-01-03 13:25:33
IMAG0147.JPG,Empty,0.0,2025:12:10 18:22:52,,2025-12-10 18:22:52
IMAG2036.JPG,animal,0.96,2026:01:08 23:44:37,"[687.2592163085938, 1120.97705078125, 993.7236328125, 1472.527587890625]",2026-01-08 23:44:37
IMAG2036.JPG,animal,0.42,2026:01:08 23:44:37,"[1010.5074462890625, 1030.596435546875, 1072.373046875, 1148.99560546875]",2026-01-08 23:44:37
IMAG2022.JPG,Empty,0.0,2026:01:08 20:45:42,,2026-01-08 20:45:42
IMAG0153.JPG,animal,0.899,2025:12:10 19:32:46,"[0.0, 866.7639770507812, 320.1813049316406, 1166.4678955078125]",2025-12-10 19:32:46
IMAG0153.JPG,animal,0.896,2025:12:10 19:32:46,"[1042.371337890625, 1026.6015625, 1260.5625, 1236.4859619140625]",2025-12-10 19:32:46
IMAG0153.JPG,animal,0.855,2025:12:10 19:32:46,"[452.47314453125, 831.0515747070312, 810.9450073242188, 1131.001708984375]",2025-12-10 19:32:46
IMAG0153.JPG,animal,0.835,2025:12:10 19:32:46,"[263.7388610839844, 835.8094482421875, 424.0992736816406, 1135.75830078125]",2025-12-10 19:32:46
IMAG0153.JPG,animal,0.676,2025:12:10 19:32:46,"[809.2349853515625, 803.5284423828125, 1127.982177734375, 1119.58642578125]",2025-12-10 19:32:46
IMAG0153.JPG,animal,0.483,2025:12:10 19:32:46,"[695.4044189453125, 810.435546875, 887.5299072265625, 1123.2972412109375]",2025-12-10 19:32:46
IMAG0153.JPG,animal,0.308,2025:12:10 19:32:46,"[372.2703857421875, 876.53515625, 483.1705627441406, 1113.479736328125]",2025-12-10 19:32:46
IMAG0184.JPG,Empty,0.0,2025:12:11 10:51:58,,2025-12-11 10:51:58
IMAG0185.JPG,Empty,0.0,2025:12:11 11:16:07,,2025-12-11 11:16:07
IMAG2023.JPG,Empty,0.0,2026:01:08 20:55:59,,2026-01-08 20:55:59
IMAG0152.JPG,animal,0.732,2025:12:10 19:21:07,"[1622.1981201171875, 1020.3265380859375, 1714.7135009765625, 1122.910400390625]",2025-12-10 19:21:07
IMAG0152.JPG,animal,0.306,2025:12:10 19:21:07,"[1009.6341552734375, 1230.7796630859375, 1082.013427734375, 1358.114013671875]",2025-12-10 19:21:07
IMAG0146.JPG,Empty,0.0,2025:12:10 18:12:49,,2025-12-10 18:12:49
IMAG2037.JPG,Empty,0.0,2026:01:08 23:58:44,,2026-01-08 23:58:44
IMAG1516.JPG,animal,0.43,2026:01:03 13:09:52,"[1220.229736328125, 233.7356719970703, 1302.8623046875, 318.8061218261719]",2026-01-03 13:09:52
IMAG1502.JPG,animal,0.266,2026:01:03 10:07:08,"[1622.1766357421875, 675.6649169921875, 1679.6265869140625, 733.577392578125]",2026-01-03 10:07:08
IMAG1933.JPG,animal,0.719,2026:01:08 01:09:51,"[865.3942260742188, 1036.7435302734375, 983.5616455078125, 1181.0950927734375]",2026-01-08 01:09:51
IMAG1927.JPG,animal,0.568,2026:01:07 22:43:36,"[1397.5491943359375, 841.9659423828125, 2047.397216796875, 1157.6124267578125]",2026-01-07 22:43:36
IMAG2221.JPG,animal,0.926,2026:01:11 11:05:03,"[148.673828125, 592.5813598632812, 1043.0894775390625, 1383.8182373046875]",2026-01-11 11:05:03
IMAG2221.JPG,animal,0.926,2026:01:11 11:05:03,"[1430.671142578125, 643.8135986328125, 2047.912109375, 1133.55712890625]",2026-01-11 11:05:03
IMAG2221.JPG,animal,0.868,2026:01:11 11:05:03,"[0.0, 739.8785400390625, 460.31591796875, 1349.2718505859375]",2026-01-11 11:05:03
IMAG2221.JPG,animal,0.804,2026:01:11 11:05:03,"[1394.3143310546875, 849.9255981445312, 1789.1087646484375, 1128.502197265625]",2026-01-11 11:05:03
IMAG2221.JPG,animal,0.389,2026:01:11 11:05:03,"[801.6393432617188, 808.1279296875, 1047.63037109375, 1178.2562255859375]",2026-01-11 11:05:03
IMAG1728.JPG,animal,0.852,2026:01:05 22:08:33,"[1546.5361328125, 7.046240329742432, 2048.0, 1136.3463134765625]",2026-01-05 22:08:33
IMAG2235.JPG,animal,0.961,2026:01:11 16:28:31,"[1345.2545166015625, 69.51387023925781, 1647.2174072265625, 1135.6337890625]",2026-01-11 16:28:31
IMAG1714.JPG,Empty,0.0,2026:01:05 17:40:20,,2026-01-05 17:40:20
IMAG2209.JPG,Empty,0.0,2026:01:11 06:25:31,,2026-01-11 06:25:31
IMAG1700.JPG,Empty,0.0,2026:01:05 15:04:31,,2026-01-05 15:04:31
IMAG1847.JPG,animal,0.863,2026:01:07 07:27:22,"[1793.443115234375, 967.4049072265625, 2007.861572265625, 1147.0621337890625]",2026-01-07 07:27:22
IMAG1847.JPG,animal,0.856,2026:01:07 07:27:22,"[1600.5244140625, 903.9606323242188, 1852.3623046875, 1157.9285888671875]",2026-01-07 07:27:22
IMAG1847.JPG,animal,0.838,2026:01:07 07:27:22,"[1288.024658203125, 967.0055541992188, 1509.168701171875, 1163.6260986328125]",2026-01-07 07:27:22
IMAG1847.JPG,animal,0.802,2026:01:07 07:27:22,"[1486.6007080078125, 949.91455078125, 1588.497802734375, 1151.8331298828125]",2026-01-07 07:27:22
IMAG1847.JPG,animal,0.749,2026:01:07 07:27:22,"[1230.756103515625, 1003.3704833984375, 1353.238525390625, 1156.1644287109375]",2026-01-07 07:27:22
IMAG1847.JPG,animal,0.731,2026:01:07 07:27:22,"[835.1399536132812, 1213.826416015625, 939.2266845703125, 1328.7078857421875]",2026-01-07 07:27:22
IMAG1847.JPG,animal,0.675,2026:01:07 07:27:22,"[1064.5341796875, 1123.9521484375, 1156.0015869140625, 1211.3843994140625]",2026-01-07 07:27:22
IMAG1847.JPG,animal,0.601,2026:01:07 07:27:22,"[1139.257568359375, 1173.0135498046875, 1225.849609375, 1253.8741455078125]",2026-01-07 07:27:22
IMAG1847.JPG,animal,0.308,2026:01:07 07:27:22,"[974.8806762695312, 1129.915771484375, 1051.9700927734375, 1194.59619140625]",2026-01-07 07:27:22
IMAG2396.JPG,animal,0.949,2026:01:15 12:51:07,"[1667.842041015625, 733.7008666992188, 2046.5325927734375, 1113.5782470703125]",2026-01-15 12:51:07
IMAG2382.JPG,animal,0.791,2026:01:15 08:00:27,"[570.7701416015625, 1029.291015625, 718.529541015625, 1177.112548828125]",2026-01-15 08:00:27
IMAG2382.JPG,animal,0.739,2026:01:15 08:00:27,"[1242.035400390625, 1051.283935546875, 1343.259033203125, 1160.0435791015625]",2026-01-15 08:00:27
IMAG1853.JPG,Empty,0.0,2026:01:07 08:28:57,,2026-01-07 08:28:57
IMAG2433.JPG,Empty,0.0,2026:01:16 11:34:33,,2026-01-16 11:34:33
IMAG2355.JPG,animal,0.92,2026:01:14 04:22:28,"[0.0, 0.704296886920929, 476.18963623046875, 915.3678588867188]",2026-01-14 04:22:28
IMAG2355.JPG,animal,0.722,2026:01:14 04:22:28,"[1698.1058349609375, 251.87045288085938, 2047.878173828125, 1144.970703125]",2026-01-14 04:22:28
IMAG1884.JPG,animal,0.966,2026:01:07 14:04:40,"[1.6820800304412842, 456.3787536621094, 1088.561767578125, 1448.0439453125]",2026-01-07 14:04:40
IMAG1884.JPG,animal,0.954,2026:01:07 14:04:40,"[1164.526123046875, 475.18536376953125, 1938.862548828125, 1342.9169921875]",2026-01-07 14:04:40
IMAG1648.JPG,animal,0.87,2026:01:04 19:21:59,"[903.5999755859375, 1028.322998046875, 1003.9168090820312, 1177.3465576171875]",2026-01-04 19:21:59
IMAG1890.JPG,animal,0.958,2026:01:07 15:04:50,"[343.4598083496094, 744.2017211914062, 814.5186767578125, 1262.4482421875]",2026-01-07 15:04:50
IMAG1890.JPG,animal,0.939,2026:01:07 15:04:50,"[1422.955810546875, 629.1633911132812, 1881.053466796875, 1139.225341796875]",2026-01-07 15:04:50
IMAG1890.JPG,animal,0.756,2026:01:07 15:04:50,"[0.0, 946.0520629882812, 124.3178482055664, 1106.940185546875]",2026-01-07 15:04:50
IMAG1890.JPG,animal,0.749,2026:01:07 15:04:50,"[1818.1343994140625, 779.8406982421875, 2047.876953125, 1137.23583984375]",2026-01-07 15:04:50
IMAG2341.JPG,animal,0.477,2026:01:13 18:43:48,"[1248.3885498046875, 1080.462646484375, 1394.5186767578125, 1158.101318359375]",2026-01-13 18:43:48
IMAG2427.JPG,Empty,0.0,2026:01:16 09:23:47,,2026-01-16 09:23:47
IMAG1660.JPG,animal,0.961,2026:01:05 01:31:57,"[0.38994139432907104, 0.7906249761581421, 869.6416015625, 1104.7532958984375]",2026-01-05 01:31:57
IMAG2369.JPG,Empty,0.0,2026:01:14 13:26:39,,2026-01-14 13:26:39
IMAG1674.JPG,Empty,0.0,2026:01:05 09:05:52,,2026-01-05 09:05:52
IMAG2194.JPG,animal,0.954,2026:01:10 23:28:17,"[422.06573486328125, 1083.9569091796875, 892.9152221679688, 1470.24853515625]",2026-01-10 23:28:17
IMAG1489.JPG,Empty,0.0,2026:01:03 07:42:52,,2026-01-03 07:42:52
IMAG2180.JPG,animal,0.958,2026:01:10 14:51:27,"[364.9903564453125, 1087.615966796875, 994.01123046875, 1469.3779296875]",2026-01-10 14:51:27
IMAG2157.JPG,animal,0.688,2026:01:10 09:11:19,"[123.6744384765625, 430.9790954589844, 220.56051635742188, 526.1439208984375]",2026-01-10 09:11:19
IMAG2157.JPG,animal,0.683,2026:01:10 09:11:19,"[1053.3192138671875, 1107.111572265625, 1143.7257080078125, 1190.039794921875]",2026-01-10 09:11:19
IMAG2157.JPG,animal,0.576,2026:01:10 09:11:19,"[848.1788940429688, 1118.457763671875, 885.3968505859375, 1190.400146484375]",2026-01-10 09:11:19
IMAG2157.JPG,animal,0.455,2026:01:10 09:11:19,"[801.7523193359375, 1113.561279296875, 842.1189575195312, 1182.7030029296875]",2026-01-10 09:11:19
IMAG2157.JPG,animal,0.425,2026:01:10 09:11:19,"[914.28564453125, 164.71530151367188, 1003.7655029296875, 238.87789916992188]",2026-01-10 09:11:19
IMAG2157.JPG,animal,0.38,2026:01:10 09:11:19,"[978.0687255859375, 1115.2435302734375, 1043.334716796875, 1175.7083740234375]",2026-01-10 09:11:19
IMAG1338.JPG,Empty,0.0,2026:01:01 16:28:10,,2026-01-01 16:28:10
IMAG0026.JPG,Empty,0.0,2025:12:09 06:07:59,,2025-12-09 06:07:59
IMAG0032.JPG,animal,0.915,2025:12:09 07:27:38,"[1321.32470703125, 641.87060546875, 1601.8641357421875, 761.0271606445312]",2025-12-09 07:27:38
IMAG0032.JPG,animal,0.781,2025:12:09 07:27:38,"[1689.9111328125, 804.0916748046875, 1875.6455078125, 887.9299926757812]",2025-12-09 07:27:38
IMAG0032.JPG,animal,0.712,2025:12:09 07:27:38,"[1140.4993896484375, 1290.821533203125, 1273.895751953125, 1454.4364013671875]",2025-12-09 07:27:38
IMAG0032.JPG,animal,0.693,2025:12:09 07:27:38,"[788.94873046875, 1251.1597900390625, 931.7516479492188, 1375.891357421875]",2025-12-09 07:27:38
IMAG0032.JPG,animal,0.683,2025:12:09 07:27:38,"[1054.301513671875, 1258.08251953125, 1227.89306640625, 1402.136962890625]",2025-12-09 07:27:38
IMAG0032.JPG,animal,0.647,2025:12:09 07:27:38,"[750.5531005859375, 1247.523681640625, 809.5235595703125, 1342.3162841796875]",2025-12-09 07:27:38
IMAG0032.JPG,animal,0.597,2025:12:09 07:27:38,"[294.63592529296875, 1382.600830078125, 495.7275390625, 1470.96044921875]",2025-12-09 07:27:38
IMAG0032.JPG,animal,0.251,2025:12:09 07:27:38,"[663.2125244140625, 1204.6917724609375, 708.933837890625, 1257.7193603515625]",2025-12-09 07:27:38
IMAG2143.JPG,animal,0.961,2026:01:10 06:12:19,"[412.5552673339844, 1066.3330078125, 1200.0299072265625, 1472.096923828125]",2026-01-10 06:12:19
IMAG1462.JPG,animal,0.956,2026:01:02 21:00:32,"[991.2659301757812, 248.24111938476562, 1929.37109375, 1140.522705078125]",2026-01-02 21:00:32
IMAG1304.JPG,animal,0.359,2026:01:01 10:08:04,"[957.98681640625, 1206.663818359375, 1086.155517578125, 1307.7781982421875]",2026-01-01 10:08:04
IMAG1310.JPG,animal,0.842,2026:01:01 11:15:21,"[1379.7637939453125, 1056.761962890625, 1561.559814453125, 1157.692626953125]",2026-01-01 11:15:21
IMAG1310.JPG,animal,0.688,2026:01:01 11:15:21,"[838.8079223632812, 941.0110473632812, 908.34228515625, 1128.2752685546875]",2026-01-01 11:15:21
IMAG1476.JPG,animal,0.895,2026:01:03 00:58:28,"[0.33500975370407104, 636.1946411132812, 431.3247985839844, 1274.1300048828125]",2026-01-03 00:58:28
IMAG1476.JPG,animal,0.417,2026:01:03 00:58:28,"[0.0, 767.7477416992188, 113.2629623413086, 1147.9093017578125]",2026-01-03 00:58:28
IMAG0018.JPG,Empty,0.0,2025:12:08 22:10:55,,2025-12-08 22:10:55
IMAG1306.JPG,Empty,0.0,2026:01:01 10:29:23,,2026-01-01 10:29:23
IMAG1460.JPG,animal,0.858,2026:01:02 20:35:50,"[1399.228271484375, 200.7982940673828, 2048.0, 1444.9752197265625]",2026-01-02 20:35:50
IMAG2169.JPG,Empty,0.0,2026:01:10 11:52:02,,2026-01-10 11:52:02
IMAG1474.JPG,animal,0.938,2026:01:02 23:54:07,"[1012.8609619140625, 527.5216674804688, 1837.534423828125, 1263.8782958984375]",2026-01-02 23:54:07
IMAG1474.JPG,animal,0.718,2026:01:02 23:54:07,"[1601.228759765625, 0.0, 2048.0, 1179.207275390625]",2026-01-02 23:54:07
IMAG1312.JPG,Empty,0.0,2026:01:01 11:40:05,,2026-01-01 11:40:05
IMAG0024.JPG,animal,0.93,2025:12:09 05:10:21,"[1293.552490234375, 853.3223876953125, 1745.983154296875, 1124.0897216796875]",2025-12-09 05:10:21
IMAG2155.JPG,animal,0.978,2026:01:10 08:48:12,"[1294.493896484375, 269.0747985839844, 2048.0, 1129.3895263671875]",2026-01-10 08:48:12
IMAG1448.JPG,Empty,0.0,2026:01:02 18:05:34,,2026-01-02 18:05:34
IMAG2141.JPG,animal,0.8,2026:01:10 05:39:21,"[1626.291748046875, 32.79780197143555, 2048.0, 1346.6119384765625]",2026-01-10 05:39:21
IMAG0030.JPG,animal,0.645,2025:12:09 07:07:28,"[1870.740966796875, 642.3766479492188, 2005.8773193359375, 710.9755859375]",2025-12-09 07:07:28
IMAG0030.JPG,animal,0.294,2025:12:09 07:07:28,"[1108.604248046875, 1271.5335693359375, 1264.330078125, 1379.1217041015625]",2025-12-09 07:07:28
IMAG2196.JPG,animal,0.967,2026:01:11 00:12:22,"[477.9690856933594, 1054.1556396484375, 1144.8109130859375, 1472.4521484375]",2026-01-11 00:12:22
IMAG2182.JPG,animal,0.92,2026:01:10 15:34:20,"[1751.584228515625, 859.9461059570312, 2048.0, 1132.40625]",2026-01-10 15:34:20
IMAG1662.JPG,Empty,0.0,2026:01:05 06:11:18,,2026-01-05 06:11:18
IMAG2419.JPG,animal,0.824,2026:01:16 02:05:54,"[1676.293212890625, 132.297119140625, 2048.0, 1150.368896484375]",2026-01-16 02:05:54
IMAG1676.JPG,Empty,0.0,2026:01:05 09:37:43,,2026-01-05 09:37:43
IMAG1886.JPG,animal,0.958,2026:01:07 14:24:46,"[268.7892150878906, 763.5906372070312, 715.8334350585938, 1262.909423828125]",2026-01-07 14:24:46
IMAG1886.JPG,animal,0.957,2026:01:07 14:24:46,"[1008.76806640625, 626.1201171875, 1519.401611328125, 1264.0931396484375]",2026-01-07 14:24:46
IMAG1886.JPG,animal,0.904,2026:01:07 14:24:46,"[1821.2659912109375, 717.0892333984375, 2048.0, 1152.966552734375]",2026-01-07 14:24:46
IMAG2357.JPG,animal,0.908,2026:01:14 06:40:23,"[1427.193115234375, 987.5029296875, 1734.906982421875, 1148.5205078125]",2026-01-14 06:40:23
IMAG2357.JPG,animal,0.788,2026:01:14 06:40:23,"[1005.5394287109375, 1228.8621826171875, 1148.9111328125, 1374.7149658203125]",2026-01-14 06:40:23
IMAG2357.JPG,animal,0.554,2026:01:14 06:40:23,"[1025.494873046875, 1266.930419921875, 1230.0645751953125, 1464.789794921875]",2026-01-14 06:40:23
IMAG2357.JPG,animal,0.321,2026:01:14 06:40:23,"[717.4155883789062, 1209.960205078125, 805.2748413085938, 1276.7705078125]",2026-01-14 06:40:23
IMAG2431.JPG,animal,0.939,2026:01:16 10:57:24,"[1025.5247802734375, 845.8739013671875, 1201.5048828125, 1121.308349609375]",2026-01-16 10:57:24
IMAG2431.JPG,animal,0.918,2026:01:16 10:57:24,"[488.9178771972656, 917.8663940429688, 729.9016723632812, 1141.020263671875]",2026-01-16 10:57:24
IMAG2431.JPG,animal,0.908,2026:01:16 10:57:24,"[0.525097668170929, 925.978515625, 218.385986328125, 1166.1275634765625]",2026-01-16 10:57:24
IMAG2425.JPG,animal,0.823,2026:01:16 07:30:58,"[1118.0255126953125, 682.1724853515625, 1265.66943359375, 787.1343994140625]",2026-01-16 07:30:58
IMAG2425.JPG,animal,0.779,2026:01:16 07:30:58,"[1272.9393310546875, 562.5128784179688, 1362.0067138671875, 642.1201171875]",2026-01-16 07:30:58
IMAG2343.JPG,Empty,0.0,2026:01:13 19:13:22,,2026-01-13 19:13:22
IMAG1892.JPG,animal,0.955,2026:01:07 15:24:52,"[328.3891296386719, 470.0762634277344, 710.7012939453125, 1397.7813720703125]",2026-01-07 15:24:52
IMAG1892.JPG,animal,0.921,2026:01:07 15:24:52,"[0.21796874701976776, 453.4667053222656, 428.52593994140625, 1446.471435546875]",2026-01-07 15:24:52
IMAG1879.JPG,animal,0.955,2026:01:07 13:14:34,"[1396.3037109375, 824.9154052734375, 1641.4833984375, 1146.638671875]",2026-01-07 13:14:34
IMAG1879.JPG,animal,0.941,2026:01:07 13:14:34,"[647.5291748046875, 736.12158203125, 1437.9407958984375, 1355.3885498046875]",2026-01-07 13:14:34
IMAG1879.JPG,animal,0.918,2026:01:07 13:14:34,"[1114.1334228515625, 931.4329833984375, 1345.3040771484375, 1361.2926025390625]",2026-01-07 13:14:34
IMAG2394.JPG,animal,0.942,2026:01:15 11:45:56,"[350.24188232421875, 789.3614501953125, 582.1087646484375, 1086.10009765625]",2026-01-15 11:45:56
IMAG1845.JPG,animal,0.589,2026:01:07 07:07:11,"[1011.6837768554688, 1057.819580078125, 1069.172119140625, 1160.82373046875]",2026-01-07 07:07:11
IMAG1845.JPG,animal,0.474,2026:01:07 07:07:11,"[779.33349609375, 1264.351806640625, 834.8572387695312, 1351.561279296875]",2026-01-07 07:07:11
IMAG1845.JPG,animal,0.325,2026:01:07 07:07:11,"[830.6863403320312, 1218.8597412109375, 881.1609497070312, 1287.8583984375]",2026-01-07 07:07:11
IMAG1689.JPG,animal,0.847,2026:01:05 12:31:11,"[573.7293090820312, 1035.910400390625, 682.7552490234375, 1143.9398193359375]",2026-01-05 12:31:11
IMAG1851.JPG,person,0.887,2026:01:07 08:07:29,"[518.7684326171875, 456.5943298339844, 1858.346435546875, 1474.745361328125]",2026-01-07 08:07:29
IMAG2380.JPG,animal,0.736,2026:01:15 07:27:22,"[1608.2740478515625, 304.1669006347656, 2048.0, 1352.0194091796875]",2026-01-15 07:27:22
IMAG1716.JPG,animal,0.279,2026:01:05 18:05:18,"[309.48870849609375, 657.2103271484375, 437.47442626953125, 697.5001831054688]",2026-01-05 18:05:18
IMAG1702.JPG,animal,0.837,2026:01:05 15:26:28,"[580.0846557617188, 1032.624267578125, 641.2327270507812, 1140.3360595703125]",2026-01-05 15:26:28
IMAG2223.JPG,animal,0.965,2026:01:11 11:38:03,"[209.72915649414062, 778.8976440429688, 666.190185546875, 1310.7926025390625]",2026-01-11 11:38:03
IMAG2237.JPG,animal,0.983,2026:01:11 16:48:42,"[259.1398010253906, 0.0, 1343.0478515625, 1469.7647705078125]",2026-01-11 16:48:42
IMAG1919.JPG,Empty,0.0,2026:01:07 20:32:10,,2026-01-07 20:32:10
IMAG1931.JPG,Empty,0.0,2026:01:08 00:34:35,,2026-01-08 00:34:35
IMAG1925.JPG,animal,0.65,2026:01:07 22:19:07,"[1074.237548828125, 1043.0560302734375, 1577.98486328125, 1372.5777587890625]",2026-01-07 22:19:07
IMAG1925.JPG,animal,0.509,2026:01:07 22:19:07,"[1215.525634765625, 1040.279296875, 1574.7767333984375, 1148.8714599609375]",2026-01-07 22:19:07
IMAG1514.JPG,animal,0.363,2026:01:03 12:44:18,"[599.1349487304688, 964.9107666015625, 725.4334716796875, 1144.0181884765625]",2026-01-03 12:44:18
IMAG2009.JPG,Empty,0.0,2026:01:08 17:50:59,,2026-01-08 17:50:59
IMAG1500.JPG,Empty,0.0,2026:01:03 09:45:31,,2026-01-03 09:45:31
IMAG0178.JPG,animal,0.861,2025:12:11 09:31:00,"[363.3744812011719, 602.4729614257812, 482.74945068359375, 751.744140625]",2025-12-11 09:31:00
IMAG0150.JPG,animal,0.982,2025:12:10 18:56:12,"[0.0, 26.582324981689453, 1010.3313598632812, 1467.6854248046875]",2025-12-10 18:56:12
IMAG2021.JPG,Empty,0.0,2026:01:08 20:30:16,,2026-01-08 20:30:16
IMAG1528.JPG,Empty,0.0,2026:01:03 15:47:04,,2026-01-03 15:47:04
IMAG2035.JPG,animal,0.97,2026:01:08 23:34:23,"[351.82489013671875, 951.234375, 832.13818359375, 1470.3837890625]",2026-01-08 23:34:23
IMAG0144.JPG,Empty,0.0,2025:12:10 17:51:57,,2025-12-10 17:51:57
IMAG0187.JPG,animal,0.93,2025:12:11 11:36:21,"[753.9353637695312, 784.0402221679688, 929.9607543945312, 1329.8037109375]",2025-12-11 11:36:21
IMAG0187.JPG,animal,0.929,2025:12:11 11:36:21,"[1157.529052734375, 779.2669677734375, 1496.8096923828125, 1133.5810546875]",2025-12-11 11:36:21
IMAG0187.JPG,animal,0.894,2025:12:11 11:36:21,"[1589.929931640625, 900.96044921875, 1820.7974853515625, 1148.3045654296875]",2025-12-11 11:36:21
IMAG0187.JPG,animal,0.296,2025:12:11 11:36:21,"[74.52146911621094, 555.5489501953125, 120.7326889038086, 604.3160400390625]",2025-12-11 11:36:21
IMAG1299.JPG,Empty,0.0,2026:01:01 09:14:35,,2026-01-01 09:14:35
IMAG1298.JPG,Empty,0.0,2026:01:01 09:04:16,,2026-01-01 09:04:16
IMAG0186.JPG,animal,0.913,2025:12:11 11:26:10,"[482.00616455078125, 818.4027099609375, 611.6087646484375, 1257.0758056640625]",2025-12-11 11:26:10
IMAG2034.JPG,Empty,0.0,2026:01:08 23:20:34,,2026-01-08 23:20:34
IMAG0145.JPG,Empty,0.0,2025:12:10 18:02:44,,2025-12-10 18:02:44
IMAG0151.JPG,Empty,0.0,2025:12:10 19:09:01,,2025-12-10 19:09:01
IMAG1529.JPG,Empty,0.0,2026:01:03 15:57:51,,2026-01-03 15:57:51
IMAG2020.JPG,Empty,0.0,2026:01:08 20:14:58,,2026-01-08 20:14:58
IMAG1501.JPG,animal,0.91,2026:01:03 09:55:44,"[1793.428466796875, 948.1312255859375, 1949.516845703125, 1133.254638671875]",2026-01-03 09:55:44
IMAG1501.JPG,animal,0.842,2026:01:03 09:55:44,"[1441.885986328125, 1023.0313720703125, 1548.9813232421875, 1137.116455078125]",2026-01-03 09:55:44
IMAG1501.JPG,animal,0.814,2026:01:03 09:55:44,"[1607.0733642578125, 1039.9151611328125, 1748.4808349609375, 1127.8543701171875]",2026-01-03 09:55:44
IMAG2008.JPG,animal,0.898,2026:01:08 17:40:01,"[667.4204711914062, 1192.443359375, 842.5017700195312, 1434.58984375]",2026-01-08 17:40:01
IMAG2008.JPG,animal,0.837,2026:01:08 17:40:01,"[278.95184326171875, 1194.0164794921875, 401.66558837890625, 1423.967529296875]",2026-01-08 17:40:01
IMAG0179.JPG,animal,0.672,2025:12:11 09:48:01,"[617.7654418945312, 471.2181701660156, 749.8753051757812, 626.6334228515625]",2025-12-11 09:48:01
IMAG1515.JPG,Empty,0.0,2026:01:03 12:59:13,,2026-01-03 12:59:13
IMAG1924.JPG,Empty,0.0,2026:01:07 22:05:50,,2026-01-07 22:05:50
IMAG1930.JPG,Empty,0.0,2026:01:08 00:16:40,,2026-01-08 00:16:40
IMAG1918.JPG,Empty,0.0,2026:01:07 20:21:28,,2026-01-07 20:21:28
IMAG2236.JPG,animal,0.969,2026:01:11 16:38:40,"[993.4065551757812, 525.1005859375, 2018.242919921875, 1140.4400634765625]",2026-01-11 16:38:40
IMAG2222.JPG,animal,0.94,2026:01:11 11:15:26,"[218.98300170898438, 848.3450927734375, 611.3751220703125, 1291.829833984375]",2026-01-11 11:15:26
IMAG1703.JPG,Empty,0.0,2026:01:05 15:37:21,,2026-01-05 15:37:21
IMAG1717.JPG,Empty,0.0,2026:01:05 18:17:01,,2026-01-05 18:17:01
IMAG2381.JPG,animal,0.948,2026:01:15 07:44:40,"[1695.689697265625, 772.7327270507812, 2048.0, 1080.710205078125]",2026-01-15 07:44:40
IMAG1850.JPG,animal,0.825,2026:01:07 07:57:28,"[1463.9156494140625, 130.55227661132812, 1619.2769775390625, 365.76873779296875]",2026-01-07 07:57:28
IMAG1850.JPG,animal,0.788,2026:01:07 07:57:28,"[1398.593505859375, 902.1320190429688, 1577.1663818359375, 1167.5736083984375]",2026-01-07 07:57:28
IMAG1850.JPG,animal,0.75,2026:01:07 07:57:28,"[1706.8115234375, 952.42822265625, 1855.181884765625, 1146.6319580078125]",2026-01-07 07:57:28
IMAG1850.JPG,animal,0.58,2026:01:07 07:57:28,"[430.485107421875, 1277.0198974609375, 545.8329467773438, 1366.8251953125]",2026-01-07 07:57:28
IMAG1850.JPG,animal,0.557,2026:01:07 07:57:28,"[322.7098693847656, 1333.7386474609375, 471.03216552734375, 1434.6168212890625]",2026-01-07 07:57:28
IMAG1850.JPG,animal,0.499,2026:01:07 07:57:28,"[955.5816650390625, 1277.843505859375, 1020.1878662109375, 1452.199951171875]",2026-01-07 07:57:28
IMAG1850.JPG,animal,0.451,2026:01:07 07:57:28,"[1086.4146728515625, 1276.2911376953125, 1272.3726806640625, 1437.527099609375]",2026-01-07 07:57:28
IMAG1850.JPG,animal,0.428,2026:01:07 07:57:28,"[1181.6920166015625, 1009.6395263671875, 1405.310546875, 1161.4979248046875]",2026-01-07 07:57:28
IMAG1688.JPG,animal,0.569,2026:01:05 12:18:52,"[974.3199462890625, 582.3926391601562, 1269.9595947265625, 729.1021118164062]",2026-01-05 12:18:52
IMAG1844.JPG,animal,0.891,2026:01:07 06:56:59,"[1090.114013671875, 1042.352783203125, 1393.37841796875, 1218.1083984375]",2026-01-07 06:56:59
IMAG2395.JPG,Empty,0.0,2026:01:15 12:21:48,,2026-01-15 12:21:48
IMAG1878.JPG,animal,0.897,2026:01:07 13:04:34,"[0.972705066204071, 870.2659912109375, 466.827392578125, 1376.78125]",2026-01-07 13:04:34
IMAG1878.JPG,animal,0.89,2026:01:07 13:04:34,"[1093.823974609375, 979.4962768554688, 1289.781005859375, 1355.7564697265625]",2026-01-07 13:04:34
IMAG2424.JPG,animal,0.964,2026:01:16 07:14:15,"[0.22517089545726776, 719.2066650390625, 518.4873046875, 1326.095458984375]",2026-01-16 07:14:15
IMAG1893.JPG,animal,0.882,2026:01:07 15:36:24,"[1026.189697265625, 1074.73046875, 1160.240966796875, 1217.709716796875]",2026-01-07 15:36:24
IMAG1893.JPG,animal,0.868,2026:01:07 15:36:24,"[870.0723876953125, 1083.645751953125, 1042.129638671875, 1235.5657958984375]",2026-01-07 15:36:24
IMAG2342.JPG,Empty,0.0,2026:01:13 18:53:51,,2026-01-13 18:53:51
IMAG2356.JPG,animal,0.962,2026:01:14 05:37:35,"[1525.781982421875, 265.5374450683594, 2048.0, 1136.321533203125]",2026-01-14 05:37:35
IMAG1887.JPG,animal,0.944,2026:01:07 14:34:47,"[1481.5224609375, 549.2291259765625, 2047.4271240234375, 1145.203857421875]",2026-01-07 14:34:47
IMAG1887.JPG,animal,0.851,2026:01:07 14:34:47,"[1041.6168212890625, 597.9446411132812, 1665.8697509765625, 1160.2440185546875]",2026-01-07 14:34:47
IMAG1887.JPG,animal,0.339,2026:01:07 14:34:47,"[1849.425048828125, 655.1116943359375, 2048.0, 1143.2818603515625]",2026-01-07 14:34:47
IMAG2430.JPG,animal,0.945,2026:01:16 10:39:59,"[335.0731506347656, 793.9528198242188, 572.3243408203125, 1099.9786376953125]",2026-01-16 10:39:59
IMAG2418.JPG,animal,0.882,2026:01:16 01:23:15,"[1065.2406005859375, 1039.1807861328125, 1414.5316162109375, 1225.2869873046875]",2026-01-16 01:23:15
IMAG1677.JPG,animal,0.9,2026:01:05 09:49:19,"[1053.046142578125, 1108.8660888671875, 1203.6142578125, 1368.4874267578125]",2026-01-05 09:49:19
IMAG1677.JPG,animal,0.397,2026:01:05 09:49:19,"[1296.270751953125, 1100.801025390625, 1405.055419921875, 1144.4786376953125]",2026-01-05 09:49:19
IMAG1663.JPG,Empty,0.0,2026:01:05 06:21:51,,2026-01-05 06:21:51
IMAG2183.JPG,animal,0.967,2026:01:10 15:45:53,"[378.5063171386719, 692.7133178710938, 894.8810424804688, 1357.3447265625]",2026-01-10 15:45:53
IMAG2197.JPG,animal,0.944,2026:01:11 00:49:02,"[724.6300659179688, 1073.5880126953125, 1107.1019287109375, 1393.091552734375]",2026-01-11 00:49:02
IMAG2140.JPG,animal,0.972,2026:01:10 05:26:51,"[0.0, 0.0, 2048.0, 1473.069091796875]",2026-01-10 05:26:51
IMAG1449.JPG,Empty,0.0,2026:01:02 18:18:08,,2026-01-02 18:18:08
IMAG0031.JPG,animal,0.872,2025:12:09 07:17:31,"[1487.726806640625, 963.6041259765625, 1776.981689453125, 1136.3226318359375]",2025-12-09 07:17:31
IMAG0031.JPG,animal,0.786,2025:12:09 07:17:31,"[1258.9500732421875, 972.3565673828125, 1376.27294921875, 1177.3465576171875]",2025-12-09 07:17:31
IMAG0031.JPG,animal,0.436,2025:12:09 07:17:31,"[1579.099853515625, 38.306488037109375, 1689.7294921875, 121.20658874511719]",2025-12-09 07:17:31
IMAG0025.JPG,Empty,0.0,2025:12:09 05:46:18,,2025-12-09 05:46:18
IMAG2154.JPG,animal,0.968,2026:01:10 08:34:17,"[1433.9273681640625, 262.546875, 2048.0, 1124.883544921875]",2026-01-10 08:34:17
IMAG1475.JPG,animal,0.832,2026:01:03 00:05:28,"[0.08461914211511612, 302.70220947265625, 418.0465393066406, 1448.4644775390625]",2026-01-03 00:05:28
IMAG1313.JPG,animal,0.932,2026:01:01 11:50:31,"[245.36117553710938, 877.1251220703125, 439.0359802246094, 1157.0711669921875]",2026-01-01 11:50:31
IMAG1313.JPG,animal,0.499,2026:01:01 11:50:31,"[1120.926513671875, 914.5177001953125, 1214.780029296875, 1122.136474609375]",2026-01-01 11:50:31
IMAG1307.JPG,Empty,0.0,2026:01:01 10:39:38,,2026-01-01 10:39:38
IMAG0019.JPG,animal,0.929,2025:12:08 22:31:24,"[494.82427978515625, 1066.1019287109375, 725.6046142578125, 1321.900146484375]",2025-12-08 22:31:24
IMAG2168.JPG,animal,0.887,2026:01:10 11:35:48,"[741.4116821289062, 1050.5714111328125, 841.9798583984375, 1296.282470703125]",2026-01-10 11:35:48
IMAG1461.JPG,Empty,0.0,2026:01:02 20:50:30,,2026-01-02 20:50:30
IMAG0042.JPG,Empty,0.0,2025:12:09 09:42:56,,2025-12-09 09:42:56
IMAG2133.JPG,animal,0.973,2026:01:10 04:09:53,"[388.7138671875, 332.00244140625, 1273.350830078125, 1422.946044921875]",2026-01-10 04:09:53
IMAG2127.JPG,animal,0.978,2026:01:10 03:04:59,"[0.704785168170929, 0.0, 2047.3961181640625, 1472.438232421875]",2026-01-10 03:04:59
IMAG0056.JPG,animal,0.913,2025:12:09 14:16:08,"[921.0511474609375, 848.2356567382812, 1098.8704833984375, 1091.71240234375]",2025-12-09 14:16:08
IMAG1348.JPG,Empty,0.0,2026:01:01 18:10:53,,2026-01-01 18:10:53
IMAG1360.JPG,Empty,0.0,2026:01:01 20:22:22,,2026-01-01 20:22:22
IMAG1406.JPG,animal,0.388,2026:01:02 09:31:35,"[366.560791015625, 363.2606506347656, 459.4095153808594, 411.474609375]",2026-01-02 09:31:35
IMAG1406.JPG,animal,0.346,2026:01:02 09:31:35,"[834.1480712890625, 1194.51171875, 1145.473388671875, 1327.579345703125]",2026-01-02 09:31:35
IMAG1412.JPG,animal,0.922,2026:01:02 10:39:42,"[1192.377685546875, 925.4986572265625, 1459.3128662109375, 1145.2493896484375]",2026-01-02 10:39:42
IMAG1374.JPG,animal,0.777,2026:01:01 23:59:48,"[1652.8939208984375, 212.18392944335938, 2047.885009765625, 1214.8353271484375]",2026-01-01 23:59:48
IMAG0081.JPG,animal,0.854,2025:12:10 00:55:08,"[1619.103515625, 12.50390625, 2048.0, 1141.896240234375]",2025-12-10 00:55:08
IMAG0095.JPG,animal,0.843,2025:12:10 07:09:50,"[216.8524932861328, 1280.0181884765625, 425.12310791015625, 1469.932861328125]",2025-12-10 07:09:50
IMAG0095.JPG,animal,0.842,2025:12:10 07:09:50,"[1438.6943359375, 863.53369140625, 1583.707763671875, 1182.9151611328125]",2025-12-10 07:09:50
IMAG0095.JPG,animal,0.734,2025:12:10 07:09:50,"[1064.164794921875, 1315.4056396484375, 1162.291748046875, 1440.008056640625]",2025-12-10 07:09:50
IMAG0095.JPG,animal,0.7,2025:12:10 07:09:50,"[816.8377075195312, 1360.6109619140625, 909.3695068359375, 1474.8082275390625]",2025-12-10 07:09:50
IMAG2331.JPG,Empty,0.0,2026:01:13 14:35:29,,2026-01-13 14:35:29
IMAG1638.JPG,Empty,0.0,2026:01:04 17:09:39,,2026-01-04 17:09:39
IMAG2457.JPG,animal,0.891,2026:01:17 05:10:14,"[275.6289978027344, 1012.37158203125, 566.6204223632812, 1308.372802734375]",2026-01-17 05:10:14
IMAG2443.JPG,animal,0.809,2026:01:16 20:07:54,"[0.0, 346.623046875, 553.5294189453125, 1322.86328125]",2026-01-16 20:07:54
IMAG2325.JPG,Empty,0.0,2026:01:13 12:33:18,,2026-01-13 12:33:18
IMAG1604.JPG,animal,0.868,2026:01:04 09:36:08,"[1103.3046875, 1246.9193115234375, 1288.9984130859375, 1373.4677734375]",2026-01-04 09:36:08
IMAG2319.JPG,animal,0.935,2026:01:13 10:13:54,"[959.7513427734375, 1.4058105945587158, 2048.0, 1116.653076171875]",2026-01-13 10:13:54
IMAG1610.JPG,animal,0.744,2026:01:04 10:44:10,"[387.1882629394531, 991.9954833984375, 566.6070556640625, 1139.861083984375]",2026-01-04 10:44:10
IMAG1610.JPG,animal,0.712,2026:01:04 10:44:10,"[473.5859375, 1016.9573364257812, 630.9635009765625, 1139.614501953125]",2026-01-04 10:44:10
IMAG1610.JPG,animal,0.594,2026:01:04 10:44:10,"[634.4403076171875, 1025.948974609375, 732.2677612304688, 1137.697509765625]",2026-01-04 10:44:10
IMAG1823.JPG,animal,0.555,2026:01:07 02:23:08,"[1801.3779296875, 462.4009704589844, 2048.0, 1149.825439453125]",2026-01-07 02:23:08
IMAG1837.JPG,animal,0.973,2026:01:07 05:04:44,"[272.77337646484375, 530.1387939453125, 1083.2896728515625, 1398.1943359375]",2026-01-07 05:04:44
IMAG2245.JPG,Empty,0.0,2026:01:11 19:07:52,,2026-01-11 19:07:52
IMAG1994.JPG,Empty,0.0,2026:01:08 14:53:05,,2026-01-08 14:53:05
IMAG1758.JPG,Empty,0.0,2026:01:06 10:45:25,,2026-01-06 10:45:25
IMAG1980.JPG,animal,0.529,2026:01:08 11:37:46,"[973.96044921875, 738.9920043945312, 1022.51513671875, 809.4615478515625]",2026-01-08 11:37:46
IMAG2251.JPG,animal,0.854,2026:01:12 01:20:58,"[1713.919921875, 703.9933471679688, 2047.8714599609375, 1123.9420166015625]",2026-01-12 01:20:58
IMAG1770.JPG,Empty,0.0,2026:01:06 13:18:44,,2026-01-06 13:18:44
IMAG2279.JPG,animal,0.952,2026:01:12 11:14:23,"[657.9285278320312, 756.2882080078125, 980.5164184570312, 1133.47802734375]",2026-01-12 11:14:23
IMAG2279.JPG,animal,0.718,2026:01:12 11:14:23,"[904.1536254882812, 998.53125, 1064.76708984375, 1135.580322265625]",2026-01-12 11:14:23
IMAG2279.JPG,animal,0.678,2026:01:12 11:14:23,"[1030.169677734375, 993.8336181640625, 1146.8665771484375, 1126.2435302734375]",2026-01-12 11:14:23
IMAG1764.JPG,Empty,0.0,2026:01:06 12:11:51,,2026-01-06 12:11:51
IMAG1957.JPG,animal,0.967,2026:01:08 07:04:59,"[607.1822509765625, 956.2747192382812, 1328.9140625, 1474.304443359375]",2026-01-08 07:04:59
IMAG2286.JPG,animal,0.963,2026:01:12 14:16:35,"[1420.401123046875, 587.6082153320312, 2047.09765625, 1142.6947021484375]",2026-01-12 14:16:35
IMAG2292.JPG,animal,0.95,2026:01:12 16:58:51,"[1453.301025390625, 756.5213012695312, 1831.1787109375, 1141.7183837890625]",2026-01-12 16:58:51
IMAG1943.JPG,animal,0.9,2026:01:08 03:12:31,"[0.0, 87.837890625, 447.07598876953125, 1267.605712890625]",2026-01-08 03:12:31
IMAG1943.JPG,animal,0.756,2026:01:08 03:12:31,"[859.1580200195312, 1047.5924072265625, 982.0970458984375, 1221.033935546875]",2026-01-08 03:12:31
IMAG0136.JPG,Empty,0.0,2025:12:10 16:21:50,,2025-12-10 16:21:50
IMAG2047.JPG,animal,0.795,2026:01:09 02:09:41,"[1489.553466796875, 809.00927734375, 1829.914794921875, 1127.933837890625]",2026-01-09 02:09:41
IMAG2053.JPG,animal,0.981,2026:01:09 03:35:40,"[0.877636730670929, 0.22763672471046448, 1618.6451416015625, 1468.418701171875]",2026-01-09 03:35:40
IMAG0122.JPG,animal,0.951,2025:12:10 13:12:35,"[40.176536560058594, 750.5267944335938, 557.9324951171875, 1422.1302490234375]",2025-12-10 13:12:35
IMAG1572.JPG,animal,0.929,2026:01:04 00:43:28,"[0.0, 723.2415161132812, 508.4999084472656, 1305.22412109375]",2026-01-04 00:43:28
IMAG1572.JPG,animal,0.797,2026:01:04 00:43:28,"[612.109375, 877.9896240234375, 960.1148681640625, 1134.441650390625]",2026-01-04 00:43:28
IMAG1572.JPG,animal,0.686,2026:01:04 00:43:28,"[1348.795654296875, 779.5928955078125, 1610.87548828125, 1108.317138671875]",2026-01-04 00:43:28
IMAG1572.JPG,animal,0.354,2026:01:04 00:43:28,"[1943.8199462890625, 771.3375244140625, 2047.756591796875, 1009.1697387695312]",2026-01-04 00:43:28
IMAG1566.JPG,animal,0.95,2026:01:03 23:43:18,"[130.348876953125, 454.0440979003906, 1114.409423828125, 1374.579345703125]",2026-01-03 23:43:18
IMAG1566.JPG,animal,0.912,2026:01:03 23:43:18,"[1469.6312255859375, 748.5300903320312, 1721.895263671875, 1128.9361572265625]",2026-01-03 23:43:18
IMAG2084.JPG,animal,0.952,2026:01:09 14:32:28,"[738.5340576171875, 746.5303344726562, 1119.466064453125, 1128.9234619140625]",2026-01-09 14:32:28
IMAG1599.JPG,animal,0.694,2026:01:04 08:42:05,"[968.0046997070312, 1152.1998291015625, 1075.8314208984375, 1263.534423828125]",2026-01-04 08:42:05
IMAG2090.JPG,animal,0.971,2026:01:09 16:20:40,"[0.0002929687616415322, 723.3204345703125, 480.34759521484375, 1307.529052734375]",2026-01-09 16:20:40
IMAG2091.JPG,animal,0.92,2026:01:09 16:30:57,"[0.0, 383.7889709472656, 523.0020751953125, 1471.2940673828125]",2026-01-09 16:30:57
IMAG1598.JPG,animal,0.336,2026:01:04 08:29:11,"[1117.3795166015625, 1131.8853759765625, 1194.746826171875, 1213.8568115234375]",2026-01-04 08:29:11
IMAG2085.JPG,Empty,0.0,2026:01:09 15:01:20,,2026-01-09 15:01:20
IMAG1567.JPG,animal,0.889,2026:01:03 23:53:18,"[1186.0682373046875, 1.023290991783142, 2047.978515625, 1423.291015625]",2026-01-03 23:53:18
IMAG1573.JPG,animal,0.743,2026:01:04 00:53:29,"[11.491113662719727, 28.497020721435547, 1994.775390625, 1464.0142822265625]",2026-01-04 00:53:29
IMAG2052.JPG,animal,0.956,2026:01:09 03:25:38,"[0.0, 614.6665649414062, 534.6744995117188, 1284.5894775390625]",2026-01-09 03:25:38
IMAG0123.JPG,Empty,0.0,2025:12:10 13:41:20,,2025-12-10 13:41:20
IMAG0137.JPG,Empty,0.0,2025:12:10 16:35:23,,2025-12-10 16:35:23
IMAG2046.JPG,animal,0.5,2026:01:09 01:55:11,"[1397.1922607421875, 1045.597900390625, 1679.5152587890625, 1147.0517578125]",2026-01-09 01:55:11
IMAG2046.JPG,animal,0.358,2026:01:09 01:55:11,"[1076.063720703125, 1052.2322998046875, 1683.061279296875, 1402.3819580078125]",2026-01-09 01:55:11
IMAG1942.JPG,animal,0.722,2026:01:08 02:53:11,"[564.6627197265625, 1076.5263671875, 791.6071166992188, 1277.7015380859375]",2026-01-08 02:53:11
IMAG1942.JPG,animal,0.311,2026:01:08 02:53:11,"[767.5097045898438, 1012.4029541015625, 874.8176879882812, 1115.654541015625]",2026-01-08 02:53:11
IMAG2293.JPG,Empty,0.0,2026:01:12 17:11:47,,2026-01-12 17:11:47
IMAG2287.JPG,animal,0.97,2026:01:12 14:32:10,"[1169.839599609375, 633.4322509765625, 1810.4351806640625, 1146.753173828125]",2026-01-12 14:32:10
IMAG1956.JPG,animal,0.904,2026:01:08 06:54:58,"[860.0637817382812, 995.9187622070312, 1078.2559814453125, 1395.673583984375]",2026-01-08 06:54:58
IMAG1765.JPG,animal,0.798,2026:01:06 12:25:43,"[923.6536254882812, 910.5349731445312, 1121.079345703125, 1129.1187744140625]",2026-01-06 12:25:43
IMAG2278.JPG,Empty,0.0,2026:01:12 10:56:51,,2026-01-12 10:56:51
IMAG1771.JPG,Empty,0.0,2026:01:06 13:32:59,,2026-01-06 13:32:59
IMAG2250.JPG,animal,0.853,2026:01:12 01:04:20,"[1708.939697265625, 673.81103515625, 2047.9400634765625, 1125.9425048828125]",2026-01-12 01:04:20
IMAG1981.JPG,Empty,0.0,2026:01:08 11:49:18,,2026-01-08 11:49:18
IMAG1759.JPG,Empty,0.0,2026:01:06 11:06:02,,2026-01-06 11:06:02
IMAG1995.JPG,Empty,0.0,2026:01:08 15:08:30,,2026-01-08 15:08:30
IMAG2244.JPG,Empty,0.0,2026:01:11 18:23:06,,2026-01-11 18:23:06
IMAG1836.JPG,Empty,0.0,2026:01:07 04:54:40,,2026-01-07 04:54:40
IMAG1822.JPG,Empty,0.0,2026:01:07 01:59:33,,2026-01-07 01:59:33
IMAG1611.JPG,animal,0.857,2026:01:04 10:54:16,"[860.57421875, 804.1734619140625, 1042.4212646484375, 1012.8284912109375]",2026-01-04 10:54:16
IMAG1611.JPG,animal,0.847,2026:01:04 10:54:16,"[610.6609497070312, 978.9359130859375, 702.236328125, 1132.789306640625]",2026-01-04 10:54:16
IMAG1611.JPG,animal,0.775,2026:01:04 10:54:16,"[782.9153442382812, 981.5947265625, 857.04345703125, 1122.9066162109375]",2026-01-04 10:54:16
IMAG1611.JPG,animal,0.695,2026:01:04 10:54:16,"[360.9031066894531, 988.1139526367188, 487.75360107421875, 1148.6788330078125]",2026-01-04 10:54:16
IMAG1611.JPG,animal,0.675,2026:01:04 10:54:16,"[463.50848388671875, 992.8308715820312, 604.955078125, 1140.5101318359375]",2026-01-04 10:54:16
IMAG2318.JPG,animal,0.952,2026:01:13 10:03:46,"[313.7546691894531, 808.1066284179688, 577.2405395507812, 1152.899658203125]",2026-01-13 10:03:46
IMAG1605.JPG,animal,0.784,2026:01:04 09:50:20,"[823.5706176757812, 1022.7532958984375, 933.8200073242188, 1135.5277099609375]",2026-01-04 09:50:20
IMAG2442.JPG,Empty,0.0,2026:01:16 19:16:10,,2026-01-16 19:16:10
IMAG2324.JPG,Empty,0.0,2026:01:13 11:59:05,,2026-01-13 11:59:05
IMAG1639.JPG,Empty,0.0,2026:01:04 17:19:48,,2026-01-04 17:19:48
IMAG2330.JPG,Empty,0.0,2026:01:13 13:56:08,,2026-01-13 13:56:08
IMAG2456.JPG,animal,0.918,2026:01:17 04:56:47,"[0.09394530951976776, 0.7386718988418579, 509.55865478515625, 1188.5863037109375]",2026-01-17 04:56:47
IMAG0094.JPG,animal,0.779,2025:12:10 06:59:48,"[971.6324462890625, 933.5687255859375, 1170.870361328125, 1121.650146484375]",2025-12-10 06:59:48
IMAG0094.JPG,animal,0.638,2025:12:10 06:59:48,"[1095.302001953125, 1257.6224365234375, 1213.132568359375, 1333.0394287109375]",2025-12-10 06:59:48
IMAG0094.JPG,animal,0.57,2025:12:10 06:59:48,"[1135.7445068359375, 1286.6065673828125, 1289.946533203125, 1392.7667236328125]",2025-12-10 06:59:48
IMAG0094.JPG,animal,0.423,2025:12:10 06:59:48,"[1045.6097412109375, 1145.7021484375, 1148.479736328125, 1216.44140625]",2025-12-10 06:59:48
IMAG0094.JPG,animal,0.4,2025:12:10 06:59:48,"[1011.0650634765625, 1227.3189697265625, 1153.0279541015625, 1313.25390625]",2025-12-10 06:59:48
IMAG0094.JPG,animal,0.302,2025:12:10 06:59:48,"[898.2364501953125, 1168.8004150390625, 1070.4666748046875, 1266.853271484375]",2025-12-10 06:59:48
IMAG0080.JPG,Empty,0.0,2025:12:10 00:38:51,,2025-12-10 00:38:51
IMAG1413.JPG,Empty,0.0,2026:01:02 10:56:42,,2026-01-02 10:56:42
IMAG1375.JPG,Empty,0.0,2026:01:02 00:14:25,,2026-01-02 00:14:25
IMAG1361.JPG,animal,0.872,2026:01:01 20:57:24,"[767.4703369140625, 1075.960693359375, 988.09033203125, 1235.9732666015625]",2026-01-01 20:57:24
IMAG1361.JPG,animal,0.582,2026:01:01 20:57:24,"[1616.008544921875, 860.5036010742188, 2040.846923828125, 1090.75830078125]",2026-01-01 20:57:24
IMAG1407.JPG,Empty,0.0,2026:01:02 09:41:58,,2026-01-02 09:41:58
IMAG2126.JPG,animal,0.942,2026:01:10 02:52:55,"[0.02558593824505806, 1.0470702648162842, 478.36053466796875, 1136.294189453125]",2026-01-10 02:52:55
IMAG1349.JPG,animal,0.933,2026:01:01 18:20:55,"[1.523193359375, 275.1309509277344, 1464.8079833984375, 1472.214111328125]",2026-01-01 18:20:55
IMAG1349.JPG,animal,0.653,2026:01:01 18:20:55,"[1209.789306640625, 367.00177001953125, 2048.0, 1136.223876953125]",2026-01-01 18:20:55
IMAG1349.JPG,animal,0.455,2026:01:01 18:20:55,"[59.95263671875, 914.1875, 775.8663940429688, 1414.930419921875]",2026-01-01 18:20:55
IMAG1349.JPG,animal,0.376,2026:01:01 18:20:55,"[1542.80322265625, 858.7322387695312, 2045.9205322265625, 1131.9853515625]",2026-01-01 18:20:55
IMAG0057.JPG,animal,0.623,2025:12:09 14:34:54,"[671.752197265625, 1009.7874145507812, 803.5704345703125, 1092.31103515625]",2025-12-09 14:34:54
IMAG0043.JPG,animal,0.579,2025:12:09 10:10:37,"[1036.031494140625, 1282.563720703125, 1150.200439453125, 1386.15478515625]",2025-12-09 10:10:37
IMAG0043.JPG,animal,0.537,2025:12:09 10:10:37,"[1249.7841796875, 504.996826171875, 1356.453369140625, 564.7816162109375]",2025-12-09 10:10:37
IMAG2132.JPG,animal,0.836,2026:01:10 03:59:53,"[1251.9853515625, 999.0933837890625, 1529.1754150390625, 1134.665283203125]",2026-01-10 03:59:53
IMAG0055.JPG,animal,0.867,2025:12:09 14:04:39,"[1171.391357421875, 1007.5499267578125, 1311.367919921875, 1202.066162109375]",2025-12-09 14:04:39
IMAG2124.JPG,animal,0.634,2026:01:10 02:32:47,"[2.6170897483825684, 0.0, 2041.248779296875, 1466.0518798828125]",2026-01-10 02:32:47
IMAG1439.JPG,animal,0.617,2026:01:02 16:19:00,"[1202.447998046875, 1047.031982421875, 1300.280029296875, 1149.078857421875]",2026-01-02 16:19:00
IMAG2130.JPG,animal,0.98,2026:01:10 03:35:12,"[1.514306664466858, 0.47724610567092896, 1269.3900146484375, 1470.379638671875]",2026-01-10 03:35:12
IMAG2130.JPG,animal,0.94,2026:01:10 03:35:12,"[1323.911865234375, 751.0238037109375, 1938.9534912109375, 1133.6947021484375]",2026-01-10 03:35:12
IMAG0041.JPG,Empty,0.0,2025:12:09 09:29:59,,2025-12-09 09:29:59
IMAG0069.JPG,animal,0.966,2025:12:09 17:52:35,"[0.0, 97.078857421875, 957.9361572265625, 1445.637451171875]",2025-12-09 17:52:35
IMAG1377.JPG,animal,0.778,2026:01:02 00:34:51,"[1577.6170654296875, 9.313623428344727, 2048.0, 1372.2613525390625]",2026-01-02 00:34:51
IMAG1411.JPG,animal,0.404,2026:01:02 10:27:52,"[661.969482421875, 1052.662841796875, 822.0753784179688, 1139.6005859375]",2026-01-02 10:27:52
IMAG2118.JPG,animal,0.972,2026:01:10 01:17:54,"[164.9920196533203, 384.4557189941406, 899.6964721679688, 1471.5347900390625]",2026-01-10 01:17:54
IMAG2118.JPG,animal,0.949,2026:01:10 01:17:54,"[1682.5992431640625, 136.05606079101562, 2048.0, 1132.487060546875]",2026-01-10 01:17:54
IMAG1405.JPG,Empty,0.0,2026:01:02 09:21:17,,2026-01-02 09:21:17
IMAG1363.JPG,Empty,0.0,2026:01:01 21:26:52,,2026-01-01 21:26:52
IMAG1388.JPG,animal,0.943,2026:01:02 05:14:58,"[0.0, 101.2606430053711, 664.76025390625, 1201.9617919921875]",2026-01-02 05:14:58
IMAG0096.JPG,Empty,0.0,2025:12:10 07:19:55,,2025-12-10 07:19:55
IMAG0082.JPG,animal,0.975,2025:12:10 01:05:28,"[0.0, 112.03340148925781, 1529.060546875, 1476.662109375]",2025-12-10 01:05:28
IMAG0082.JPG,animal,0.335,2025:12:10 01:05:28,"[83.7806625366211, 655.4345703125, 1184.9981689453125, 1448.224365234375]",2025-12-10 01:05:28
IMAG2326.JPG,animal,0.32,2026:01:13 12:51:55,"[1228.1370849609375, 653.3460693359375, 1342.880615234375, 731.7176513671875]",2026-01-13 12:51:55
IMAG2440.JPG,Empty,0.0,2026:01:16 17:48:40,,2026-01-16 17:48:40
IMAG2454.JPG,Empty,0.0,2026:01:17 02:06:12,,2026-01-17 02:06:12
IMAG2332.JPG,Empty,0.0,2026:01:13 14:56:16,,2026-01-13 14:56:16
IMAG1613.JPG,animal,0.798,2026:01:04 11:28:59,"[1854.2779541015625, 0.0, 2048.0, 830.2199096679688]",2026-01-04 11:28:59
IMAG1613.JPG,animal,0.716,2026:01:04 11:28:59,"[913.0642700195312, 734.5933837890625, 962.9148559570312, 806.666015625]",2026-01-04 11:28:59
IMAG1613.JPG,animal,0.698,2026:01:04 11:28:59,"[811.8375244140625, 677.120849609375, 868.59912109375, 744.1859130859375]",2026-01-04 11:28:59
IMAG1613.JPG,animal,0.32,2026:01:04 11:28:59,"[638.61083984375, 729.054931640625, 708.3084716796875, 856.6203002929688]",2026-01-04 11:28:59
IMAG2468.JPG,Empty,0.0,2026:01:17 07:58:29,,2026-01-17 07:58:29
IMAG1607.JPG,animal,0.359,2026:01:04 10:10:31,"[694.8744506835938, 1038.8270263671875, 805.5501708984375, 1135.1368408203125]",2026-01-04 10:10:31
IMAG1834.JPG,animal,0.917,2026:01:07 04:22:55,"[973.3712768554688, 815.896484375, 1383.3189697265625, 1149.0465087890625]",2026-01-07 04:22:55
IMAG1834.JPG,animal,0.902,2026:01:07 04:22:55,"[1744.0045166015625, 501.22381591796875, 2048.0, 1147.970458984375]",2026-01-07 04:22:55
IMAG1820.JPG,animal,0.919,2026:01:07 01:14:53,"[1349.176513671875, 863.8746948242188, 1817.729248046875, 1136.663818359375]",2026-01-07 01:14:53
IMAG1808.JPG,Empty,0.0,2026:01:06 21:31:24,,2026-01-06 21:31:24
IMAG1983.JPG,Empty,0.0,2026:01:08 12:18:00,,2026-01-08 12:18:00
IMAG2252.JPG,animal,0.923,2026:01:12 01:38:59,"[1600.183837890625, 838.26220703125, 2047.726806640625, 1114.763427734375]",2026-01-12 01:38:59
IMAG2246.JPG,animal,0.893,2026:01:11 22:35:05,"[1761.4554443359375, 1.289404273033142, 2048.0, 1142.777587890625]",2026-01-11 22:35:05
IMAG1997.JPG,Empty,0.0,2026:01:08 15:37:40,,2026-01-08 15:37:40
IMAG1767.JPG,animal,0.309,2026:01:06 12:46:39,"[611.9607543945312, 245.0059051513672, 705.14990234375, 310.67156982421875]",2026-01-06 12:46:39
IMAG1773.JPG,Empty,0.0,2026:01:06 13:54:31,,2026-01-06 13:54:31
IMAG2291.JPG,Empty,0.0,2026:01:12 16:19:25,,2026-01-12 16:19:25
IMAG1940.JPG,Empty,0.0,2026:01:08 02:31:13,,2026-01-08 02:31:13
IMAG1798.JPG,Empty,0.0,2026:01:06 18:43:11,,2026-01-06 18:43:11
IMAG1954.JPG,Empty,0.0,2026:01:08 06:20:47,,2026-01-08 06:20:47
IMAG2285.JPG,animal,0.959,2026:01:12 14:05:14,"[1646.9296875, 423.77947998046875, 2048.0, 1141.169677734375]",2026-01-12 14:05:14
IMAG1968.JPG,Empty,0.0,2026:01:08 09:16:48,,2026-01-08 09:16:48
IMAG0121.JPG,animal,0.873,2025:12:10 13:01:11,"[1719.7490234375, 1010.1119384765625, 1840.6021728515625, 1126.714599609375]",2025-12-10 13:01:11
IMAG2050.JPG,animal,0.955,2026:01:09 02:51:58,"[0.0, 1.6409180164337158, 735.1419677734375, 1269.595947265625]",2026-01-09 02:51:58
IMAG1559.JPG,animal,0.917,2026:01:03 22:28:12,"[1023.2546997070312, 533.0782470703125, 1888.4521484375, 1260.3465576171875]",2026-01-03 22:28:12
IMAG1559.JPG,animal,0.883,2026:01:03 22:28:12,"[0.252685546875, 291.71728515625, 547.4150390625, 1464.40283203125]",2026-01-03 22:28:12
IMAG1559.JPG,animal,0.684,2026:01:03 22:28:12,"[308.9945983886719, 814.4720458984375, 741.7150268554688, 1239.5970458984375]",2026-01-03 22:28:12
IMAG2044.JPG,Empty,0.0,2026:01:09 01:22:35,,2026-01-09 01:22:35
IMAG0135.JPG,animal,0.888,2025:12:10 16:10:36,"[1063.0128173828125, 458.322265625, 1763.294677734375, 1310.330078125]",2025-12-10 16:10:36
IMAG0135.JPG,animal,0.831,2025:12:10 16:10:36,"[0.0, 802.5535278320312, 446.25604248046875, 1179.9381103515625]",2025-12-10 16:10:36
IMAG0135.JPG,animal,0.793,2025:12:10 16:10:36,"[893.517578125, 611.83447265625, 1358.8385009765625, 1306.326416015625]",2025-12-10 16:10:36
IMAG0135.JPG,animal,0.592,2025:12:10 16:10:36,"[1677.2763671875, 405.3849182128906, 2048.0, 1103.6448974609375]",2025-12-10 16:10:36
IMAG0135.JPG,animal,0.562,2025:12:10 16:10:36,"[799.6763916015625, 796.1739501953125, 964.6566162109375, 1128.29443359375]",2025-12-10 16:10:36
IMAG0135.JPG,animal,0.539,2025:12:10 16:10:36,"[1761.8206787109375, 824.1731567382812, 1994.138671875, 1100.673095703125]",2025-12-10 16:10:36
IMAG0135.JPG,animal,0.26,2025:12:10 16:10:36,"[797.0957641601562, 786.4136962890625, 1124.9521484375, 1181.5101318359375]",2025-12-10 16:10:36
IMAG1565.JPG,animal,0.924,2026:01:03 23:33:16,"[654.4277954101562, 555.654052734375, 1456.2613525390625, 1231.1304931640625]",2026-01-03 23:33:16
IMAG1565.JPG,animal,0.807,2026:01:03 23:33:16,"[1815.843994140625, 13.150537490844727, 2047.914306640625, 1138.6646728515625]",2026-01-03 23:33:16
IMAG2078.JPG,animal,0.894,2026:01:09 12:23:02,"[565.6060180664062, 790.7139892578125, 736.6668701171875, 1029.85009765625]",2026-01-09 12:23:02
IMAG1571.JPG,animal,0.95,2026:01:04 00:33:27,"[1282.3697509765625, 231.3879852294922, 2048.0, 1137.439208984375]",2026-01-04 00:33:27
IMAG1571.JPG,animal,0.848,2026:01:04 00:33:27,"[378.2818603515625, 562.6046752929688, 740.5279541015625, 1262.708251953125]",2026-01-04 00:33:27
IMAG1571.JPG,animal,0.582,2026:01:04 00:33:27,"[688.8065185546875, 860.8390502929688, 828.388671875, 1122.337890625]",2026-01-04 00:33:27
IMAG0109.JPG,animal,0.852,2025:12:10 09:54:52,"[1039.5150146484375, 1234.1495361328125, 1278.6373291015625, 1389.8887939453125]",2025-12-10 09:54:52
IMAG2093.JPG,animal,0.855,2026:01:09 16:52:09,"[1586.7825927734375, 2.22119140625, 2048.0, 1468.80615234375]",2026-01-09 16:52:09
IMAG2087.JPG,Empty,0.0,2026:01:09 15:30:00,,2026-01-09 15:30:00
IMAG2086.JPG,Empty,0.0,2026:01:09 15:11:20,,2026-01-09 15:11:20
IMAG2092.JPG,animal,0.93,2026:01:09 16:42:06,"[0.0, 630.128173828125, 263.4241943359375, 1268.996826171875]",2026-01-09 16:42:06
IMAG1570.JPG,animal,0.928,2026:01:04 00:23:26,"[110.29521179199219, 536.31787109375, 1160.2635498046875, 1470.383544921875]",2026-01-04 00:23:26
IMAG1570.JPG,animal,0.885,2026:01:04 00:23:26,"[1115.472412109375, 0.0, 2047.424072265625, 1408.1976318359375]",2026-01-04 00:23:26
IMAG2079.JPG,animal,0.918,2026:01:09 12:33:06,"[0.0, 448.36285400390625, 459.53778076171875, 1452.402587890625]",2026-01-09 12:33:06
IMAG0108.JPG,Empty,0.0,2025:12:10 09:43:14,,2025-12-10 09:43:14
IMAG1564.JPG,animal,0.875,2026:01:03 23:23:15,"[1479.424072265625, 3.7215332984924316, 2048.0, 1361.7529296875]",2026-01-03 23:23:15
IMAG2045.JPG,Empty,0.0,2026:01:09 01:37:08,,2026-01-09 01:37:08
IMAG0134.JPG,animal,0.811,2025:12:10 16:00:34,"[174.66439819335938, 821.4798583984375, 361.81591796875, 1004.9710693359375]",2025-12-10 16:00:34
IMAG0134.JPG,animal,0.807,2025:12:10 16:00:34,"[698.5836791992188, 1039.662841796875, 833.2252807617188, 1130.1619873046875]",2025-12-10 16:00:34
IMAG0134.JPG,animal,0.804,2025:12:10 16:00:34,"[860.8978271484375, 1034.5064697265625, 967.5792846679688, 1129.7369384765625]",2025-12-10 16:00:34
IMAG0134.JPG,animal,0.759,2025:12:10 16:00:34,"[960.0211181640625, 1215.45556640625, 1074.786865234375, 1331.4366455078125]",2025-12-10 16:00:34
IMAG0120.JPG,animal,0.773,2025:12:10 12:31:37,"[747.7240600585938, 501.6180725097656, 878.4148559570312, 652.8277587890625]",2025-12-10 12:31:37
IMAG1558.JPG,animal,0.937,2026:01:03 22:18:12,"[0.0, 0.0, 751.7979736328125, 1462.550537109375]",2026-01-03 22:18:12
IMAG2051.JPG,animal,0.824,2026:01:09 03:12:42,"[1309.6148681640625, 971.3157958984375, 1512.2337646484375, 1152.899658203125]",2026-01-09 03:12:42
IMAG2051.JPG,animal,0.315,2026:01:09 03:12:42,"[1077.775146484375, 970.4818115234375, 1514.447265625, 1394.21484375]",2026-01-09 03:12:42
IMAG1969.JPG,animal,0.967,2026:01:08 09:26:49,"[1.505761742591858, 171.39584350585938, 1362.278076171875, 1459.605712890625]",2026-01-08 09:26:49
IMAG1969.JPG,animal,0.708,2026:01:08 09:26:49,"[0.0, 912.5, 636.2374267578125, 1433.460693359375]",2026-01-08 09:26:49
IMAG2284.JPG,animal,0.669,2026:01:12 13:54:37,"[1708.5677490234375, 28.601268768310547, 2048.0, 1157.4498291015625]",2026-01-12 13:54:37
IMAG1955.JPG,Empty,0.0,2026:01:08 06:44:50,,2026-01-08 06:44:50
IMAG1799.JPG,Empty,0.0,2026:01:06 18:53:15,,2026-01-06 18:53:15
IMAG1941.JPG,animal,0.952,2026:01:08 02:41:16,"[564.6032104492188, 1067.164794921875, 1091.28173828125, 1355.4443359375]",2026-01-08 02:41:16
IMAG2290.JPG,Empty,0.0,2026:01:12 15:59:23,,2026-01-12 15:59:23
IMAG1772.JPG,Empty,0.0,2026:01:06 13:43:26,,2026-01-06 13:43:26
IMAG1766.JPG,animal,0.789,2026:01:06 12:35:50,"[1385.4449462890625, 1051.2171630859375, 1469.180419921875, 1144.7474365234375]",2026-01-06 12:35:50
IMAG1766.JPG,animal,0.771,2026:01:06 12:35:50,"[1813.6861572265625, 492.6289978027344, 1945.9935302734375, 575.5716552734375]",2026-01-06 12:35:50
IMAG1766.JPG,animal,0.725,2026:01:06 12:35:50,"[828.0617065429688, 926.1350708007812, 926.6507568359375, 1130.20751953125]",2026-01-06 12:35:50
IMAG1766.JPG,animal,0.585,2026:01:06 12:35:50,"[1359.2371826171875, 447.12835693359375, 1514.619873046875, 573.384033203125]",2026-01-06 12:35:50
IMAG1766.JPG,animal,0.583,2026:01:06 12:35:50,"[1254.0626220703125, 713.0189208984375, 1328.841064453125, 777.5198364257812]",2026-01-06 12:35:50
IMAG1766.JPG,animal,0.479,2026:01:06 12:35:50,"[676.9644165039062, 987.9913330078125, 752.271240234375, 1071.2127685546875]",2026-01-06 12:35:50
IMAG1766.JPG,animal,0.466,2026:01:06 12:35:50,"[668.344482421875, 1092.2637939453125, 801.8613891601562, 1173.40087890625]",2026-01-06 12:35:50
IMAG1766.JPG,animal,0.302,2026:01:06 12:35:50,"[979.4915161132812, 508.29022216796875, 1089.657958984375, 560.0830078125]",2026-01-06 12:35:50
IMAG1766.JPG,animal,0.261,2026:01:06 12:35:50,"[1123.9512939453125, 1110.37744140625, 1242.7459716796875, 1181.600341796875]",2026-01-06 12:35:50
IMAG1996.JPG,Empty,0.0,2026:01:08 15:27:13,,2026-01-08 15:27:13
IMAG2247.JPG,animal,0.887,2026:01:11 23:23:57,"[767.0831909179688, 1163.540771484375, 1078.4573974609375, 1406.7110595703125]",2026-01-11 23:23:57
IMAG2247.JPG,animal,0.732,2026:01:11 23:23:57,"[1190.2589111328125, 1023.0625, 1593.565185546875, 1169.265380859375]",2026-01-11 23:23:57
IMAG2253.JPG,Empty,0.0,2026:01:12 01:48:59,,2026-01-12 01:48:59
IMAG1982.JPG,Empty,0.0,2026:01:08 12:00:18,,2026-01-08 12:00:18
IMAG1809.JPG,Empty,0.0,2026:01:06 21:41:29,,2026-01-06 21:41:29
IMAG1821.JPG,animal,0.513,2026:01:07 01:34:48,"[1832.427734375, 249.95114135742188, 2048.0, 795.9322509765625]",2026-01-07 01:34:48
IMAG1835.JPG,animal,0.602,2026:01:07 04:38:22,"[1718.9456787109375, 4.07275390625, 2047.840576171875, 1177.725341796875]",2026-01-07 04:38:22
IMAG2469.JPG,animal,0.744,2026:01:17 08:08:49,"[1805.037109375, 328.16204833984375, 1913.5140380859375, 449.5926818847656]",2026-01-17 08:08:49
IMAG2469.JPG,animal,0.658,2026:01:17 08:08:49,"[1963.714599609375, 568.0076293945312, 2047.7935791015625, 656.4014892578125]",2026-01-17 08:08:49
IMAG2469.JPG,animal,0.318,2026:01:17 08:08:49,"[1094.9561767578125, 1135.8614501953125, 1184.24169921875, 1207.6727294921875]",2026-01-17 08:08:49
IMAG1606.JPG,animal,0.929,2026:01:04 10:00:29,"[1378.267578125, 869.8937377929688, 1613.827880859375, 1171.7620849609375]",2026-01-04 10:00:29
IMAG1606.JPG,animal,0.899,2026:01:04 10:00:29,"[1802.7294921875, 884.3851318359375, 1993.3118896484375, 1166.1527099609375]",2026-01-04 10:00:29
IMAG1606.JPG,animal,0.555,2026:01:04 10:00:29,"[791.6777954101562, 1033.0086669921875, 923.2122802734375, 1132.635498046875]",2026-01-04 10:00:29
IMAG1612.JPG,Empty,0.0,2026:01:04 11:05:22,,2026-01-04 11:05:22
IMAG2455.JPG,Empty,0.0,2026:01:17 03:33:47,,2026-01-17 03:33:47
IMAG2333.JPG,animal,0.954,2026:01:13 15:06:22,"[1150.1904296875, 760.3484497070312, 1931.9010009765625, 1146.3486328125]",2026-01-13 15:06:22
IMAG2327.JPG,animal,0.946,2026:01:13 13:01:57,"[1165.951904296875, 805.0601806640625, 1448.4163818359375, 1199.3609619140625]",2026-01-13 13:01:57
IMAG2441.JPG,Empty,0.0,2026:01:16 18:53:23,,2026-01-16 18:53:23
IMAG0083.JPG,animal,0.788,2025:12:10 01:17:25,"[1570.1195068359375, 2.173828125, 2048.0, 1278.081298828125]",2025-12-10 01:17:25
IMAG0097.JPG,Empty,0.0,2025:12:10 07:30:33,,2025-12-10 07:30:33
IMAG1389.JPG,animal,0.964,2026:01:02 05:25:22,"[0.15424804389476776, 0.9091796875, 794.2017822265625, 1431.8306884765625]",2026-01-02 05:25:22
IMAG1404.JPG,animal,0.516,2026:01:02 09:11:13,"[1644.1409912109375, 345.306396484375, 1723.842529296875, 460.7420349121094]",2026-01-02 09:11:13
IMAG1362.JPG,Empty,0.0,2026:01:01 21:14:17,,2026-01-01 21:14:17
IMAG1376.JPG,animal,0.971,2026:01:02 00:24:27,"[0.0, 0.06645508110523224, 1378.6982421875, 1469.8883056640625]",2026-01-02 00:24:27
IMAG1376.JPG,animal,0.736,2026:01:02 00:24:27,"[144.3157196044922, 892.4766845703125, 842.3914794921875, 1451.640380859375]",2026-01-02 00:24:27
IMAG0068.JPG,animal,0.878,2025:12:09 17:25:43,"[1482.8060302734375, 928.9249877929688, 1630.6292724609375, 1127.6409912109375]",2025-12-09 17:25:43
IMAG2119.JPG,animal,0.907,2026:01:10 01:27:55,"[839.8165893554688, 881.1353759765625, 1201.9761962890625, 1131.277587890625]",2026-01-10 01:27:55
IMAG1410.JPG,Empty,0.0,2026:01:02 10:14:56,,2026-01-02 10:14:56
IMAG2131.JPG,animal,0.852,2026:01:10 03:49:16,"[899.2166137695312, 997.87451171875, 1078.767822265625, 1150.3360595703125]",2026-01-10 03:49:16
IMAG1438.JPG,Empty,0.0,2026:01:02 16:06:25,,2026-01-02 16:06:25
IMAG0040.JPG,Empty,0.0,2025:12:09 09:09:11,,2025-12-09 09:09:11
IMAG0054.JPG,Empty,0.0,2025:12:09 13:35:02,,2025-12-09 13:35:02
IMAG2125.JPG,animal,0.968,2026:01:10 02:42:48,"[521.8260498046875, 456.42437744140625, 1286.1790771484375, 1386.364013671875]",2026-01-10 02:42:48
IMAG2125.JPG,animal,0.834,2026:01:10 02:42:48,"[1016.1473388671875, 691.8748779296875, 1418.48681640625, 1164.956298828125]",2026-01-10 02:42:48
IMAG1414.JPG,Empty,0.0,2026:01:02 11:07:11,,2026-01-02 11:07:11
IMAG1372.JPG,animal,0.68,2026:01:01 23:35:33,"[683.40380859375, 1044.0439453125, 866.0792236328125, 1176.6929931640625]",2026-01-01 23:35:33
IMAG0078.JPG,animal,0.692,2025:12:09 23:40:16,"[1642.7822265625, 9.096288681030273, 2048.0, 1334.4952392578125]",2025-12-09 23:40:16
IMAG1366.JPG,animal,0.974,2026:01:01 22:15:44,"[1116.80078125, 212.2782745361328, 2044.1689453125, 1135.822509765625]",2026-01-01 22:15:44
IMAG2109.JPG,animal,0.595,2026:01:09 22:54:38,"[2.195629835128784, 858.5753173828125, 415.2281188964844, 1114.38720703125]",2026-01-09 22:54:38
IMAG1400.JPG,animal,0.714,2026:01:02 08:27:47,"[689.26220703125, 1203.38525390625, 790.09619140625, 1280.54833984375]",2026-01-02 08:27:47
IMAG1400.JPG,animal,0.582,2026:01:02 08:27:47,"[1171.0487060546875, 455.13427734375, 1341.1727294921875, 515.6175537109375]",2026-01-02 08:27:47
IMAG1400.JPG,animal,0.557,2026:01:02 08:27:47,"[1318.721923828125, 636.7582397460938, 1374.6590576171875, 677.2241821289062]",2026-01-02 08:27:47
IMAG1400.JPG,animal,0.423,2026:01:02 08:27:47,"[506.8727111816406, 646.1328735351562, 590.352294921875, 703.4755249023438]",2026-01-02 08:27:47
IMAG2121.JPG,animal,0.925,2026:01:10 02:02:43,"[625.4877319335938, 1011.2703247070312, 933.3751831054688, 1229.4847412109375]",2026-01-10 02:02:43
IMAG1428.JPG,Empty,0.0,2026:01:02 13:53:48,,2026-01-02 13:53:48
IMAG0050.JPG,Empty,0.0,2025:12:09 12:37:46,,2025-12-09 12:37:46
IMAG0044.JPG,Empty,0.0,2025:12:09 10:31:12,,2025-12-09 10:31:12
IMAG2135.JPG,animal,0.722,2026:01:10 04:34:56,"[0.0, 2.8121581077575684, 2048.0, 1466.833251953125]",2026-01-10 04:34:56
IMAG0093.JPG,Empty,0.0,2025:12:10 06:49:44,,2025-12-10 06:49:44
IMAG1399.JPG,Empty,0.0,2026:01:02 08:17:37,,2026-01-02 08:17:37
IMAG0087.JPG,animal,0.786,2025:12:10 02:38:41,"[1680.168701171875, 23.297266006469727, 2048.0, 1420.387451171875]",2025-12-10 02:38:41
IMAG1616.JPG,Empty,0.0,2026:01:04 12:16:59,,2026-01-04 12:16:59
IMAG1602.JPG,Empty,0.0,2026:01:04 09:12:21,,2026-01-04 09:12:21
IMAG2445.JPG,Empty,0.0,2026:01:16 20:42:31,,2026-01-16 20:42:31
IMAG2323.JPG,animal,0.599,2026:01:13 11:28:39,"[302.4935607910156, 985.8824462890625, 427.909423828125, 1096.0072021484375]",2026-01-13 11:28:39
IMAG2337.JPG,Empty,0.0,2026:01:13 17:43:53,,2026-01-13 17:43:53
IMAG2451.JPG,animal,0.932,2026:01:17 01:27:04,"[0.108154296875, 0.493896484375, 585.3575439453125, 877.5755615234375]",2026-01-17 01:27:04
IMAG1819.JPG,animal,0.827,2026:01:07 01:04:30,"[1615.891845703125, 258.1165466308594, 2048.0, 1150.243408203125]",2026-01-07 01:04:30
IMAG1831.JPG,animal,0.874,2026:01:07 03:52:52,"[1319.94189453125, 590.40625, 1923.760986328125, 1142.048583984375]",2026-01-07 03:52:52
IMAG1831.JPG,animal,0.807,2026:01:07 03:52:52,"[0.9483398199081421, 470.09991455078125, 1314.1954345703125, 1470.9122314453125]",2026-01-07 03:52:52
IMAG1831.JPG,animal,0.44,2026:01:07 03:52:52,"[0.0, 0.37890625, 1069.147705078125, 842.0421142578125]",2026-01-07 03:52:52
IMAG1825.JPG,animal,0.711,2026:01:07 02:50:08,"[1707.276123046875, 388.8536071777344, 2048.0, 1190.6610107421875]",2026-01-07 02:50:08
IMAG1762.JPG,animal,0.436,2026:01:06 11:41:11,"[677.1514892578125, 981.3328857421875, 741.6927490234375, 1107.8670654296875]",2026-01-06 11:41:11
IMAG1762.JPG,animal,0.275,2026:01:06 11:41:11,"[978.3873901367188, 602.1860961914062, 1072.4871826171875, 653.417236328125]",2026-01-06 11:41:11
IMAG1762.JPG,animal,0.275,2026:01:06 11:41:11,"[1480.37060546875, 733.7686157226562, 1553.5858154296875, 791.0486450195312]",2026-01-06 11:41:11
IMAG1776.JPG,Empty,0.0,2026:01:06 14:49:45,,2026-01-06 14:49:45
IMAG1986.JPG,animal,0.951,2026:01:08 13:22:54,"[1728.119140625, 778.94775390625, 2047.764892578125, 1140.8243408203125]",2026-01-08 13:22:54
IMAG1986.JPG,animal,0.775,2026:01:08 13:22:54,"[1299.22265625, 1057.441162109375, 1351.4652099609375, 1161.056884765625]",2026-01-08 13:22:54
IMAG1986.JPG,animal,0.521,2026:01:08 13:22:54,"[75.12348937988281, 1273.537109375, 124.65351867675781, 1369.223388671875]",2026-01-08 13:22:54
IMAG1986.JPG,animal,0.285,2026:01:08 13:22:54,"[392.3338317871094, 1434.54345703125, 446.3238830566406, 1473.0457763671875]",2026-01-08 13:22:54
IMAG2257.JPG,animal,0.677,2026:01:12 04:05:22,"[1644.088623046875, 844.8132934570312, 2042.217529296875, 1070.644287109375]",2026-01-12 04:05:22
IMAG2243.JPG,animal,0.87,2026:01:11 18:11:58,"[713.4212036132812, 1224.6524658203125, 854.6032104492188, 1354.8797607421875]",2026-01-11 18:11:58
IMAG1992.JPG,animal,0.826,2026:01:08 14:31:38,"[1291.4117431640625, 46.937469482421875, 1445.2425537109375, 212.76235961914062]",2026-01-08 14:31:38
IMAG1992.JPG,animal,0.607,2026:01:08 14:31:38,"[116.28038024902344, 748.3679809570312, 224.35757446289062, 863.2744140625]",2026-01-08 14:31:38
IMAG1992.JPG,animal,0.57,2026:01:08 14:31:38,"[512.2371215820312, 583.9993896484375, 633.2750854492188, 675.4637451171875]",2026-01-08 14:31:38
IMAG1979.JPG,animal,0.424,2026:01:08 11:22:35,"[889.0368041992188, 1094.6954345703125, 951.7994995117188, 1145.927490234375]",2026-01-08 11:22:35
IMAG2294.JPG,Empty,0.0,2026:01:12 17:49:25,,2026-01-12 17:49:25
IMAG1945.JPG,animal,0.723,2026:01:08 03:47:24,"[555.0671997070312, 1054.651611328125, 796.40771484375, 1201.2174072265625]",2026-01-08 03:47:24
IMAG1951.JPG,Empty,0.0,2026:01:08 05:27:46,,2026-01-08 05:27:46
IMAG1789.JPG,animal,0.914,2026:01:06 17:07:14,"[182.03622436523438, 463.50897216796875, 1284.6048583984375, 1468.448486328125]",2026-01-06 17:07:14
IMAG1789.JPG,animal,0.776,2026:01:06 17:07:14,"[1560.234375, 0.0, 2048.0, 1058.339111328125]",2026-01-06 17:07:14
IMAG1789.JPG,animal,0.77,2026:01:06 17:07:14,"[1297.9952392578125, 622.0762939453125, 1830.8109130859375, 1139.1810302734375]",2026-01-06 17:07:14
IMAG1789.JPG,animal,0.724,2026:01:06 17:07:14,"[1765.3004150390625, 848.37939453125, 2048.0, 1134.062255859375]",2026-01-06 17:07:14
IMAG1789.JPG,animal,0.549,2026:01:06 17:07:14,"[125.8425521850586, 474.3050842285156, 625.90966796875, 1324.7109375]",2026-01-06 17:07:14
IMAG1789.JPG,animal,0.421,2026:01:06 17:07:14,"[0.19656983017921448, 466.71630859375, 265.0635681152344, 1390.4188232421875]",2026-01-06 17:07:14
IMAG1789.JPG,animal,0.282,2026:01:06 17:07:14,"[511.3435974121094, 983.9636840820312, 669.7908935546875, 1318.155029296875]",2026-01-06 17:07:14
IMAG2280.JPG,animal,0.819,2026:01:12 11:33:32,"[1292.7916259765625, 1003.8577270507812, 1621.055908203125, 1153.0167236328125]",2026-01-12 11:33:32
IMAG2280.JPG,animal,0.527,2026:01:12 11:33:32,"[1777.899658203125, 922.9986572265625, 2048.0, 1142.074951171875]",2026-01-12 11:33:32
IMAG1560.JPG,animal,0.951,2026:01:03 22:38:13,"[988.529296875, 358.0672912597656, 1534.521240234375, 1141.685791015625]",2026-01-03 22:38:13
IMAG2069.JPG,Empty,0.0,2026:01:09 09:35:31,,2026-01-09 09:35:31
IMAG0118.JPG,Empty,0.0,2025:12:10 11:46:46,,2025-12-10 11:46:46
IMAG1574.JPG,animal,0.877,2026:01:04 01:03:33,"[1341.6351318359375, 0.0, 2048.0, 1189.413818359375]",2026-01-04 01:03:33
IMAG2055.JPG,animal,0.842,2026:01:09 04:05:55,"[0.581250011920929, 0.09814453125, 2047.6099853515625, 1473.03955078125]",2026-01-09 04:05:55
IMAG0124.JPG,animal,0.877,2025:12:10 13:51:45,"[398.2252502441406, 912.7799072265625, 602.070068359375, 1131.0794677734375]",2025-12-10 13:51:45
IMAG0130.JPG,animal,0.869,2025:12:10 15:07:11,"[1802.698486328125, 877.8038940429688, 1932.7894287109375, 1133.0120849609375]",2025-12-10 15:07:11
IMAG1548.JPG,Empty,0.0,2026:01:03 19:29:58,,2026-01-03 19:29:58
IMAG2041.JPG,Empty,0.0,2026:01:09 00:41:31,,2026-01-09 00:41:31
IMAG2096.JPG,animal,0.333,2026:01:09 17:28:00,"[1123.5216064453125, 1138.376220703125, 1228.0596923828125, 1227.7054443359375]",2026-01-09 17:28:00
IMAG2096.JPG,animal,0.312,2026:01:09 17:28:00,"[445.666259765625, 1118.1805419921875, 496.87884521484375, 1174.69287109375]",2026-01-09 17:28:00
IMAG2082.JPG,Empty,0.0,2026:01:09 13:52:14,,2026-01-09 13:52:14
IMAG2083.JPG,animal,0.973,2026:01:09 14:02:16,"[350.3755798339844, 727.130615234375, 1257.9117431640625, 1468.955078125]",2026-01-09 14:02:16
IMAG2097.JPG,Empty,0.0,2026:01:09 17:39:10,,2026-01-09 17:39:10
IMAG0131.JPG,animal,0.949,2025:12:10 15:20:44,"[941.7047729492188, 1074.125732421875, 1333.171142578125, 1450.585205078125]",2025-12-10 15:20:44
IMAG2040.JPG,animal,0.967,2026:01:09 00:30:26,"[258.644775390625, 738.7919921875, 1200.189697265625, 1470.4111328125]",2026-01-09 00:30:26
IMAG1549.JPG,Empty,0.0,2026:01:03 19:40:07,,2026-01-03 19:40:07
IMAG2054.JPG,animal,0.831,2026:01:09 03:55:52,"[0.0, 174.60440063476562, 577.3103637695312, 1468.89501953125]",2026-01-09 03:55:52
IMAG2054.JPG,animal,0.767,2026:01:09 03:55:52,"[672.246826171875, 1164.860107421875, 817.0679931640625, 1347.37158203125]",2026-01-09 03:55:52
IMAG2054.JPG,animal,0.414,2026:01:09 03:55:52,"[843.6689453125, 721.8729858398438, 1115.126708984375, 804.2315673828125]",2026-01-09 03:55:52
IMAG0125.JPG,animal,0.84,2025:12:10 14:01:57,"[701.3899536132812, 911.0896606445312, 766.2845458984375, 1130.8990478515625]",2025-12-10 14:01:57
IMAG0125.JPG,animal,0.715,2025:12:10 14:01:57,"[0.0, 953.5504150390625, 105.95733642578125, 1151.288818359375]",2025-12-10 14:01:57
IMAG1575.JPG,animal,0.877,2026:01:04 01:22:46,"[1534.7801513671875, 36.055763244628906, 2048.0, 1144.173095703125]",2026-01-04 01:22:46
IMAG2068.JPG,Empty,0.0,2026:01:09 09:23:32,,2026-01-09 09:23:32
IMAG1561.JPG,animal,0.964,2026:01:03 22:48:14,"[972.5294189453125, 682.8611450195312, 1440.60693359375, 1243.083984375]",2026-01-03 22:48:14
IMAG0119.JPG,Empty,0.0,2025:12:10 11:58:24,,2025-12-10 11:58:24
IMAG2281.JPG,Empty,0.0,2026:01:12 12:14:02,,2026-01-12 12:14:02
IMAG1788.JPG,animal,0.888,2026:01:06 16:57:14,"[1062.606689453125, 1188.333251953125, 1293.6412353515625, 1457.3653564453125]",2026-01-06 16:57:14
IMAG1950.JPG,animal,0.901,2026:01:08 05:17:25,"[0.27788084745407104, 152.15725708007812, 438.339111328125, 956.3768310546875]",2026-01-08 05:17:25
IMAG1944.JPG,Empty,0.0,2026:01:08 03:35:13,,2026-01-08 03:35:13
IMAG2295.JPG,Empty,0.0,2026:01:12 18:08:46,,2026-01-12 18:08:46
IMAG1978.JPG,Empty,0.0,2026:01:08 11:08:27,,2026-01-08 11:08:27
IMAG1993.JPG,Empty,0.0,2026:01:08 14:42:48,,2026-01-08 14:42:48
IMAG2242.JPG,animal,0.586,2026:01:11 18:01:34,"[304.978515625, 173.20907592773438, 477.7974548339844, 275.124267578125]",2026-01-11 18:01:34
IMAG2256.JPG,animal,0.947,2026:01:12 03:54:11,"[0.21979980170726776, 0.0, 776.45556640625, 1137.247314453125]",2026-01-12 03:54:11
IMAG1987.JPG,Empty,0.0,2026:01:08 13:33:39,,2026-01-08 13:33:39
IMAG1777.JPG,Empty,0.0,2026:01:06 15:04:06,,2026-01-06 15:04:06
IMAG1763.JPG,Empty,0.0,2026:01:06 11:53:59,,2026-01-06 11:53:59
IMAG1824.JPG,animal,0.866,2026:01:07 02:33:08,"[1076.4906005859375, 400.67315673828125, 2047.77734375, 1399.08837890625]",2026-01-07 02:33:08
IMAG1830.JPG,animal,0.932,2026:01:07 03:42:51,"[1208.6563720703125, 415.6103515625, 1589.526123046875, 1154.2509765625]",2026-01-07 03:42:51
IMAG1818.JPG,Empty,0.0,2026:01:07 00:54:12,,2026-01-07 00:54:12
IMAG2336.JPG,Empty,0.0,2026:01:13 17:32:20,,2026-01-13 17:32:20
IMAG2450.JPG,animal,0.861,2026:01:17 01:05:09,"[1633.65869140625, 15.084716796875, 2048.0, 1146.3128662109375]",2026-01-17 01:05:09
IMAG2444.JPG,animal,0.972,2026:01:16 20:31:25,"[0.0, 586.0452270507812, 1057.2796630859375, 1470.8446044921875]",2026-01-16 20:31:25
IMAG2322.JPG,Empty,0.0,2026:01:13 11:09:54,,2026-01-13 11:09:54
IMAG1603.JPG,Empty,0.0,2026:01:04 09:24:58,,2026-01-04 09:24:58
IMAG1617.JPG,animal,0.926,2026:01:04 12:34:11,"[498.6476135253906, 828.2764892578125, 729.4888305664062, 1151.5555419921875]",2026-01-04 12:34:11
IMAG0086.JPG,Empty,0.0,2025:12:10 02:28:40,,2025-12-10 02:28:40
IMAG1398.JPG,Empty,0.0,2026:01:02 08:06:35,,2026-01-02 08:06:35
IMAG0092.JPG,animal,0.966,2025:12:10 06:39:25,"[0.2861328125, 385.46240234375, 975.8626708984375, 1469.60009765625]",2025-12-10 06:39:25
IMAG0045.JPG,Empty,0.0,2025:12:09 11:01:16,,2025-12-09 11:01:16
IMAG2134.JPG,animal,0.841,2026:01:10 04:20:00,"[1666.560546875, 0.0, 2048.0, 1195.18505859375]",2026-01-10 04:20:00
IMAG1429.JPG,animal,0.635,2026:01:02 14:17:16,"[815.2537231445312, 1056.205810546875, 931.5040893554688, 1134.7120361328125]",2026-01-02 14:17:16
IMAG2120.JPG,animal,0.892,2026:01:10 01:38:15,"[0.0, 0.0, 2048.0, 1472.328857421875]",2026-01-10 01:38:15
IMAG0051.JPG,Empty,0.0,2025:12:09 12:53:39,,2025-12-09 12:53:39
IMAG1367.JPG,Empty,0.0,2026:01:01 22:26:26,,2026-01-01 22:26:26
IMAG0079.JPG,Empty,0.0,2025:12:10 00:02:10,,2025-12-10 00:02:10
IMAG1401.JPG,animal,0.749,2026:01:02 08:37:47,"[995.8480224609375, 1224.06982421875, 1141.5120849609375, 1315.8699951171875]",2026-01-02 08:37:47
IMAG1401.JPG,animal,0.502,2026:01:02 08:37:47,"[1512.752685546875, 392.00323486328125, 1602.5869140625, 455.96307373046875]",2026-01-02 08:37:47
IMAG1401.JPG,animal,0.476,2026:01:02 08:37:47,"[1103.239501953125, 1248.87060546875, 1266.892333984375, 1385.726318359375]",2026-01-02 08:37:47
IMAG1401.JPG,animal,0.466,2026:01:02 08:37:47,"[1331.269287109375, 442.8545837402344, 1408.123291015625, 507.380859375]",2026-01-02 08:37:47
IMAG1401.JPG,animal,0.302,2026:01:02 08:37:47,"[682.07470703125, 550.6929321289062, 753.07763671875, 612.1924438476562]",2026-01-02 08:37:47
IMAG2108.JPG,animal,0.82,2026:01:09 22:02:53,"[1262.01806640625, 862.7047119140625, 1654.7650146484375, 1144.296142578125]",2026-01-09 22:02:53
IMAG1415.JPG,Empty,0.0,2026:01:02 11:17:13,,2026-01-02 11:17:13
IMAG1373.JPG,animal,0.901,2026:01:01 23:45:46,"[63.076759338378906, 673.7998046875, 575.6671752929688, 1255.775634765625]",2026-01-01 23:45:46
IMAG1403.JPG,Empty,0.0,2026:01:02 08:59:34,,2026-01-02 08:59:34
IMAG1365.JPG,Empty,0.0,2026:01:01 22:05:42,,2026-01-01 22:05:42
IMAG1371.JPG,animal,0.525,2026:01:01 23:24:30,"[1861.3857421875, 0.28010255098342896, 2048.0, 510.3143615722656]",2026-01-01 23:24:30
IMAG1417.JPG,animal,0.717,2026:01:02 11:40:53,"[755.817626953125, 1044.3997802734375, 853.8050537109375, 1145.7864990234375]",2026-01-02 11:40:53
IMAG1417.JPG,animal,0.563,2026:01:02 11:40:53,"[1653.547119140625, 318.9954833984375, 1726.866943359375, 384.38623046875]",2026-01-02 11:40:53
IMAG1417.JPG,animal,0.261,2026:01:02 11:40:53,"[1539.458984375, 0.0, 1621.879150390625, 76.48004150390625]",2026-01-02 11:40:53
IMAG2136.JPG,animal,0.869,2026:01:10 04:44:57,"[1192.765869140625, 268.9786682128906, 2047.677978515625, 1142.490234375]",2026-01-10 04:44:57
IMAG0047.JPG,animal,0.634,2025:12:09 11:31:55,"[0.125579833984375, 934.6970825195312, 138.2000274658203, 1099.467529296875]",2025-12-09 11:31:55
IMAG1359.JPG,Empty,0.0,2026:01:01 20:08:58,,2026-01-01 20:08:58
IMAG0053.JPG,Empty,0.0,2025:12:09 13:20:55,,2025-12-09 13:20:55
IMAG2122.JPG,animal,0.97,2026:01:10 02:12:45,"[523.7178955078125, 551.0330810546875, 1114.4437255859375, 1250.325927734375]",2026-01-10 02:12:45
IMAG2122.JPG,animal,0.948,2026:01:10 02:12:45,"[1234.697509765625, 602.2044677734375, 1724.3450927734375, 1129.07421875]",2026-01-10 02:12:45
IMAG0084.JPG,animal,0.937,2025:12:10 01:52:01,"[1604.6082763671875, 415.380859375, 2048.0, 1131.247314453125]",2025-12-10 01:52:01
IMAG0090.JPG,animal,0.923,2025:12:10 04:09:22,"[1602.0577392578125, 444.69720458984375, 2048.0, 1125.859619140625]",2025-12-10 04:09:22
IMAG1601.JPG,animal,0.445,2026:01:04 09:02:09,"[674.2503051757812, 1182.115966796875, 735.1866455078125, 1265.41455078125]",2026-01-04 09:02:09
IMAG1601.JPG,animal,0.435,2026:01:04 09:02:09,"[900.4202880859375, 1155.4071044921875, 990.0050659179688, 1230.5272216796875]",2026-01-04 09:02:09
IMAG1601.JPG,animal,0.344,2026:01:04 09:02:09,"[806.6613159179688, 1188.8812255859375, 872.4083862304688, 1264.870361328125]",2026-01-04 09:02:09
IMAG2308.JPG,animal,0.962,2026:01:13 07:28:05,"[1474.07177734375, 176.07852172851562, 2047.9007568359375, 1139.295654296875]",2026-01-13 07:28:05
IMAG1615.JPG,Empty,0.0,2026:01:04 11:50:00,,2026-01-04 11:50:00
IMAG2452.JPG,Empty,0.0,2026:01:17 01:42:06,,2026-01-17 01:42:06
IMAG2334.JPG,animal,0.9,2026:01:13 15:25:26,"[441.92822265625, 884.0787963867188, 827.9129028320312, 1272.7745361328125]",2026-01-13 15:25:26
IMAG1629.JPG,Empty,0.0,2026:01:04 15:19:59,,2026-01-04 15:19:59
IMAG2320.JPG,Empty,0.0,2026:01:13 10:36:09,,2026-01-13 10:36:09
IMAG2446.JPG,Empty,0.0,2026:01:16 22:21:35,,2026-01-16 22:21:35
IMAG1826.JPG,animal,0.953,2026:01:07 03:00:09,"[1442.149658203125, 122.7802734375, 2048.0, 1146.083251953125]",2026-01-07 03:00:09
IMAG1826.JPG,animal,0.945,2026:01:07 03:00:09,"[338.59527587890625, 636.179931640625, 1219.8740234375, 1393.8353271484375]",2026-01-07 03:00:09
IMAG1832.JPG,animal,0.977,2026:01:07 04:02:52,"[0.03867187350988388, 203.75186157226562, 983.4295043945312, 1468.771728515625]",2026-01-07 04:02:52
IMAG1832.JPG,animal,0.821,2026:01:07 04:02:52,"[872.8349609375, 722.5294189453125, 1376.5543212890625, 1218.0089111328125]",2026-01-07 04:02:52
IMAG1775.JPG,Empty,0.0,2026:01:06 14:23:35,,2026-01-06 14:23:35
IMAG2268.JPG,animal,0.844,2026:01:12 08:23:08,"[1079.990966796875, 1219.363525390625, 1151.496826171875, 1357.447509765625]",2026-01-12 08:23:08
IMAG1761.JPG,Empty,0.0,2026:01:06 11:31:10,,2026-01-06 11:31:10
IMAG2240.JPG,animal,0.948,2026:01:11 17:23:09,"[0.8150879144668579, 263.95208740234375, 652.3494873046875, 792.4773559570312]",2026-01-11 17:23:09
IMAG2240.JPG,animal,0.941,2026:01:11 17:23:09,"[919.9103393554688, 642.0330200195312, 1046.0982666015625, 1148.4185791015625]",2026-01-11 17:23:09
IMAG1749.JPG,animal,0.389,2026:01:06 09:01:45,"[1364.300048828125, 567.337646484375, 1420.5211181640625, 617.0604248046875]",2026-01-06 09:01:45
IMAG1991.JPG,animal,0.929,2026:01:08 14:21:37,"[1224.3331298828125, 691.7181396484375, 1368.7401123046875, 895.7974853515625]",2026-01-08 14:21:37
IMAG1985.JPG,Empty,0.0,2026:01:08 13:12:44,,2026-01-08 13:12:44
IMAG2254.JPG,animal,0.763,2026:01:12 02:01:05,"[221.01220703125, 872.3192138671875, 535.6791381835938, 1124.51708984375]",2026-01-12 02:01:05
IMAG1952.JPG,animal,0.954,2026:01:08 05:38:28,"[1544.194580078125, 466.41131591796875, 2047.955810546875, 1142.113037109375]",2026-01-08 05:38:28
IMAG2283.JPG,Empty,0.0,2026:01:12 12:55:37,,2026-01-12 12:55:37
IMAG2297.JPG,Empty,0.0,2026:01:12 19:07:59,,2026-01-12 19:07:59
IMAG1946.JPG,animal,0.956,2026:01:08 03:58:23,"[392.45184326171875, 1135.986328125, 896.9318237304688, 1448.6728515625]",2026-01-08 03:58:23
IMAG1577.JPG,Empty,0.0,2026:01:04 02:18:28,,2026-01-04 02:18:28
IMAG1563.JPG,animal,0.988,2026:01:03 23:08:16,"[1.031152367591858, 0.0, 2045.2164306640625, 1468.229736328125]",2026-01-03 23:08:16
IMAG2042.JPG,animal,0.929,2026:01:09 00:52:13,"[562.7894287109375, 1005.5628051757812, 899.6310424804688, 1247.844482421875]",2026-01-09 00:52:13
IMAG0133.JPG,animal,0.915,2025:12:10 15:49:27,"[1550.3338623046875, 951.12646484375, 1730.140625, 1129.73193359375]",2025-12-10 15:49:27
IMAG0133.JPG,animal,0.788,2025:12:10 15:49:27,"[860.6866455078125, 1021.2069091796875, 920.5067138671875, 1128.0450439453125]",2025-12-10 15:49:27
IMAG0127.JPG,Empty,0.0,2025:12:10 14:23:20,,2025-12-10 14:23:20
IMAG2056.JPG,animal,0.855,2026:01:09 04:45:00,"[892.8117065429688, 1063.434326171875, 1044.8831787109375, 1258.767822265625]",2026-01-09 04:45:00
IMAG2081.JPG,Empty,0.0,2026:01:09 13:33:03,,2026-01-09 13:33:03
IMAG1588.JPG,Empty,0.0,2026:01:04 06:16:00,,2026-01-04 06:16:00
IMAG2095.JPG,Empty,0.0,2026:01:09 17:17:57,,2026-01-09 17:17:57
IMAG2094.JPG,animal,0.961,2026:01:09 17:03:24,"[0.0, 0.0, 2048.0, 1472.5941162109375]",2026-01-09 17:03:24
IMAG1589.JPG,Empty,0.0,2026:01:04 06:36:04,,2026-01-04 06:36:04
IMAG2080.JPG,animal,0.791,2026:01:09 13:05:27,"[568.6669921875, 1266.792236328125, 691.74853515625, 1374.4525146484375]",2026-01-09 13:05:27
IMAG2080.JPG,animal,0.382,2026:01:09 13:05:27,"[881.5059814453125, 1180.989013671875, 966.2645263671875, 1266.0860595703125]",2026-01-09 13:05:27
IMAG0126.JPG,Empty,0.0,2025:12:10 14:13:09,,2025-12-10 14:13:09
IMAG2057.JPG,animal,0.77,2026:01:09 05:32:16,"[1182.3016357421875, 1029.88427734375, 1302.4171142578125, 1213.4669189453125]",2026-01-09 05:32:16
IMAG2043.JPG,animal,0.896,2026:01:09 01:06:24,"[482.822021484375, 1060.022216796875, 658.2933349609375, 1335.5013427734375]",2026-01-09 01:06:24
IMAG0132.JPG,animal,0.901,2025:12:10 15:36:45,"[1076.582763671875, 946.7219848632812, 1289.779052734375, 1234.067626953125]",2025-12-10 15:36:45
IMAG1562.JPG,animal,0.954,2026:01:03 22:58:15,"[144.4545440673828, 671.948486328125, 972.5138549804688, 1271.45703125]",2026-01-03 22:58:15
IMAG1576.JPG,animal,0.674,2026:01:04 02:02:59,"[1256.4449462890625, 1021.0462646484375, 1470.691162109375, 1136.9033203125]",2026-01-04 02:02:59
IMAG1947.JPG,animal,0.628,2026:01:08 04:08:32,"[1130.2418212890625, 1019.9207763671875, 1434.7431640625, 1353.1114501953125]",2026-01-08 04:08:32
IMAG1947.JPG,animal,0.497,2026:01:08 04:08:32,"[1272.823974609375, 1021.1890869140625, 1436.2491455078125, 1148.732666015625]",2026-01-08 04:08:32
IMAG2296.JPG,Empty,0.0,2026:01:12 18:19:07,,2026-01-12 18:19:07
IMAG2282.JPG,Empty,0.0,2026:01:12 12:35:39,,2026-01-12 12:35:39
IMAG1953.JPG,animal,0.82,2026:01:08 05:59:00,"[621.5186157226562, 989.9364013671875, 918.2872924804688, 1240.8731689453125]",2026-01-08 05:59:00
IMAG2255.JPG,animal,0.929,2026:01:12 02:13:58,"[152.5691375732422, 893.7677001953125, 885.6199951171875, 1355.174560546875]",2026-01-12 02:13:58
IMAG1984.JPG,animal,0.95,2026:01:08 12:29:53,"[0.22087402641773224, 770.2970581054688, 293.5300598144531, 1460.4224853515625]",2026-01-08 12:29:53
IMAG1984.JPG,animal,0.858,2026:01:08 12:29:53,"[428.50335693359375, 933.9444580078125, 591.6224975585938, 1149.0389404296875]",2026-01-08 12:29:53
IMAG1990.JPG,Empty,0.0,2026:01:08 14:09:28,,2026-01-08 14:09:28
IMAG1748.JPG,animal,0.948,2026:01:06 08:51:42,"[1269.964599609375, 757.7033081054688, 1484.7762451171875, 1145.7613525390625]",2026-01-06 08:51:42
IMAG2241.JPG,animal,0.96,2026:01:11 17:33:47,"[1393.782470703125, 675.3458251953125, 1821.140380859375, 1138.16162109375]",2026-01-11 17:33:47
IMAG1760.JPG,animal,0.919,2026:01:06 11:18:51,"[1627.516845703125, 663.5528564453125, 2046.162109375, 1139.5155029296875]",2026-01-06 11:18:51
IMAG1760.JPG,animal,0.901,2026:01:06 11:18:51,"[1552.1873779296875, 799.1300659179688, 1776.814697265625, 1066.4351806640625]",2026-01-06 11:18:51
IMAG2269.JPG,Empty,0.0,2026:01:12 08:34:10,,2026-01-12 08:34:10
IMAG1774.JPG,Empty,0.0,2026:01:06 14:12:27,,2026-01-06 14:12:27
IMAG1833.JPG,animal,0.964,2026:01:07 04:12:55,"[1053.0198974609375, 480.6663513183594, 1982.366943359375, 1336.185546875]",2026-01-07 04:12:55
IMAG1827.JPG,animal,0.963,2026:01:07 03:11:41,"[0.473876953125, 0.683642566204071, 971.615234375, 1094.4661865234375]",2026-01-07 03:11:41
IMAG2321.JPG,animal,0.963,2026:01:13 10:58:04,"[1753.3177490234375, 687.7283935546875, 2047.9466552734375, 1136.687255859375]",2026-01-13 10:58:04
IMAG2321.JPG,animal,0.797,2026:01:13 10:58:04,"[1691.9986572265625, 1024.171630859375, 1798.6842041015625, 1137.17919921875]",2026-01-13 10:58:04
IMAG1628.JPG,animal,0.735,2026:01:04 15:02:59,"[413.7223205566406, 845.3654174804688, 701.6060180664062, 1016.5302734375]",2026-01-04 15:02:59
IMAG1628.JPG,animal,0.677,2026:01:04 15:02:59,"[836.6337890625, 1002.6926879882812, 948.8118896484375, 1134.465087890625]",2026-01-04 15:02:59
IMAG2447.JPG,Empty,0.0,2026:01:16 22:49:22,,2026-01-16 22:49:22
IMAG2453.JPG,animal,0.968,2026:01:17 01:55:39,"[0.0, 0.7974609136581421, 1514.2857666015625, 1471.3853759765625]",2026-01-17 01:55:39
IMAG2335.JPG,Empty,0.0,2026:01:13 17:21:03,,2026-01-13 17:21:03
IMAG1614.JPG,animal,0.947,2026:01:04 11:39:01,"[3.5869140625, 526.5426025390625, 1277.0928955078125, 1414.287841796875]",2026-01-04 11:39:01
IMAG1614.JPG,animal,0.567,2026:01:04 11:39:01,"[347.47210693359375, 941.0628051757812, 583.6309204101562, 1148.8485107421875]",2026-01-04 11:39:01
IMAG2309.JPG,animal,0.977,2026:01:13 07:38:07,"[178.836669921875, 42.655372619628906, 1015.6051025390625, 1465.168212890625]",2026-01-13 07:38:07
IMAG1600.JPG,animal,0.782,2026:01:04 08:52:06,"[827.6814575195312, 1209.477783203125, 901.8062744140625, 1286.7353515625]",2026-01-04 08:52:06
IMAG1600.JPG,animal,0.767,2026:01:04 08:52:06,"[648.7000732421875, 1191.7515869140625, 730.1080932617188, 1294.529296875]",2026-01-04 08:52:06
IMAG1600.JPG,animal,0.423,2026:01:04 08:52:06,"[1172.3101806640625, 1204.8426513671875, 1248.1568603515625, 1265.7784423828125]",2026-01-04 08:52:06
IMAG0091.JPG,animal,0.62,2025:12:10 06:14:20,"[1571.6820068359375, 180.2265625, 2048.0, 1389.0703125]",2025-12-10 06:14:20
IMAG0085.JPG,animal,0.896,2025:12:10 02:02:40,"[1641.675537109375, 433.03106689453125, 2048.0, 1147.2799072265625]",2025-12-10 02:02:40
IMAG0052.JPG,animal,0.845,2025:12:09 13:07:50,"[511.88250732421875, 904.20849609375, 708.1442260742188, 1138.382080078125]",2025-12-09 13:07:50
IMAG2123.JPG,animal,0.915,2026:01:10 02:22:46,"[0.6092284917831421, 1.4324219226837158, 803.8253173828125, 1472.4598388671875]",2026-01-10 02:22:46
IMAG2137.JPG,animal,0.976,2026:01:10 04:54:57,"[1.892578125, 0.404541015625, 2042.9163818359375, 1470.625]",2026-01-10 04:54:57
IMAG2137.JPG,animal,0.845,2026:01:10 04:54:57,"[1180.7044677734375, 513.3541870117188, 1882.3802490234375, 1143.3428955078125]",2026-01-10 04:54:57
IMAG2137.JPG,animal,0.736,2026:01:10 04:54:57,"[1719.6500244140625, 777.8435668945312, 2048.0, 1118.7642822265625]",2026-01-10 04:54:57
IMAG1358.JPG,Empty,0.0,2026:01:01 19:58:19,,2026-01-01 19:58:19
IMAG0046.JPG,animal,0.326,2025:12:09 11:11:45,"[1090.5621337890625, 1312.2425537109375, 1191.4117431640625, 1401.9390869140625]",2025-12-09 11:11:45
IMAG1370.JPG,animal,0.966,2026:01:01 23:01:03,"[1104.7099609375, 418.5069885253906, 2048.0, 1336.235107421875]",2026-01-01 23:01:03
IMAG1416.JPG,animal,0.684,2026:01:02 11:30:36,"[627.80322265625, 1039.443115234375, 773.2037353515625, 1125.678955078125]",2026-01-02 11:30:36
IMAG1402.JPG,Empty,0.0,2026:01:02 08:48:27,,2026-01-02 08:48:27
IMAG1364.JPG,Empty,0.0,2026:01:01 21:41:06,,2026-01-01 21:41:06
